fund_id,fund_name,fund_nickname,company,rakuten_category,asset_type,region,region_japan_pct,region_us_pct,region_em_pct,is_index,is_leveraged,is_currency_select,has_currency_hedge,is_monthly_payout,payout_type,expense_ratio,aum_oku_yen,operation_years,fund_score_1y,fund_score_3y,fund_score_5y,fund_score_10y,return_6m,return_1y,return_3y,return_5y,return_10y,return_inception,sharpe_1y,sharpe_3y,sharpe_5y,sharpe_10y,stddev_1y,stddev_3y,stddev_5y,stddev_10y,is_nisa_growth_eligible,data_updated_at,philosophy_tags
JP90C000H1T1,eMAXISSlim全世界株式(ｵｰﾙ･ｶﾝﾄﾘｰ),オルカン,三菱UFJｱｾｯﾄ,先進国・新興国株式（広域）-為替ヘッジ無し,株式,world,0.06,0.62,0.11,False,False,False,False,False,none,0.05775,114519.69,7.0,3,4,5,,21.0,40.94,25.41,19.05,,17.61,2.99,1.6,1.17,,11.51,14.66,15.82,,True,2026-05-08,global_diversified|high_risk
JP90C000GKC6,eMAXISSlim米国株式(S&amp;P500),,三菱UFJｱｾｯﾄ,米国株式-為替ヘッジ無し,株式,us,0.0,1.0,0.0,False,False,False,False,False,none,0.0814,113200.36,7.0,3,4,5,,17.27,39.86,26.87,21.25,,19.2,2.61,1.53,1.19,,12.96,16.21,17.3,,True,2026-05-08,high_risk|us_centric
JP90C000Q2W2,楽天･ﾌﾟﾗｽ･ｵｰﾙｶﾝﾄﾘｰ株式ｲﾝﾃﾞｯｸｽ･ﾌｧﾝﾄﾞ,楽天・プラス・オールカントリー,楽天,先進国・新興国株式（広域）-為替ヘッジ無し,株式,world,0.06,0.62,0.11,False,False,False,False,False,none,0.0561,8189.9,1.5,3,,,,21.03,40.93,,,,26.23,2.99,,,,11.52,,,,True,2026-05-08,medium_risk
JP90C000QF22,楽天･ﾌﾟﾗｽ･NASDAQ-100ｲﾝﾃﾞｯｸｽ･ﾌｧﾝﾄﾞ,楽天・プラス・NASDAQ-100,楽天,米国株式-為替ヘッジ無し,株式,us,0.0,1.0,0.0,True,False,False,False,False,none,0.198,2094.76,1.5,4,,,,18.74,49.89,,,,24.28,2.57,,,,16.06,,,,True,2026-05-08,medium_risk|passive_index|tech_heavy|us_centric
JP90C000Q2U6,楽天･ﾌﾟﾗｽ･S&amp;P500ｲﾝﾃﾞｯｸｽ･ﾌｧﾝﾄﾞ,楽天・プラス・Ｓ＆Ｐ５００,楽天,米国株式-為替ヘッジ無し,株式,world,0.06,0.62,0.11,False,False,False,False,False,none,0.077,10173.58,1.5,3,,,,17.26,39.86,,,,26.71,2.61,,,,12.96,,,,True,2026-05-08,medium_risk
JP90C000ENA9,eMAXISSlim国内株式(TOPIX),,三菱UFJｱｾｯﾄ,国内株式,株式,japan,1.0,0.0,0.0,True,False,False,False,False,none,0.143,6719.0,7.0,2,3,4,,27.98,41.74,24.3,16.68,,12.37,2.57,1.37,1.04,,13.73,16.65,15.93,,True,2026-05-08,high_risk|japan_centric|passive_index
JP90C000FZD4,iFreeNEXTFANG+インデックス,,大和,米国株式-為替ヘッジ無し,株式,us,0.0,1.0,0.0,True,False,False,False,False,none,0.7755,11843.54,7.0,3,5,4,,-4.43,37.24,44.05,28.16,,31.04,1.56,1.52,1.01,,21.31,26.03,28.43,,True,2026-05-08,passive_index|tech_heavy|us_centric|very_high_risk
JP90C000FHD2,楽天・全米株式インデックス・ファンド,楽天・VTI,楽天,米国株式-為替ヘッジ無し,株式,us,0.0,1.0,0.0,True,False,False,False,False,none,0.162,24643.37,7.0,3,5,5,,17.95,40.13,26.45,19.92,,17.97,2.62,1.51,1.11,,13.01,16.26,17.64,,True,2026-05-08,high_risk|passive_index|us_centric
JP90C000FXV1,ｅＭＡＸＩＳＳｌｉｍ国内株式（日経平均）,,三菱UFJｱｾｯﾄ,国内株式,株式,japan,1.0,0.0,0.0,True,False,False,False,False,none,0.143,4120.62,7.0,4,4,3,,30.99,64.18,28.98,17.22,,15.25,2.68,1.35,0.92,,18.98,20.19,18.97,,True,2026-05-08,high_risk|japan_centric|passive_index
JP90C000QAU8,楽天･ﾌﾟﾗｽ･日経225ｲﾝﾃﾞｯｸｽ･ﾌｧﾝﾄﾞ,楽天・プラス・日経２２５,楽天,国内株式,株式,japan,1.0,0.0,0.0,True,False,False,False,False,none,0.132,797.33,1.5,4,,,,30.91,64.09,,,,29.36,2.68,,,,18.95,,,,True,2026-05-08,japan_centric|medium_risk|passive_index
JP90C000R6N1,楽天･ｼｭﾜﾌﾞ･高配当株式･米国ﾌｧﾝﾄﾞ(四半期決算型),楽天・SCHD,楽天,米国株式-為替ヘッジ無し,株式,us,0.0,1.0,0.0,False,False,False,False,False,none,0.1238,2229.17,1.5,3,,,,54.14,38.6,,,,16.34,2.47,,,,13.35,,,,True,2026-05-08,active_diversified|dividend_focused|medium_risk|us_centric
JP90C000FHC4,楽天・全世界株式インデックス・ファンド,楽天・ＶＴ,楽天,先進国・新興国株式（広域）-為替ヘッジ無し,株式,world,0.06,0.62,0.11,True,False,False,False,False,none,0.178,8555.12,7.0,2,3,4,,23.09,41.5,24.81,18.3,,15.19,2.97,1.56,1.12,,11.73,14.76,15.97,,True,2026-05-08,global_diversified|high_risk|passive_index
JP90C000QF30,楽天･ﾌﾟﾗｽ･SOXｲﾝﾃﾞｯｸｽ･ﾌｧﾝﾄﾞ,楽天・プラス・SOX,楽天,米国株式-為替ヘッジ無し,株式,us,0.0,1.0,0.0,True,False,False,False,False,none,0.176,411.8,1.5,5,,,,119.08,164.16,,,,48.69,3.44,,,,29.57,,,,True,2026-05-08,high_risk|passive_index|tech_heavy|us_centric
JP90C000QZ44,ｅＭＡＸＩＳ 日経半導体株インデックス,,三菱UFJｱｾｯﾄ,国内株式,株式,japan,1.0,0.0,0.0,True,False,False,False,False,none,0.297,356.8,1.5,5,,,,148.36,180.02,,,,47.06,3.12,,,,34.97,,,,True,2026-05-08,japan_centric|medium_risk|passive_index|tech_heavy
JP90C000CMF4,たわらノーロード　日経２２５,,AMOne,国内株式,株式,japan,1.0,0.0,0.0,True,False,False,False,False,none,0.143,4279.17,12.0,4,4,3,4,30.94,64.12,28.93,17.18,15.9,13.52,2.68,1.35,0.92,0.84,18.97,20.19,18.97,19.77,True,2026-05-08,high_risk|japan_centric|passive_index
JP90C000PDZ3,ﾆｯｾｲSOX指数ｲﾝﾃﾞｯｸｽﾌｧﾝﾄﾞ(米国半導体株)&lt;購入･換金手数料なし&gt;,,ﾆｯｾｲ,米国株式-為替ヘッジ無し,株式,us,0.0,1.0,0.0,True,False,False,False,False,none,0.1815,962.98,4.0,5,5,,,118.57,164.65,58.33,,,56.97,3.43,1.54,,,29.71,33.46,,,True,2026-05-08,passive_index|tech_heavy|us_centric|very_high_risk
JP90C0007G10,三菱ＵＦＪ 純金ファンド,ファインゴールド,三菱UFJｱｾｯﾄ,金関連-為替ヘッジ無し,株式,world,0.06,0.62,0.11,False,False,False,False,False,none,0.99,9731.35,12.0,2,,,,27.24,50.19,36.48,27.94,16.73,11.51,1.32,1.41,1.32,1.01,35.03,23.98,20.05,16.63,True,2026-05-08,high_risk
JP90C000ENC5,eMAXISSlim先進国株式ｲﾝﾃﾞｯｸｽ(除く日本),,三菱UFJｱｾｯﾄ,先進国株式（広域）-為替ヘッジ無し,株式,world,0.06,0.62,0.11,False,False,False,False,False,none,0.09889,12626.0,7.0,4,5,5,,18.68,38.63,25.31,19.95,,16.79,2.79,1.57,1.18,,11.78,14.94,16.41,,True,2026-05-08,developed_only|high_risk|japan_centric
JP90C0006G52,野村世界業種別投資ｼﾘｰｽﾞ(世界半導体株投資),,野村,先進国株式（広域）-為替ヘッジ無し,株式,world,0.06,0.62,0.11,False,False,False,False,False,none,1.65,8543.4,12.0,5,5,4,4,70.02,147.07,70.45,45.81,38.74,26.63,3.43,1.76,1.32,1.24,27.46,33.49,32.43,29.92,True,2026-05-08,global_diversified|tech_heavy|very_high_risk
JP90C000PDY6,ﾆｯｾｲNASDAQ100ｲﾝﾃﾞｯｸｽﾌｧﾝﾄﾞ&lt;購入･換金手数料なし&gt;,,ﾆｯｾｲ,米国株式-為替ヘッジ無し,株式,us,0.0,1.0,0.0,True,False,False,False,False,none,0.2035,5156.74,4.0,4,4,,,18.76,49.92,33.91,,,34.89,2.57,1.53,,,16.07,20.28,,,True,2026-05-08,high_risk|passive_index|tech_heavy|us_centric
JP90C0001R39,ニッセイ日経２２５インデックスファンド,,ﾆｯｾｲ,国内株式,株式,japan,1.0,0.0,0.0,True,False,False,False,False,none,0.275,4609.81,12.0,4,4,3,4,30.79,64.01,28.84,17.08,15.85,9.67,2.68,1.34,0.92,0.84,18.98,20.18,18.97,19.78,True,2026-05-08,high_risk|japan_centric|passive_index
JP90C000B1F6,東京海上･円資産ﾊﾞﾗﾝｽﾌｧﾝﾄﾞ(年1回決算型),円奏会（年１回決算型）,東京海上,バランス（可変配分）-為替ヘッジ有り,バランス,world,0.06,0.62,0.11,False,False,False,False,False,none,0.924,814.24,12.0,1,1,1,1,-5.89,-1.32,-1.23,-1.66,-0.59,0.07,-0.52,-0.42,-0.54,-0.16,3.63,3.51,3.33,3.72,True,2026-05-08,low_risk
JP90C000H373,日経平均高配当利回り株ファンド,,三菱UFJｱｾｯﾄ,国内株式,株式,japan,1.0,0.0,0.0,True,False,False,False,False,none,0.693,2710.04,7.0,2,2,4,,34.93,33.56,24.0,23.04,,15.89,2.01,1.4,1.39,,14.62,16.15,15.68,,True,2026-05-08,dividend_focused|high_risk|japan_centric|passive_index
JP90C000G631,eMAXISSlim全世界株式(除く日本),,三菱UFJｱｾｯﾄ,先進国・新興国株式（広域）-為替ヘッジ無し,株式,world,0.06,0.62,0.11,False,False,False,False,False,none,0.05775,11091.68,7.0,3,5,5,,20.71,40.87,25.45,19.21,,17.48,2.93,1.59,1.17,,11.75,14.78,16.04,,True,2026-05-08,global_diversified|high_risk|japan_centric
JP90C000PYH7,世界半導体関連フォーカスファンド,,SBI岡三,先進国株式（広域）-為替ヘッジ無し,株式,world,0.06,0.62,0.11,False,False,False,False,False,none,1.948,2471.79,1.5,5,,,,176.43,222.78,,,,55.49,4.0,,,,30.59,,,,True,2026-05-08,global_diversified|medium_risk|tech_heavy
JP90C000END3,eMAXISSlim先進国債券ｲﾝﾃﾞｯｸｽ(除く日本),,三菱UFJｱｾｯﾄ,先進国債券（広域・高格付）-為替ヘッジ無し,債券,world,0.06,0.62,0.11,False,False,False,False,False,none,0.154,2253.8,7.0,4,5,4,,6.26,11.89,8.2,5.73,,4.67,1.57,1.08,0.76,,6.93,7.28,7.46,,True,2026-05-08,developed_only|japan_centric|low_risk
JP90C000L9D2,eMAXIS NASDAQ100ｲﾝﾃﾞｯｸｽ,,三菱UFJｱｾｯﾄ,米国株式-為替ヘッジ無し,株式,us,0.0,1.0,0.0,True,False,False,False,False,none,0.2035,2491.49,7.0,4,4,4,,18.74,49.85,33.73,24.1,,23.52,2.57,1.52,1.1,,16.06,20.28,21.65,,True,2026-05-08,high_risk|passive_index|tech_heavy|us_centric
JP90C000SGQ9,楽天･ｺﾞｰﾙﾄﾞ･ﾌｧﾝﾄﾞ(為替ﾍｯｼﾞなし),楽天・ゴールド（為替ヘッジなし）,楽天,金関連-為替ヘッジ無し,株式,world,0.06,0.62,0.11,False,False,False,False,False,none,0.2925,257.03,,,,,,,,,,,,,,,,,,,,True,2026-05-08,medium_risk
JP90C000F7H5,eMAXISSlim新興国株式ｲﾝﾃﾞｯｸｽ,,三菱UFJｱｾｯﾄ,新興国株式（広域）-為替ヘッジ無し,株式,em,0.0,0.0,1.0,False,False,False,False,False,none,0.1518,3891.75,7.0,4,4,4,,35.87,58.27,25.95,13.88,,11.26,2.93,1.43,0.82,,15.95,16.99,17.58,,True,2026-05-08,em_centric|high_risk
JP90C000QF97,Tracers日経平均高配当株50ｲﾝﾃﾞｯｸｽ(奇数月分配型),,ｱﾓｰｳﾞｧAM,国内株式,株式,japan,1.0,0.0,0.0,True,False,False,False,False,none,0.10725,521.54,1.5,3,,,,49.14,46.61,,,,24.35,2.48,,,,15.74,,,,True,2026-05-08,dividend_focused|japan_centric|medium_risk|passive_index
JP90C000BRT6,ﾆｯｾｲTOPIXｲﾝﾃﾞｯｸｽﾌｧﾝﾄﾞ&lt;購入･換金手数料なし&gt;,,ﾆｯｾｲ,国内株式,株式,japan,1.0,0.0,0.0,True,False,False,False,False,none,0.143,1272.41,12.0,2,2,4,3,27.93,41.73,24.28,16.64,13.55,10.35,2.57,1.37,1.04,0.81,13.74,16.64,15.92,17.51,True,2026-05-08,high_risk|japan_centric|passive_index
JP90C000ENB7,ｅＭＡＸＩＳＳｌｉｍ国内債券インデックス,,三菱UFJｱｾｯﾄ,国内債券,債券,japan,1.0,0.0,0.0,True,False,False,False,False,none,0.132,331.93,7.0,2,2,3,,-8.9,-6.63,-4.39,-3.31,,-1.62,-2.79,-1.4,-1.15,,2.67,3.39,3.04,,True,2026-05-08,japan_centric|low_risk|passive_index
JP90C000QLW1,一歩先いくUSﾃｯｸ･ﾄｯﾌﾟ20ｲﾝﾃﾞｯｸｽ,,大和,米国株式-為替ヘッジ無し,株式,world,0.06,0.62,0.11,False,False,False,False,False,none,0.495,665.71,1.5,4,,,,2.81,53.66,,,,29.23,2.09,,,,21.42,,,,True,2026-05-08,medium_risk
JP90C000RGT5,楽天･高配当株式･日本ﾌｧﾝﾄﾞ(四半期決算型),,楽天,国内株式,株式,japan,1.0,0.0,0.0,False,False,False,False,False,none,0.297,216.15,1.5,3,,,,36.65,42.79,,,,36.52,2.35,,,,15.44,,,,True,2026-05-08,active_diversified|dividend_focused|japan_centric|medium_risk
JP90C000SCP0,ＳＭＴ　日本株式モメンタムファンド,トレンドランキング・日本株,三井住友TAM,国内株式,株式,japan,1.0,0.0,0.0,False,False,False,False,False,none,0.77,221.65,,,,,,,,,,,,,,,,,,,,True,2026-05-08,japan_centric|medium_risk|momentum
JP90C000RXU8,ｽﾃｰﾄ･ｽﾄﾘｰﾄ･ｺﾞｰﾙﾄﾞ･ｵｰﾌﾟﾝ(為替ﾍｯｼﾞなし),,ｽﾃｰﾄｽﾄﾘｰﾄ,金関連-為替ヘッジ無し,株式,world,0.06,0.62,0.11,False,False,False,False,False,none,0.2925,142.7,,,,,,36.5,,,,,67.69,,,,,,,,,True,2026-05-08,medium_risk
JP90C000PQC4,半導体関連　世界株式戦略ファンド,半導体革命,三井住友TAM,先進国株式（広域）-為替ヘッジ無し,株式,world,0.06,0.62,0.11,False,False,False,False,False,none,1.728,4408.83,1.5,5,,,,223.02,225.84,,,,55.97,4.07,,,,30.27,,,,True,2026-05-08,global_diversified|medium_risk|tech_heavy
JP90C000SCM7,ＳＭＴ　米国株式モメンタムファンド,トレンドランキング・米国株,三井住友TAM,米国株式-為替ヘッジ無し,株式,us,0.0,1.0,0.0,False,False,False,False,False,none,0.77,107.83,,,,,,,,,,,,,,,,,,,,True,2026-05-08,medium_risk|momentum|us_centric
JP90C0001530,日経２２５ノーロードオープン,,AMOne,国内株式,株式,japan,1.0,0.0,0.0,True,False,False,False,False,none,0.55,4310.86,12.0,4,3,2,3,30.24,63.33,28.28,16.5,15.22,5.98,2.66,1.32,0.89,0.81,18.96,20.21,18.98,19.78,True,2026-05-08,high_risk|japan_centric|passive_index
JP90C00052C3,キャピタル世界株式ファンド,,ｷｬﾋﾟﾀﾙ,先進国株式（広域）-為替ヘッジ無し,株式,world,0.06,0.62,0.11,False,False,False,False,False,none,1.701,10841.13,12.0,1,3,2,3,8.01,33.81,21.48,14.8,16.16,8.05,2.25,1.35,0.88,0.87,13.1,14.99,17.3,19.26,True,2026-05-08,global_diversified|high_risk
JP90C000EWV6,eMAXISSlimﾊﾞﾗﾝｽ(8資産均等型),,三菱UFJｱｾｯﾄ,バランス（固定配分・中リスク）-為替ヘッジ無し,バランス,world,0.06,0.62,0.11,False,False,False,False,False,none,0.143,5029.8,7.0,4,5,4,,13.93,24.28,14.04,9.88,,8.56,2.94,1.49,1.02,,7.28,8.86,9.56,,True,2026-05-08,broad_market|medium_risk
JP90C00081U4,三井住友･DCつみたてNISA･日本株ｲﾝﾃﾞｯｸｽﾌｧﾝﾄﾞ,,三井住友DS,国内株式,株式,japan,1.0,0.0,0.0,False,False,False,False,False,none,0.176,2565.11,12.0,2,2,4,3,28.08,41.81,24.3,16.66,13.58,14.35,2.57,1.37,1.04,0.81,13.75,16.66,15.94,17.53,True,2026-05-08,high_risk|japan_centric
JP90C000CMK4,たわらノーロード　先進国株式,,AMOne,先進国株式（広域）-為替ヘッジ無し,株式,world,0.06,0.62,0.11,False,False,False,False,False,none,0.09889,12268.86,12.0,3,5,5,5,18.66,38.6,25.27,19.9,17.62,15.54,2.78,1.56,1.18,0.96,11.78,14.94,16.42,18.63,True,2026-05-08,developed_only|high_risk
JP90C000LZG5,楽天･資産づくりﾌｧﾝﾄﾞ(しっかりｺｰｽ),,楽天,バランス（固定配分・中リスク）-為替リスク低減,バランス,world,0.06,0.62,0.11,False,False,False,False,False,none,0.4915,839.65,4.0,2,3,,,9.92,21.49,13.76,,,9.02,2.6,1.42,,,7.36,9.15,,,True,2026-05-08,medium_risk
JP90C000GUN2,iFreeNEXTNASDAQ100ｲﾝﾃﾞｯｸｽ,,大和,米国株式-為替ヘッジ無し,株式,us,0.0,1.0,0.0,True,False,False,False,False,none,0.495,2985.84,7.0,4,4,4,,18.38,49.4,33.46,23.94,,24.17,2.55,1.51,1.09,,16.06,20.28,21.65,,True,2026-05-08,high_risk|passive_index|tech_heavy|us_centric
JP90C000S1V4,iFreeNEXT全世界半導体株ｲﾝﾃﾞｯｸｽ,,大和,先進国・新興国株式（広域）-為替ヘッジ無し,株式,world,0.06,0.62,0.11,False,False,False,False,False,none,0.495,235.0,,,,,,46.21,,,,,74.93,,,,,,,,,True,2026-05-08,global_diversified|medium_risk|tech_heavy
JP90C000DVK3,ｉＦｒｅｅ 日経２２５インデックス,,大和,国内株式,株式,japan,1.0,0.0,0.0,True,False,False,False,False,none,0.154,2190.9,7.0,4,4,3,,30.75,64.08,28.93,17.18,,16.25,2.68,1.35,0.92,,18.99,20.2,18.97,,True,2026-05-08,high_risk|japan_centric|passive_index
JP90C000R8Q0,ﾆｭｰﾄﾝ･ﾊﾟﾜｰ･ｲﾉﾍﾞｰｼｮﾝ･ﾌｧﾝﾄﾞ(為替ﾍｯｼﾞなし),電力革命,三井住友DS,先進国株式（広域）-為替ヘッジ無し,株式,world,0.06,0.62,0.11,False,False,False,False,False,none,1.793,6662.59,1.5,5,,,,51.22,93.84,,,,56.56,4.08,,,,16.51,,,,True,2026-05-08,medium_risk
JP90C000LZH3,楽天･資産づくりﾌｧﾝﾄﾞ(がっちりｺｰｽ),,楽天,バランス（固定配分・高リスク）-為替リスク低減,バランス,world,0.06,0.62,0.11,False,False,False,False,False,none,0.4915,650.01,4.0,1,1,,,12.66,26.29,16.83,,,11.57,2.7,1.48,,,8.55,10.71,,,True,2026-05-08,medium_risk
JP90C000RE97,iFreePlus世界ﾄﾚﾝﾄﾞ･ﾃｸﾉﾛｼﾞｰ株(Zﾃｯｸ20),,大和,先進国株式（広域）-為替ヘッジ無し,株式,world,0.06,0.62,0.11,False,False,False,False,False,none,0.495,281.66,1.5,4,,,,15.0,63.41,,,,23.43,2.6,,,,19.41,,,,True,2026-05-08,global_diversified|medium_risk
JP90C0009VE0,ﾆｯｾｲ外国株式ｲﾝﾃﾞｯｸｽﾌｧﾝﾄﾞ&lt;購入･換金手数料なし&gt;,,ﾆｯｾｲ,先進国株式（広域）-為替ヘッジ無し,株式,world,0.06,0.62,0.11,False,False,False,False,False,none,0.09889,10526.81,12.0,3,5,5,5,18.68,38.6,25.29,19.9,17.59,14.74,2.78,1.57,1.18,0.96,11.78,14.92,16.39,18.6,True,2026-05-08,high_risk
JP90C000LZF7,楽天･資産づくりﾌｧﾝﾄﾞ(なかなかｺｰｽ),,楽天,バランス（固定配分・中リスク）-為替リスク低減,バランス,world,0.06,0.62,0.11,False,False,False,False,False,none,0.4915,573.13,4.0,2,2,,,7.22,16.97,10.84,,,6.47,2.47,1.34,,,6.17,7.66,,,True,2026-05-08,low_risk
JP90C000MEC7,WCM 世界成長株厳選ﾌｧﾝﾄﾞ(資産成長型),ネクスト・ジェネレーション,朝日ﾗｲﾌ,先進国株式（広域）-為替ヘッジ無し,株式,world,0.06,0.62,0.11,False,False,False,False,False,none,1.958,962.33,4.0,4,5,,,16.55,58.8,45.87,,,18.69,2.53,1.9,,,18.76,20.96,,,True,2026-05-08,active_concentrated|global_diversified|growth_focused|high_risk|quality
JP90C000F6M7,ゴールド・ファンド（為替ヘッジなし）,,ｱﾓｰｳﾞｧAM,金関連-為替ヘッジ無し,株式,world,0.06,0.62,0.11,False,False,False,False,False,none,0.407,2624.92,7.0,5,,,,36.2,53.13,37.72,28.76,,19.71,1.81,1.83,1.61,,25.03,18.23,16.44,,True,2026-05-08,high_risk
JP90C000C7B1,ﾆｯｾｲ･ｲﾝﾃﾞｯｸｽﾊﾞﾗﾝｽﾌｧﾝﾄﾞ(4資産均等型)&lt;購入･換金手数料なし&gt;,,ﾆｯｾｲ,バランス（固定配分・中リスク）-為替ヘッジ無し,バランス,world,0.06,0.62,0.11,False,False,False,False,False,none,0.154,1153.49,12.0,3,4,4,5,10.42,20.14,13.03,9.66,8.54,7.51,2.75,1.46,1.09,0.89,6.53,8.44,8.67,9.64,True,2026-05-08,broad_market|medium_risk
JP90C000JW79,ﾌｨﾃﾞﾘﾃｨ･世界割安成長株投信 Bｺｰｽ(為替ﾍｯｼﾞなし),テンバガー・ハンター,ﾌｨﾃﾞﾘﾃｨ,先進国株式（広域）-為替ヘッジ無し,株式,world,0.06,0.62,0.11,False,False,False,False,False,none,1.65,9721.2,7.0,2,2,2,,24.67,32.78,18.23,14.69,,23.94,2.26,1.17,0.91,,12.66,15.04,16.43,,True,2026-05-08,active_diversified|global_diversified|growth_focused|high_risk|value_focused
JP90C000S008,楽天･高配当株式･日本ﾌｧﾝﾄﾞ(資産成長型),,楽天,国内株式,株式,japan,1.0,0.0,0.0,False,False,False,False,False,none,0.297,27.25,,,,,,36.72,,,,,39.45,,,,,,,,,True,2026-05-08,active_diversified|dividend_focused|japan_centric|medium_risk
JP90C0002H06,情報エレクトロニクスファンド,,野村,国内株式,株式,world,0.06,0.62,0.11,False,False,False,False,False,none,1.65,1700.23,12.0,5,5,5,5,82.33,129.96,51.0,28.54,24.87,,3.6,1.76,1.15,1.07,23.89,25.05,24.26,23.3,True,2026-05-08,very_high_risk
JP90C000N223,ｅＭＡＸＩＳ Ｎｅｏ 水素エコノミー,,三菱UFJｱｾｯﾄ,先進国株式（広域）-為替ヘッジ無し,株式,world,0.06,0.62,0.11,False,False,False,False,False,none,0.792,54.84,4.0,5,3,,,90.53,174.86,32.05,,,21.73,3.63,1.03,,,29.07,31.48,,,True,2026-05-08,very_high_risk
JP90C000K971,ﾋﾟｸﾃ･ｺﾞｰﾙﾃﾞﾝ･ﾘｽｸﾌﾟﾚﾐｱﾑ･ﾌｧﾝﾄﾞ,ポラリス,ﾋﾟｸﾃ,バランス（可変配分）-為替リスク低減,バランス,world,0.06,0.62,0.11,False,False,False,False,False,none,1.7875,2600.56,7.0,3,5,5,,16.74,30.83,19.3,14.51,,14.61,2.48,1.79,1.35,,10.85,9.98,10.33,,True,2026-05-08,medium_risk
JP90C000E6Z0,ﾆｯｾｲ日経平均ｲﾝﾃﾞｯｸｽﾌｧﾝﾄﾞ&lt;購入･換金手数料なし&gt;,,ﾆｯｾｲ,国内株式,株式,japan,1.0,0.0,0.0,True,False,False,False,False,none,0.143,1927.98,7.0,4,4,3,,30.96,64.22,29.01,17.23,,15.22,2.69,1.35,0.92,,18.98,20.19,18.97,,True,2026-05-08,high_risk|japan_centric|passive_index
JP90C000GT85,東京海上･宇宙関連株式ﾌｧﾝﾄﾞ(為替ﾍｯｼﾞなし),,東京海上,先進国株式（広域）-為替ヘッジ無し,株式,world,0.06,0.62,0.11,False,False,False,False,False,none,1.8425,4358.37,7.0,4,5,4,,28.08,69.27,43.06,25.08,,19.75,2.4,1.8,1.13,,22.88,20.99,21.88,,True,2026-05-08,high_risk
JP90C000QTY0,TracersS&amp;P500ﾄｯﾌﾟ10ｲﾝﾃﾞｯｸｽ(米国株式),,ｱﾓｰｳﾞｧAM,米国株式-為替ヘッジ無し,株式,us,0.0,1.0,0.0,False,False,False,False,False,none,0.10725,767.68,1.5,4,,,,8.18,53.24,,,,24.23,2.39,,,,18.37,,,,True,2026-05-08,medium_risk|us_centric
JP90C000QLX9,楽天･ｲﾝﾄﾞ株Nifty50ｲﾝﾃﾞｯｸｽ･ﾌｧﾝﾄﾞ,楽天・インド株Ｎｉｆｔｙ５０,楽天,インド株式-為替ヘッジ無し,株式,world,0.06,0.62,0.11,False,False,False,False,False,none,0.308,375.52,1.5,2,,,,-22.12,-5.19,,,,-2.3,-0.28,,,,16.6,,,,True,2026-05-08,medium_risk
JP90C00025J4,ｱﾗｲｱﾝｽ･ﾊﾞｰﾝｽﾀｲﾝ･米国成長株投信Bｺｰｽ(為替ﾍｯｼﾞなし),,ｱﾗｲｱﾝｽ,米国株式-為替ヘッジ無し,株式,us,0.0,1.0,0.0,False,False,False,False,False,none,1.727,18058.52,12.0,1,2,2,4,3.74,25.8,21.97,16.72,19.34,12.15,1.56,1.16,0.87,0.99,15.1,18.26,19.8,19.93,True,2026-05-08,active_diversified|growth_focused|high_risk|us_centric
JP90C000B9U8,ﾆｯｾｲJPX日経400ｲﾝﾃﾞｯｸｽﾌｧﾝﾄﾞ&lt;購入･換金手数料なし&gt;,,ﾆｯｾｲ,国内株式,株式,japan,1.0,0.0,0.0,True,False,False,False,False,none,0.2145,199.22,12.0,1,3,4,3,29.68,41.85,24.72,16.87,13.49,11.1,2.59,1.39,1.04,0.81,13.67,16.74,16.13,17.52,True,2026-05-08,high_risk|japan_centric|passive_index
JP90C0000Y15,netWINGSﾃｸﾉﾛｼﾞｰ株式ﾌｧﾝﾄﾞBｺｰｽ(為替ﾍｯｼﾞなし),,ｺﾞｰﾙﾄﾞﾏﾝ,米国株式-為替ヘッジ無し,株式,world,0.06,0.62,0.11,False,False,False,False,False,none,2.09,15803.12,12.0,4,4,3,5,11.65,47.68,35.0,20.33,23.14,8.55,2.01,1.39,0.86,0.99,20.11,23.29,25.07,23.93,True,2026-05-08,very_high_risk
JP90C000FTZ0,ﾆｯｾｲAI関連株式ﾌｧﾝﾄﾞ(年2回決算型･為替ﾍｯｼﾞなし),ＡＩ革命（年２・為替ヘッジなし）,ﾆｯｾｲ,米国株式-為替ヘッジ無し,株式,world,0.06,0.62,0.11,False,False,False,False,False,none,1.8925,96.05,7.0,5,5,3,,53.15,94.78,45.73,24.39,,22.36,3.07,1.56,0.92,,22.45,26.15,27.76,,True,2026-05-08,very_high_risk
JP90C000Q895,ＲＯＢＯＰＲＯファンド,,SBI岡三,バランス（可変配分）-為替ヘッジ無し,バランス,world,0.06,0.62,0.11,False,False,False,False,False,none,1.562,3963.05,1.5,3,,,,11.03,26.47,,,,21.72,2.48,,,,9.4,,,,True,2026-05-08,medium_risk
JP90C0005H60,ｲﾝﾃﾞｯｸｽﾌｧﾝﾄﾞ海外新興国(ｴﾏｰｼﾞﾝｸﾞ)株式,ＤＣ インデックス海外新興国株式,ｱﾓｰｳﾞｧAM,新興国株式（広域）-為替ヘッジ無し,株式,em,0.0,0.0,1.0,False,False,False,False,False,none,0.275,1201.51,12.0,3,4,3,4,35.93,58.19,25.8,13.7,13.21,6.24,2.94,1.42,0.81,0.74,15.9,16.95,17.56,19.03,True,2026-05-08,em_centric|high_risk
JP90C000G6D5,iTrustインド株式,,ﾋﾟｸﾃ,インド株式-為替ヘッジ無し,株式,em,0.0,0.0,1.0,False,False,False,False,False,none,0.9828,1160.38,7.0,1,4,2,,-22.34,-3.8,12.5,11.84,,9.59,-0.17,0.83,0.76,,17.63,15.16,16.31,,True,2026-05-08,em_centric|high_risk|thematic
JP90C000S073,楽天･ｼｭﾜﾌﾞ･高配当株式･米国ﾌｧﾝﾄﾞ(資産成長型),楽天・ＳＣＨＤ（資産成長型）,楽天,米国株式-為替ヘッジ無し,株式,us,0.0,1.0,0.0,False,False,False,False,False,none,0.1238,35.2,,,,,,53.03,,,,,37.81,,,,,,,,,True,2026-05-08,active_diversified|dividend_focused|medium_risk|us_centric
JP90C000S9M6,ﾆｯｾｲ･S米国ｸﾞﾛｰｽ株式ﾒｶﾞ10ｲﾝﾃﾞｯｸｽﾌｧﾝﾄﾞ&lt;購入･換金手数料なし&gt;,メガ１０,ﾆｯｾｲ,米国株式-為替ヘッジ無し,株式,us,0.0,1.0,0.0,False,False,False,False,False,none,0.385,629.87,,,,,,,,,,,10.97,,,,,,,,,True,2026-05-08,medium_risk|us_centric
JP90C000F5M9,ｻｲﾊﾞｰｾｷｭﾘﾃｨ株式ｵｰﾌﾟﾝ(為替ﾍｯｼﾞなし),,三菱UFJｱｾｯﾄ,米国株式-為替ヘッジ無し,株式,world,0.06,0.62,0.11,False,False,False,False,False,none,1.87,3679.41,7.0,1,3,2,,-22.28,13.82,25.44,13.34,,18.24,0.67,0.98,0.58,,22.09,26.3,27.76,,True,2026-05-08,very_high_risk
JP90C000SPQ0,たわらﾉｰﾛｰﾄﾞ ﾌｫｰｶｽ 米国超大型ﾃｸﾉﾛｼﾞｰ7,ギガテック７,AMOne,米国株式-為替ヘッジ無し,株式,us,0.0,1.0,0.0,False,False,False,False,False,none,0.77,13.62,,,,,,,,,,,,,,,,,,,,True,2026-05-08,medium_risk|us_centric
JP90C000P228,楽天･全世界株式(除く米国)ｲﾝﾃﾞｯｸｽ･ﾌｧﾝﾄﾞ,楽天・ＶＸＵＳ,楽天,先進国・新興国株式（広域）-為替ヘッジ無し,株式,world,0.06,0.62,0.11,False,False,False,False,False,none,0.182,246.45,4.0,3,2,,,33.03,44.58,22.53,,,23.77,3.07,1.49,,,12.08,14.07,,,True,2026-05-08,global_diversified|medium_risk|us_centric
JP90C000GK01,イノベーション・インデックス・ＡＩ,,三井住友DS,米国株式-為替ヘッジ無し,株式,world,0.06,0.62,0.11,True,False,False,False,False,none,0.8195,384.32,7.0,5,5,4,,27.11,79.54,45.79,29.23,,25.88,2.59,1.58,1.07,,23.56,25.79,27.24,,True,2026-05-08,passive_index|very_high_risk
JP90C000J6X0,ピクテ・ゴールド(為替ヘッジなし),,ﾋﾟｸﾃ,金関連-為替ヘッジ無し,株式,world,0.06,0.62,0.11,False,False,False,False,False,none,0.789,11733.82,7.0,3,,,,36.33,51.88,37.34,28.24,,23.78,1.88,1.93,1.66,,23.37,17.06,15.64,,True,2026-05-08,high_risk
JP90C000CML2,たわらノーロード　先進国債券,,AMOne,先進国債券（広域・高格付）-為替ヘッジ無し,債券,world,0.06,0.62,0.11,False,False,False,False,False,none,0.187,732.69,12.0,3,4,4,5,6.18,11.79,8.16,5.69,4.31,3.49,1.56,1.07,0.76,0.6,6.89,7.26,7.44,7.32,True,2026-05-08,developed_only|low_risk
JP90C0009G00,iｼｪｱｰｽﾞ ｺﾞｰﾙﾄﾞｲﾝﾃﾞｯｸｽ･ﾌｧﾝﾄﾞ(為替ﾍｯｼﾞなし),,ﾌﾞﾗｯｸﾛｯｸ,金関連-為替ヘッジ無し,株式,world,0.06,0.62,0.11,False,False,False,False,False,none,0.5085,1039.33,12.0,2,,,,35.35,52.16,37.18,28.44,17.09,13.76,1.81,1.84,1.62,1.17,24.62,17.92,16.19,14.36,True,2026-05-08,high_risk
JP90C000RZY5,楽天･ｵｰﾙｶﾝﾄﾘｰ株式(除く日本)ｲﾝﾃﾞｯｸｽ･ﾌｧﾝﾄﾞ,楽天・オールカントリー（除く日本）,楽天,先進国・新興国株式（広域）-為替ヘッジ無し,株式,japan,1.0,0.0,0.0,False,False,False,False,False,none,0.0561,18.92,,,,,,20.73,,,,,29.31,,,,,,,,,True,2026-05-08,japan_centric|medium_risk
JP90C000JD23,eMAXISSlim国内ﾘｰﾄｲﾝﾃﾞｯｸｽ,,三菱UFJｱｾｯﾄ,国内REIT,不動産,japan,1.0,0.0,0.0,False,False,False,False,False,none,0.187,336.34,7.0,5,5,4,,-4.43,12.11,4.82,2.31,,1.74,1.23,0.5,0.24,,9.13,9.77,11.21,,True,2026-05-08,japan_centric|medium_risk
JP90C00021F1,年金積立 Ｊグロース,つみたてＪグロース,ｱﾓｰｳﾞｧAM,国内株式,株式,world,0.06,0.62,0.11,False,False,False,False,False,none,0.902,1758.87,12.0,3,3,2,4,30.38,55.65,25.74,16.1,14.89,8.45,2.61,1.28,0.9,0.82,17.34,19.16,18.33,18.99,True,2026-05-08,growth_focused|high_risk
JP90C000R687,ｅＭＡＸＩＳ Ｎｅｏ ＡＩテクノロジー,,三菱UFJｱｾｯﾄ,先進国株式（広域）-為替ヘッジ無し,株式,world,0.06,0.62,0.11,False,False,False,False,False,none,0.792,156.13,1.5,4,,,,17.02,91.66,,,,49.44,2.44,,,,28.1,,,,True,2026-05-08,medium_risk
JP90C000DPV2,SMT日本株配当貴族ｲﾝﾃﾞｯｸｽ･ｵｰﾌﾟﾝ,,三井住友TAM,国内株式,株式,japan,1.0,0.0,0.0,False,False,False,False,False,none,0.462,142.37,7.0,2,3,3,,33.71,36.46,26.07,19.45,,13.82,2.32,1.71,1.36,,13.57,13.98,13.66,,True,2026-05-08,dividend_focused|japan_centric|medium_risk
JP90C000QR02,ウェルスナビ×Ｒ（リスク許容度５）,,楽天,バランス（可変配分）-為替ヘッジ無し,バランス,world,0.06,0.62,0.11,False,False,False,False,False,none,1.16,85.96,1.5,3,,,,23.81,38.51,,,,19.5,3.05,,,,10.68,,,,True,2026-05-08,medium_risk
JP90C0003D90,小型ブルーチップオープン,,野村,国内株式（中小型）,株式,world,0.06,0.62,0.11,False,True,False,False,False,none,1.672,1051.6,12.0,5,5,5,5,95.9,99.78,37.85,24.51,20.43,,4.0,1.79,1.24,1.02,17.65,18.84,18.99,20.29,True,2026-05-08,leverage_warning|very_high_risk
JP90C00086C1,ﾓﾙｶﾞﾝ･ｽﾀﾝﾚｰｸﾞﾛｰﾊﾞﾙ･ﾌﾟﾚﾐｱﾑ株式ｵｰﾌﾟﾝ(為替ﾍｯｼﾞなし),,三菱UFJｱｾｯﾄ,先進国株式（広域）-為替ヘッジ無し,株式,world,0.06,0.62,0.11,False,False,False,False,False,none,1.98,3109.53,12.0,1,1,1,1,-12.42,-3.65,5.75,8.39,11.04,12.43,-0.24,0.46,0.61,0.73,13.93,13.33,14.7,16.18,True,2026-05-08,medium_risk
JP90C000CG01,LOSA長期保有型国際分散ｲﾝﾃﾞｯｸｽﾌｧﾝﾄﾞ,ＬＯＳＡ　投資の王道,AMOne,バランス（固定配分・中リスク）-為替ヘッジ無し,バランス,world,0.06,0.62,0.11,False,False,False,False,False,none,0.6094,285.21,12.0,5,5,5,5,15.93,27.19,17.37,13.34,11.17,10.17,2.79,1.53,1.13,0.87,8.53,10.68,11.51,13.02,True,2026-05-08,medium_risk
JP90C000QQZ3,ウェルスナビ×Ｒ（リスク許容度４）,,楽天,バランス（可変配分）-為替ヘッジ無し,バランス,world,0.06,0.62,0.11,False,False,False,False,False,none,1.16,62.6,1.5,3,,,,23.21,38.21,,,,19.63,3.08,,,,10.51,,,,True,2026-05-08,medium_risk
JP90C000FCD3,ｉＦｒｅｅ Ｓ＆Ｐ５００インデックス,,大和,米国株式-為替ヘッジ無し,株式,world,0.06,0.62,0.11,True,False,False,False,False,none,0.198,7230.49,7.0,3,4,5,,17.11,39.66,26.67,21.06,,19.46,2.6,1.52,1.18,,12.95,16.2,17.29,,True,2026-05-08,high_risk|passive_index
JP90C000GZX0,ﾍﾞｲﾘｰ･ｷﾞﾌｫｰﾄﾞ世界長期成長株ﾌｧﾝﾄﾞ,ロイヤル・マイル,三菱UFJｱｾｯﾄ,先進国・新興国株式（広域）-為替ヘッジ無し,株式,world,0.06,0.62,0.11,False,False,False,False,False,none,1.6445,973.74,7.0,1,2,1,,-27.79,16.5,21.73,6.51,,16.96,0.81,0.98,0.36,,20.74,22.23,29.08,,True,2026-05-08,active_diversified|global_diversified|growth_focused|very_high_risk
JP90C000PCX0,iFreeNEXT インド株インデックス,,大和,インド株式-為替ヘッジ無し,株式,em,0.0,0.0,1.0,True,False,False,False,False,none,0.473,1378.29,4.0,2,2,,,-22.15,-5.29,8.25,,,12.12,-0.28,0.56,,,16.62,15.81,,,True,2026-05-08,em_centric|high_risk|passive_index|thematic
JP90C000GWS7,ｲﾝﾍﾞｽｺ 世界厳選株式ｵｰﾌﾟﾝ&lt;為替ﾍｯｼﾞなし&gt;(年1回決算型),世界のベスト,ｲﾝﾍﾞｽｺ,先進国株式（広域）-為替ヘッジ無し,株式,world,0.06,0.62,0.11,False,False,False,False,False,none,1.903,5130.08,7.0,2,3,4,,18.73,31.84,22.53,19.74,,15.42,2.15,1.48,1.19,,12.98,14.22,16.18,,True,2026-05-08,active_concentrated|global_diversified|high_risk
JP90C000QAT0,楽天･ﾌﾟﾗｽ･先進国株式(除く日本)ｲﾝﾃﾞｯｸｽ･ﾌｧﾝﾄﾞ,楽天・プラス・先進国株式（除く日本）,楽天,先進国株式（広域）-為替ヘッジ無し,株式,world,0.06,0.62,0.11,False,False,False,False,False,none,0.088,209.33,1.5,3,,,,18.64,38.6,,,,24.41,2.78,,,,11.78,,,,True,2026-05-08,developed_only|japan_centric|medium_risk
JP90C0004GZ7,セゾン・グローバルバランスファンド,,ｾｿﾞﾝ,バランス（固定配分・中リスク）-為替ヘッジ無し,バランス,world,0.06,0.62,0.11,False,False,False,False,False,none,0.58,6605.85,12.0,4,3,4,5,11.01,23.43,15.3,11.7,9.98,6.06,2.55,1.44,1.11,0.96,8.15,10.0,10.34,10.41,True,2026-05-08,broad_market|global_diversified|medium_risk
JP90C000LZE0,楽天･資産づくりﾌｧﾝﾄﾞ(じっくりｺｰｽ),,楽天,バランス（固定配分・中リスク）-為替リスク低減,バランス,world,0.06,0.62,0.11,False,False,False,False,False,none,0.4915,169.53,4.0,1,2,,,4.26,12.15,7.66,,,3.77,2.19,1.17,,,5.0,6.24,,,True,2026-05-08,low_risk
JP90C0002DD5,ブラックロック・ゴールド・ファンド,,ﾌﾞﾗｯｸﾛｯｸ,先進国株式（広域）-為替ヘッジ無し,株式,world,0.06,0.62,0.11,False,False,False,False,False,none,2.2,904.97,12.0,4,3,3,2,72.08,105.07,46.38,27.8,16.6,8.65,1.95,1.33,0.91,0.64,41.11,32.31,32.76,32.01,True,2026-05-08,very_high_risk
JP90C000E719,ﾆｯｾｲAI関連株式ﾌｧﾝﾄﾞ(為替ﾍｯｼﾞなし),ＡＩ革命（為替ヘッジなし）,ﾆｯｾｲ,米国株式-為替ヘッジ無し,株式,world,0.06,0.62,0.11,False,False,False,False,False,none,1.8925,1587.59,7.0,5,5,3,,53.23,96.59,46.55,24.66,,23.52,3.09,1.58,0.93,,22.6,26.2,27.84,,True,2026-05-08,very_high_risk
JP90C00096Q0,ﾌｨﾃﾞﾘﾃｨ･USﾊｲ･ｲｰﾙﾄﾞ･ﾌｧﾝﾄﾞ(資産成長型)D(為替ﾍｯｼﾞなし),,ﾌｨﾃﾞﾘﾃｨ,ハイイールド債券（低格付）-為替ヘッジ無し,債券,world,0.06,0.62,0.11,False,False,False,False,False,none,1.65,2439.57,12.0,5,4,5,5,9.9,17.6,12.73,12.16,9.59,8.12,1.84,1.29,1.19,0.89,8.67,9.41,9.91,10.93,True,2026-05-08,medium_risk
JP90C000FUW5,楽天･米国高配当株式ｲﾝﾃﾞｯｸｽ･ﾌｧﾝﾄﾞ,楽天・ＶＹＭ,楽天,米国株式-為替ヘッジ無し,株式,us,0.0,1.0,0.0,False,False,False,False,False,none,0.172,360.38,7.0,3,2,3,,31.92,39.42,21.81,19.05,,14.5,2.9,1.44,1.2,,11.5,14.16,15.46,,True,2026-05-08,active_diversified|dividend_focused|high_risk|us_centric
JP90C0006LC1,ｅＭＡＸＩＳ 日経２２５インデックス,,三菱UFJｱｾｯﾄ,国内株式,株式,japan,1.0,0.0,0.0,True,False,False,False,False,none,0.44,1165.77,12.0,4,4,2,4,30.62,63.71,28.6,16.88,15.67,13.14,2.67,1.33,0.91,0.83,18.97,20.19,18.97,19.79,True,2026-05-08,high_risk|japan_centric|passive_index
JP90C000R2R1,ﾆｯｾｲ･S日本半導体株式ｲﾝﾃﾞｯｸｽﾌｧﾝﾄﾞ&lt;購入･換金手数料なし&gt;,ＮＳＯＸ,ﾆｯｾｲ,国内株式,株式,japan,1.0,0.0,0.0,False,False,False,False,False,none,0.297,38.01,1.5,5,,,,81.34,147.64,,,,63.31,2.87,,,,33.51,,,,True,2026-05-08,japan_centric|medium_risk|tech_heavy
JP90C0003D41,ノムラ・ジャパン・オープン,,野村,国内株式,株式,world,0.06,0.62,0.11,False,False,False,False,False,none,1.672,3759.87,12.0,5,5,5,5,61.49,84.88,37.34,23.09,16.79,,3.62,1.71,1.19,0.9,17.3,19.58,18.82,19.26,True,2026-05-08,high_risk
JP90C000RQ36,(ｱﾑﾝﾃﾞｨ･ｲﾝﾃﾞｯｸｽｼﾘｰｽﾞ)日本･高配当株,,ｱﾑﾝﾃﾞｨ,国内株式,株式,japan,1.0,0.0,0.0,False,False,False,False,False,none,0.198,94.07,1.5,3,,,,39.37,44.64,,,,43.64,2.55,,,,14.71,,,,True,2026-05-08,active_diversified|dividend_focused|japan_centric|medium_risk
JP90C000RKZ4,楽天･高配当株式･米国VYMﾌｧﾝﾄﾞ(四半期決算型),,楽天,米国株式-為替ヘッジ無し,株式,us,0.0,1.0,0.0,False,False,False,False,False,none,0.172,51.2,1.5,3,,,,31.86,39.36,,,,29.47,2.9,,,,11.5,,,,True,2026-05-08,active_diversified|dividend_focused|medium_risk|us_centric
JP90C000G7W3,eMAXISSlim全世界株式(3地域均等型),,三菱UFJｱｾｯﾄ,先進国・新興国株式（広域）-為替ヘッジ無し,バランス,world,0.06,0.62,0.11,False,False,False,False,False,none,0.05775,491.39,7.0,4,3,4,,27.52,45.91,25.33,17.02,,14.05,3.33,1.65,1.14,,11.4,14.17,14.58,,True,2026-05-08,broad_market|global_diversified|medium_risk
JP90C000M4K7,Smart-i ｺﾞｰﾙﾄﾞﾌｧﾝﾄﾞ(為替ﾍｯｼﾞあり),,りそな,金関連-為替ヘッジ有り,株式,world,0.06,0.62,0.11,False,False,False,False,False,none,0.375,43.21,4.0,1,2,,,25.59,35.83,24.83,,,15.05,1.27,1.26,,,26.5,18.87,,,True,2026-05-08,high_risk
JP90C000F9F5,Smart-i 先進国債券ｲﾝﾃﾞｯｸｽ(為替ﾍｯｼﾞあり),,りそな,先進国債券（広域・高格付）-為替ヘッジ有り,債券,world,0.06,0.62,0.11,False,False,False,False,False,none,0.187,208.35,7.0,2,2,2,,-3.26,-1.51,-1.78,-4.44,,-2.08,-0.76,-0.47,-0.87,,2.77,4.33,5.25,,True,2026-05-08,developed_only|low_risk
JP90C000LVP5,グローバルＡＺファンド Ｄコース,,楽天,バランス（固定配分・高リスク）-為替リスク低減,バランス,world,0.06,0.62,0.11,False,False,False,False,False,none,1.3905,88.2,4.0,2,1,,,14.7,26.59,14.65,,,10.18,2.68,1.36,,,8.74,10.25,,,True,2026-05-08,global_diversified|medium_risk
JP90C000D4C5,新ホリコ・フォーカス・ファンド,新自由の女神,楽天,米国株式-為替ヘッジ無し,株式,world,0.06,0.62,0.11,False,False,False,False,False,none,1.447,115.03,7.0,4,5,3,,22.11,54.17,32.37,19.34,,18.54,3.06,1.72,0.92,,14.31,16.97,21.49,,True,2026-05-08,high_risk
JP90C000G8M2,ﾌｨﾃﾞﾘﾃｨ･米国株式ﾌｧﾝﾄﾞ Dｺｰｽ(分配重視型･為替ﾍｯｼﾞなし),,ﾌｨﾃﾞﾘﾃｨ,米国株式-為替ヘッジ無し,株式,us,0.0,1.0,0.0,False,False,False,False,False,none,1.65,1431.75,7.0,3,4,4,,12.75,38.47,30.6,21.38,,20.05,2.26,1.55,1.1,,14.63,18.15,19.05,,True,2026-05-08,high_risk|us_centric
JP90C0008CH5,ひふみプラス,,ﾚｵｽ･ｷｬﾋﾟﾀﾙﾜｰｸｽ,国内株式,株式,world,0.06,0.62,0.11,False,False,False,False,False,none,1.078,7301.94,12.0,1,1,1,1,25.62,37.05,18.46,9.26,11.49,15.96,2.15,1.1,0.63,0.7,14.9,16.39,15.71,17.6,True,2026-05-08,active_diversified|high_risk|quality
JP90C000SGR7,楽天･ﾌﾟﾗﾁﾅ･ﾌｧﾝﾄﾞ(為替ﾍｯｼﾞなし),楽天・プラチナ（為替ヘッジなし）,楽天,その他商品市場-為替ヘッジ無し,株式,world,0.06,0.62,0.11,False,False,False,False,False,none,0.864,61.0,,,,,,,,,,,,,,,,,,,,True,2026-05-08,medium_risk
JP90C000FQR3,ＳＢＩ・全世界株式インデックス・ファンド,雪だるま（全世界株式）,SBI,先進国・新興国株式（広域）-為替ヘッジ無し,株式,world,0.06,0.62,0.11,True,False,False,False,False,none,0.1022,3991.7,7.0,2,3,4,,23.52,41.46,24.99,18.43,,15.26,3.0,1.58,1.13,,11.61,14.64,15.9,,True,2026-05-08,global_diversified|high_risk|passive_index
JP90C000F6L9,ゴールド・ファンド（為替ヘッジあり）,,ｱﾓｰｳﾞｧAM,金関連-為替ヘッジ有り,株式,world,0.06,0.62,0.11,False,False,False,True,False,none,0.407,397.08,7.0,2,3,,,24.71,35.96,24.83,14.67,,11.12,1.25,1.24,0.86,,26.93,19.18,17.58,,True,2026-05-08,high_risk
JP90C000M4J9,Smart-i ｺﾞｰﾙﾄﾞﾌｧﾝﾄﾞ(為替ﾍｯｼﾞなし),,りそな,金関連-為替ヘッジ無し,株式,world,0.06,0.62,0.11,False,False,False,False,False,none,0.375,376.55,4.0,4,,,,36.12,52.85,37.28,,,29.4,1.81,1.84,,,24.81,18.02,,,True,2026-05-08,high_risk
JP90C000QQY6,ウェルスナビ×Ｒ（リスク許容度３）,,楽天,バランス（可変配分）-為替ヘッジ無し,バランス,world,0.06,0.62,0.11,False,False,False,False,False,none,1.16,33.94,1.5,4,,,,18.41,31.9,,,,16.42,2.95,,,,9.33,,,,True,2026-05-08,medium_risk
JP90C000QBT8,半導体関連　日本株式戦略ファンド,半導体ジャパン,三井住友TAM,国内株式,株式,japan,1.0,0.0,0.0,False,False,False,False,False,none,1.562,442.95,1.5,5,,,,113.26,152.11,,,,35.02,3.06,,,,31.9,,,,True,2026-05-08,japan_centric|medium_risk|tech_heavy
JP90C000SGP1,楽天･ｺﾞｰﾙﾄﾞ･ﾌｧﾝﾄﾞ(為替ﾍｯｼﾞあり),楽天・ゴールド（為替ヘッジあり）,楽天,金関連-為替ヘッジ有り,株式,world,0.06,0.62,0.11,False,False,False,False,False,none,0.2925,40.53,,,,,,,,,,,,,,,,,,,,True,2026-05-08,medium_risk
JP90C000RGY5,しんきん日米半導体株ファンド,,しんきん,先進国株式（広域）-為替ヘッジ無し,株式,world,0.06,0.62,0.11,False,False,False,False,False,none,0.72,244.41,1.5,5,,,,142.94,175.79,,,,167.71,3.45,,,,30.88,,,,True,2026-05-08,medium_risk|tech_heavy
JP90C000SAB4,たわらﾉｰﾛｰﾄﾞ ﾌｫｰｶｽ 防衛･航空宇宙,,AMOne,先進国株式（広域）-為替ヘッジ無し,株式,world,0.06,0.62,0.11,False,False,False,False,False,none,0.77,57.44,,,,,,,,,,,,,,,,,,,,True,2026-05-08,medium_risk
JP90C0006026,世界経済インデックスファンド,,三井住友TAM,バランス（固定配分・中リスク）-為替ヘッジ無し,バランス,world,0.06,0.62,0.11,True,False,False,False,False,none,0.55,5541.96,12.0,5,5,4,5,15.57,28.22,16.59,11.68,10.07,9.68,2.96,1.53,1.08,0.88,8.31,10.19,10.57,11.65,True,2026-05-08,global_diversified|medium_risk|passive_index
JP90C000HZE8,たわらノーロード　全世界株式,,AMOne,先進国・新興国株式（広域）-為替ヘッジ無し,株式,world,0.06,0.62,0.11,False,False,False,False,False,none,0.10989,2955.45,7.0,2,4,5,,20.93,40.83,25.3,18.96,,19.57,2.98,1.59,1.17,,11.52,14.66,15.84,,True,2026-05-08,global_diversified|high_risk
JP90C00003G7,日本株配当オープン,四季の実り,三井住友TAM,国内株式,株式,japan,1.0,0.0,0.0,False,False,False,False,False,none,1.1,120.28,12.0,3,5,5,5,46.83,53.56,32.12,22.29,15.52,8.63,3.1,1.73,1.32,0.9,14.01,16.81,16.15,17.62,True,2026-05-08,dividend_focused|high_risk|japan_centric
JP90C000JD31,eMAXISSlim先進国ﾘｰﾄｲﾝﾃﾞｯｸｽ(除く日本),,三菱UFJｱｾｯﾄ,海外REIT（含む北米）-為替ヘッジ無し,不動産,world,0.06,0.62,0.11,False,False,False,False,False,none,0.22,472.41,7.0,5,5,4,,29.27,26.08,15.33,12.2,,10.01,2.03,1.02,0.73,,11.43,14.69,17.64,,True,2026-05-08,developed_only|high_risk|japan_centric
JP90C000QDP2,楽天･資産ｱﾛｹｰｼｮﾝ･ﾌｧﾝﾄﾞ(標準型),ＧＭＰ(ゴール・マネジャー・ポートフォリオ),楽天,バランス（固定配分・中リスク）-為替リスク低減,バランス,world,0.06,0.62,0.11,False,False,False,False,False,none,1.6425,11.06,1.5,2,,,,9.88,17.49,,,,9.38,2.45,,,,6.42,,,,True,2026-05-08,medium_risk
JP90C000S016,楽天･ｴﾏｰｼﾞﾝｸﾞ株式ｲﾝﾃﾞｯｸｽ･ﾌｧﾝﾄﾞ,楽天・エマージング,楽天,新興国株式（広域）-為替ヘッジ無し,株式,world,0.06,0.62,0.11,False,False,False,False,False,none,0.1518,3.85,,,,,,36.77,,,,,47.19,,,,,,,,,True,2026-05-08,medium_risk
JP90C000G8P5,ﾌｨﾃﾞﾘﾃｨ･米国株式ﾌｧﾝﾄﾞ Bｺｰｽ(資産成長型･為替ﾍｯｼﾞなし),,ﾌｨﾃﾞﾘﾃｨ,米国株式-為替ヘッジ無し,株式,us,0.0,1.0,0.0,False,False,False,False,False,none,1.65,1761.53,7.0,3,4,4,,12.7,38.79,31.21,21.69,,20.3,2.25,1.56,1.11,,14.78,18.33,19.21,,True,2026-05-08,high_risk|us_centric
JP90C000DVR8,ｉＦｒｅｅ 新興国株式インデックス,,大和,新興国株式（広域）-為替ヘッジ無し,株式,em,0.0,0.0,1.0,True,False,False,False,False,none,0.374,438.52,7.0,2,2,5,,26.05,46.47,25.27,16.99,,13.66,3.02,1.41,0.99,,12.73,16.75,17.11,,True,2026-05-08,em_centric|high_risk|passive_index
JP90C0000LE0,キャッシュフロー経営評価オープン,選球眼,三井住友TAM,国内株式,株式,world,0.06,0.62,0.11,False,False,False,False,False,none,1.65,82.96,12.0,5,5,5,5,59.58,80.02,38.33,25.04,18.09,6.87,3.25,1.88,1.39,0.93,18.52,18.04,17.03,20.0,True,2026-05-08,high_risk
JP90C000RNJ2,eMAXISSlim国内株式(読売333),,三菱UFJｱｾｯﾄ,国内株式,株式,japan,1.0,0.0,0.0,False,False,False,False,False,none,0.143,30.46,1.5,3,,,,34.07,42.13,,,,45.3,2.74,,,,12.95,,,,True,2026-05-08,japan_centric|medium_risk
JP90C000R9E4,野村インデックスファンド・日経半導体株,Ｆｕｎｄｓ-ｉ 日経半導体株,野村,国内株式,株式,japan,1.0,0.0,0.0,True,False,False,False,False,none,0.33,33.91,1.5,5,,,,147.98,179.21,,,,74.17,3.11,,,,34.96,,,,True,2026-05-08,japan_centric|medium_risk|passive_index|tech_heavy
JP90C000QB75,ジャパン半導体株式ファンド,,ｱﾓｰｳﾞｧAM,国内株式,株式,world,0.06,0.62,0.11,False,False,False,False,False,none,1.584,281.12,1.5,5,,,,113.51,155.05,,,,47.67,3.77,,,,25.74,,,,True,2026-05-08,medium_risk|tech_heavy
JP90C000SHW5,三菱ＵＦＪ 日本短期債券オープン,円債ファースト,三菱UFJｱｾｯﾄ,国内債券,債券,japan,1.0,0.0,0.0,False,False,False,False,False,none,0.385,19.19,,,,,,,,,,,,,,,,,,,,True,2026-05-08,japan_centric|low_risk
JP90C00035E4,フィデリティ・米国優良株・ファンド,,ﾌｨﾃﾞﾘﾃｨ,米国株式-為替ヘッジ無し,株式,us,0.0,1.0,0.0,False,False,False,False,False,none,1.639,2388.15,12.0,3,4,4,5,17.93,39.13,27.71,21.14,18.22,7.98,2.59,1.54,1.15,0.96,12.84,16.65,17.9,19.49,True,2026-05-08,high_risk|us_centric
JP90C0008CD4,米国製造業株式ファンド,ＵＳルネサンス,BNYﾒﾛﾝ,米国株式-為替ヘッジ無し,株式,us,0.0,1.0,0.0,False,False,False,False,False,none,1.87,259.26,12.0,5,3,4,5,40.35,77.26,30.55,25.07,22.29,21.66,2.56,1.35,1.16,1.04,23.24,21.18,21.1,21.67,True,2026-05-08,high_risk|us_centric
JP90C000DVU2,ｉＦｒｅｅ 新興国債券インデックス,,大和,新興国債券（広域・新興国通貨建）-為替ヘッジ無し,債券,em,0.0,0.0,1.0,True,False,False,False,False,none,0.242,302.68,7.0,4,5,4,,10.48,19.41,12.41,9.4,,6.72,2.22,1.32,0.97,,7.88,8.96,9.59,,True,2026-05-08,em_centric|medium_risk|passive_index
JP90C000JG61,ＳＭＴ　ＭＩＲＡＩｎｄｅｘ　宇宙,,三井住友TAM,先進国株式（広域）-為替ヘッジ無し,株式,world,0.06,0.62,0.11,False,False,False,False,False,none,0.77,65.37,7.0,3,3,4,,14.57,40.8,32.44,25.34,,21.28,1.89,1.66,1.32,,18.73,17.69,18.31,,True,2026-05-08,high_risk
JP90C000FPA1,次世代通信関連　世界株式戦略ファンド,ＴＨＥ　５Ｇ,三井住友TAM,先進国株式（広域）-為替ヘッジ無し,株式,world,0.06,0.62,0.11,False,False,False,False,False,none,1.848,6893.64,7.0,5,5,3,,39.54,101.08,49.81,21.7,,20.04,3.05,1.7,0.86,,23.76,25.61,26.74,,True,2026-05-08,global_diversified|very_high_risk
JP90C000FT86,ｷｬﾋﾟﾀﾙ･ｲﾝﾍﾞｽﾄﾒﾝﾄ･ｶﾝﾊﾟﾆｰ･ｵﾌﾞ･ｱﾒﾘｶICA,,ｷｬﾋﾟﾀﾙ,米国株式-為替ヘッジ無し,株式,world,0.06,0.62,0.11,False,False,False,False,False,none,1.133,2731.21,7.0,3,5,5,,15.82,38.89,27.94,21.58,,18.11,2.49,1.61,1.25,,13.33,15.93,16.58,,True,2026-05-08,high_risk
JP90C0006HN6,ＨＳＢＣ インド・インフラ株式オープン,,ＨＳＢＣ,インド株式-為替ヘッジ無し,株式,em,0.0,0.0,1.0,False,False,False,False,False,none,2.09,2597.25,12.0,5,5,5,4,-7.42,6.21,19.06,21.51,14.48,4.02,0.41,1.03,1.08,0.7,16.14,18.37,19.71,22.93,True,2026-05-08,em_centric|high_risk|thematic
JP90C000HYJ0,ｲﾝﾍﾞｽｺ 世界ﾌﾞﾛｯｸﾁｪｰﾝ株式ﾌｧﾝﾄﾞ,世カエル,ｲﾝﾍﾞｽｺ,先進国株式（広域）-為替ヘッジ無し,株式,world,0.06,0.62,0.11,False,False,False,False,False,none,1.573,656.9,7.0,4,3,2,,-11.29,83.18,45.76,13.97,,27.76,1.82,1.25,0.55,,36.72,34.7,33.45,,True,2026-05-08,global_diversified|very_high_risk
JP90C000GR20,ｅＭＡＸＩＳ Ｎｅｏ 宇宙開発,,三菱UFJｱｾｯﾄ,米国株式-為替ヘッジ無し,株式,world,0.06,0.62,0.11,False,False,False,False,False,none,0.792,616.57,7.0,5,5,4,,95.29,128.69,48.09,32.35,,24.41,3.05,1.73,1.31,,28.41,24.2,23.37,,True,2026-05-08,very_high_risk
JP90C000FQQ5,ＳＢＩ・新興国株式インデックス・ファンド,雪だるま（新興国株式）,SBI,新興国株式（広域）-為替ヘッジ無し,株式,em,0.0,0.0,1.0,True,False,False,False,False,none,0.136,546.61,7.0,1,1,2,,20.65,42.45,22.15,12.7,,10.17,2.8,1.34,0.8,,12.75,15.67,16.54,,True,2026-05-08,em_centric|high_risk|passive_index
JP90C000JX03,つみたて米国株式（Ｓ＆Ｐ５００）,,三菱UFJｱｾｯﾄ,米国株式-為替ヘッジ無し,株式,us,0.0,1.0,0.0,False,False,False,False,False,none,0.22,3040.87,7.0,3,4,5,,17.11,39.66,26.7,21.09,,28.13,2.6,1.53,1.18,,12.96,16.2,17.3,,True,2026-05-08,high_risk|us_centric
JP90C000QQV2,ウェルスナビ×Ｒ（リスク許容度１）,,楽天,バランス（可変配分）-為替ヘッジ無し,バランス,world,0.06,0.62,0.11,False,False,False,False,False,none,1.16,15.51,1.5,4,,,,11.46,20.72,,,,11.16,2.33,,,,7.98,,,,True,2026-05-08,medium_risk
JP90C00000W0,しんきん好配当利回り株ﾌｧﾝﾄﾞ(3ヵ月決算型),四季絵巻,しんきん,国内株式,株式,world,0.06,0.62,0.11,False,False,False,False,False,none,1.1,202.94,12.0,3,3,4,2,38.76,44.01,26.3,19.66,13.44,6.8,2.69,1.62,1.32,0.82,13.74,14.9,14.24,17.17,True,2026-05-08,dividend_focused|medium_risk
JP90C000CTF9,先進国好配当株式ファンド（３ヵ月決算型）,,三菱UFJｱｾｯﾄ,先進国株式（広域）-為替ヘッジ無し,株式,world,0.06,0.62,0.11,False,False,False,False,False,none,1.375,921.94,12.0,4,3,4,3,23.87,41.61,22.66,20.51,16.05,15.74,3.11,1.5,1.31,0.91,11.23,14.14,15.02,18.05,True,2026-05-08,developed_only|dividend_focused|high_risk
JP90C000QDR8,楽天･資産ｱﾛｹｰｼｮﾝ･ﾌｧﾝﾄﾞ(成長型),ＧＭＰ(ゴール・マネジャー・ポートフォリオ),楽天,バランス（固定配分・中リスク）-為替リスク低減,バランス,world,0.06,0.62,0.11,False,False,False,False,False,none,1.6625,11.69,1.5,3,,,,13.4,22.7,,,,12.29,2.73,,,,7.37,,,,True,2026-05-08,medium_risk
JP90C00034L2,MHAM株式インデックスファンド225,,AMOne,国内株式,株式,world,0.06,0.62,0.11,True,False,False,False,False,none,0.55,2811.56,12.0,4,3,2,4,30.44,63.42,28.46,16.76,15.5,,2.66,1.33,0.9,0.82,18.96,20.18,18.96,19.78,True,2026-05-08,high_risk|passive_index
JP90C0007DN3,野村インデックスファンド・日経225,Ｆｕｎｄｓ-ｉ 日経２２５,野村,国内株式,株式,japan,1.0,0.0,0.0,True,False,False,False,False,none,0.44,1415.09,12.0,4,3,2,4,30.54,63.64,28.55,16.81,15.63,13.7,2.67,1.33,0.91,0.83,18.97,20.2,18.98,19.79,True,2026-05-08,high_risk|japan_centric|passive_index
JP90C0000K29,トヨタ自動車／トヨタグループ株式ファンド,,三井住友DS,国内株式,株式,world,0.06,0.62,0.11,False,False,False,False,False,none,0.759,2126.73,12.0,2,2,2,2,4.18,21.25,20.5,14.06,12.24,9.01,0.95,0.8,0.62,0.58,22.14,27.45,26.47,25.51,True,2026-05-08,very_high_risk
JP90C000FB37,ＡＩ（人工知能）活用型世界株ファンド,ディープＡＩ,AMOne,先進国株式（広域）-為替ヘッジ無し,株式,world,0.06,0.62,0.11,False,False,False,False,False,none,1.584,547.53,7.0,5,5,4,,35.98,50.38,28.72,20.52,,15.43,3.55,1.72,1.21,,11.54,15.2,16.36,,True,2026-05-08,global_diversified|high_risk
JP90C000S1Q4,楽天・欧州株式インデックス・ファンド,楽天・欧州株式,楽天,欧州株式-為替ヘッジ無し,株式,world,0.06,0.62,0.11,True,False,False,False,False,none,0.308,13.97,,,,,,22.32,,,,,24.62,,,,,,,,,True,2026-05-08,medium_risk|passive_index
JP90C000D7X4,カレラ 日本小型株式ファンド,,ｶﾚﾗAM,国内株式（中小型）,株式,japan,1.0,0.0,0.0,False,False,False,False,False,none,1.496,51.59,7.0,5,5,5,,33.36,92.03,36.72,21.62,,20.05,2.99,1.49,1.07,,22.61,22.62,20.09,,True,2026-05-08,high_risk|japan_centric
JP90C000EGT3,米国ｲﾝﾌﾗ･ﾋﾞﾙﾀﾞｰ株式ﾌｧﾝﾄﾞ(為替ﾍｯｼﾞなし),,大和,米国株式-為替ヘッジ無し,株式,us,0.0,1.0,0.0,False,False,False,False,False,none,1.628,306.81,7.0,5,3,4,,61.12,70.98,35.4,25.11,,18.28,2.99,1.48,1.08,,18.37,21.94,23.02,,True,2026-05-08,us_centric|very_high_risk
JP90C000KAF2,マネックス・アクティビスト・ファンド,日本の未来,ﾏﾈｯｸｽ,国内株式,株式,world,0.06,0.62,0.11,False,False,False,False,False,none,2.2,531.24,7.0,3,3,2,,24.17,46.88,27.64,17.04,,19.54,2.43,1.5,1.03,,16.14,17.08,16.37,,True,2026-05-08,high_risk
JP90C000QQX8,ウェルスナビ×Ｒ（リスク許容度２）,,楽天,バランス（可変配分）-為替ヘッジ無し,バランス,world,0.06,0.62,0.11,False,False,False,False,False,none,1.16,13.84,1.5,4,,,,12.63,23.73,,,,12.4,2.53,,,,8.3,,,,True,2026-05-08,medium_risk
JP90C000JR01,GSﾌｭｰﾁｬｰ･ﾃｸﾉﾛｼﾞｰ･ﾘｰﾀﾞｰｽﾞBｺｰｽ(為替ﾍｯｼﾞなし),ｎｅｘｔＷＩＮ,ｺﾞｰﾙﾄﾞﾏﾝ,先進国・新興国株式（広域）-為替ヘッジ無し,株式,world,0.06,0.62,0.11,False,False,False,False,False,none,1.7875,2765.3,7.0,5,5,3,,56.13,79.2,35.01,15.21,,22.35,2.88,1.41,0.66,,20.92,22.93,26.53,,True,2026-05-08,very_high_risk
JP90C0005F39,スパークス・新・国際優良日本株ファンド,厳選投資,ｽﾊﾟｰｸｽ,国内株式,株式,japan,1.0,0.0,0.0,False,False,False,False,False,none,1.804,2947.2,12.0,1,2,2,3,13.4,33.12,24.2,13.49,14.4,13.2,1.89,1.2,0.75,0.8,15.51,19.45,19.15,19.08,True,2026-05-08,high_risk|japan_centric
JP90C000B9V6,ﾆｯｾｲ国内債券ｲﾝﾃﾞｯｸｽﾌｧﾝﾄﾞ&lt;購入･換金手数料なし&gt;,,ﾆｯｾｲ,国内債券,債券,japan,1.0,0.0,0.0,False,False,False,False,False,none,0.132,60.43,12.0,2,3,3,3,-8.85,-6.54,-4.37,-3.31,-1.79,-1.05,-2.77,-1.39,-1.15,-0.73,2.65,3.39,3.03,2.55,True,2026-05-08,japan_centric|low_risk
JP90C000P8N9,ﾌｨﾃﾞﾘﾃｨ･ｸﾞﾛｰｽ･ｵﾎﾟﾁｭﾆﾃｨ･ﾌｧﾝﾄﾞ Bｺｰｽ(為替ﾍｯｼﾞなし),,ﾌｨﾃﾞﾘﾃｨ,米国株式-為替ヘッジ無し,株式,world,0.06,0.62,0.11,False,False,False,False,False,none,1.6445,5188.87,4.0,4,5,,,13.97,49.21,37.02,,,37.49,2.18,1.53,,,18.98,21.94,,,True,2026-05-08,high_risk
JP90C000PZY9,ｅＭＡＸＩＳ Ｓｌｉｍ 全米株式,,三菱UFJｱｾｯﾄ,米国株式-為替ヘッジ無し,株式,us,0.0,1.0,0.0,False,False,False,False,False,none,0.0814,238.4,1.5,3,,,,18.2,40.02,,,,24.85,2.61,,,,13.03,,,,True,2026-05-08,medium_risk|us_centric
JP90C0004H46,ＨＳＢＣ 世界資源エネルギー オープン,,ＨＳＢＣ,先進国株式（広域）-為替ヘッジ無し,株式,world,0.06,0.62,0.11,False,False,False,False,False,none,1.76,58.83,12.0,5,3,3,2,86.72,88.93,26.05,18.11,13.83,4.94,4.76,1.5,1.05,0.74,13.5,16.15,17.17,20.44,True,2026-05-08,global_diversified|high_risk
JP90C0009FQ7,iｼｪｱｰｽﾞ 米国株式(S&amp;P500)ｲﾝﾃﾞｯｸｽ･ﾌｧﾝﾄﾞ,,ﾌﾞﾗｯｸﾛｯｸ,米国株式-為替ヘッジ無し,株式,us,0.0,1.0,0.0,False,False,False,False,False,none,0.0938,931.21,12.0,3,4,5,5,17.3,39.8,26.82,21.02,19.01,17.39,2.62,1.54,1.19,1.01,12.9,16.13,17.19,18.91,True,2026-05-08,high_risk|us_centric
JP90C000LVN0,グローバルＡＺファンド Ｃコース,,楽天,バランス（固定配分・中リスク）-為替リスク低減,バランス,world,0.06,0.62,0.11,False,False,False,False,False,none,1.2825,58.97,4.0,3,2,,,8.91,18.06,10.1,,,6.01,2.47,1.24,,,6.56,7.73,,,True,2026-05-08,global_diversified|low_risk
JP90C00097N5,ﾌｨﾃﾞﾘﾃｨ･USﾘｰﾄ･ﾌｧﾝﾄﾞ(資産成長型)D(為替ﾍｯｼﾞなし),,ﾌｨﾃﾞﾘﾃｨ,北米REIT-為替ヘッジ無し,不動産,world,0.06,0.62,0.11,False,False,False,False,False,none,1.463,896.92,12.0,3,3,5,3,37.46,25.48,15.56,13.65,9.98,10.87,1.83,1.01,0.78,0.55,12.53,15.16,18.5,21.44,True,2026-05-08,high_risk
JP90C000FVY9,ＳＢＩ・先進国株式インデックス・ファンド,雪だるま（先進国株式）,SBI,先進国株式（広域）-為替ヘッジ無し,株式,world,0.06,0.62,0.11,True,False,False,False,False,none,0.0982,440.36,7.0,5,5,5,,22.81,41.14,24.95,18.77,,15.17,2.94,1.55,1.13,,11.77,14.86,16.19,,True,2026-05-08,developed_only|high_risk|passive_index
JP90C000RZ43,SBIﾈｸｽﾄ･ﾌﾛﾝﾃｨｱ高配当株式ﾌｧﾝﾄﾞ(年4回決算型),SBIネクスト・フロンティア高配当株式(分配重視型),SBI,先進国・新興国株式（広域）-為替ヘッジ無し,株式,world,0.06,0.62,0.11,False,False,False,False,False,none,0.099,100.17,,,,,,25.14,,,,,32.5,,,,,,,,,True,2026-05-08,active_diversified|dividend_focused|medium_risk
JP90C00012L8,ＤＬＩＢＪ公社債オープン(短期コース),,AMOne,国内債券,債券,world,0.06,0.62,0.11,False,False,False,False,False,none,0.44,216.34,12.0,4,4,5,5,0.59,0.61,0.44,0.13,0.11,0.53,-0.09,0.46,-0.17,0.09,0.23,0.28,0.29,0.34,True,2026-05-08,low_risk
JP90C000GMR0,楽天･ｲﾝﾃﾞｯｸｽ･ﾊﾞﾗﾝｽ･ﾌｧﾝﾄﾞ(均等型),楽天インデックスバランス（均等型）,楽天,バランス（固定配分・中リスク）-為替リスク低減,バランス,world,0.06,0.62,0.11,False,False,False,False,False,none,0.212,97.21,7.0,3,3,3,,9.26,18.75,11.38,7.05,,7.42,2.61,1.39,0.83,,6.43,7.75,8.48,,True,2026-05-08,broad_market|medium_risk
JP90C00084R4,ピクテ・ゴールド(為替ヘッジあり),,ﾋﾟｸﾃ,金関連-為替ヘッジ有り,株式,world,0.06,0.62,0.11,False,False,False,True,False,none,0.789,2445.22,12.0,3,5,,,26.41,32.57,24.54,14.5,8.84,6.34,1.2,1.28,0.88,0.63,25.71,18.21,16.76,15.14,True,2026-05-08,high_risk
JP90C0000WC1,インデックスファンド２２５,,三菱UFJｱｾｯﾄ,国内株式,株式,world,0.06,0.62,0.11,True,False,False,False,False,none,0.55,1421.3,12.0,4,3,2,4,30.45,63.51,28.46,16.74,15.52,,2.66,1.33,0.9,0.83,18.98,20.19,18.97,19.79,True,2026-05-08,high_risk|passive_index
JP90C000EJS9,米国ｲﾝﾌﾗ関連株式ﾌｧﾝﾄﾞ&lt;為替ﾍｯｼﾞなし&gt;,グレート・アメリカ＜為替ヘッジなし＞,AMOne,米国株式-為替ヘッジ無し,株式,us,0.0,1.0,0.0,False,False,False,False,False,none,1.705,291.34,7.0,5,3,4,,54.46,63.2,30.14,23.17,,18.61,3.2,1.54,1.16,,15.53,17.94,19.56,,True,2026-05-08,high_risk|us_centric
JP90C000QFA9,ｉＦｒｅｅ ＪＰＸプライム１５０,,大和,国内株式,株式,world,0.06,0.62,0.11,False,False,False,False,False,none,0.2145,113.05,1.5,1,,,,15.68,33.44,,,,17.2,2.14,,,,13.63,,,,True,2026-05-08,medium_risk
JP90C000QH04,ｅＭＡＸＩＳ インド株式インデックス,,三菱UFJｱｾｯﾄ,インド株式-為替ヘッジ無し,株式,em,0.0,0.0,1.0,True,False,False,False,False,none,0.44,246.36,1.5,1,,,,-22.98,-6.16,,,,-2.06,-0.32,,,,17.25,,,,True,2026-05-08,em_centric|medium_risk|passive_index|thematic
JP90C00007W5,三井住友・日経２２５オープン,,三井住友DS,国内株式,株式,japan,1.0,0.0,0.0,True,False,False,False,False,none,0.583,220.99,12.0,4,4,3,4,30.22,63.42,28.67,17.01,15.73,6.25,2.65,1.34,0.91,0.83,19.02,20.2,18.97,19.79,True,2026-05-08,high_risk|japan_centric|passive_index
JP90C000JPK2,次世代通信関連　アジア株式戦略ファンド,ＴＨＥ　ＡＳＩＡ　５Ｇ,三井住友TAM,先進国・新興国株式（広域）-為替ヘッジ無し,株式,world,0.06,0.62,0.11,False,False,False,False,False,none,1.848,454.13,7.0,5,5,3,,92.11,134.3,39.42,20.47,,22.3,3.45,1.41,0.85,,25.59,25.66,25.71,,True,2026-05-08,very_high_risk
JP90C000ERE2,たわらノーロード　ＴＯＰＩＸ,,AMOne,国内株式,株式,world,0.06,0.62,0.11,False,False,False,False,False,none,0.187,335.53,7.0,2,2,4,,27.96,41.71,24.24,16.64,,12.78,2.57,1.37,1.04,,13.75,16.65,15.94,,True,2026-05-08,high_risk
JP90C000JA42,Ｏｎｅ高配当利回り厳選ジャパン,,AMOne,国内株式,株式,world,0.06,0.62,0.11,False,False,False,False,False,none,1.0989,187.06,7.0,3,5,5,,39.8,50.01,30.4,22.26,,19.04,2.59,1.66,1.34,,15.97,16.67,15.85,,True,2026-05-08,active_concentrated|dividend_focused|high_risk
JP90C000DQW8,グローバルＡＩファンド,,三井住友DS,先進国株式（広域）-為替ヘッジ無し,株式,world,0.06,0.62,0.11,False,False,False,False,False,none,1.925,6094.53,7.0,5,4,2,,35.25,66.53,34.74,14.99,,22.34,2.76,1.39,0.64,,18.96,23.26,27.6,,True,2026-05-08,global_diversified|very_high_risk
JP90C000H2N2,ｷｬﾋﾟﾀﾙ世界株式ﾌｧﾝﾄﾞ年2回決算(分配重視),,ｷｬﾋﾟﾀﾙ,先進国株式（広域）-為替ヘッジ無し,株式,world,0.06,0.62,0.11,False,False,False,False,False,none,1.701,4774.22,7.0,1,3,2,,7.81,33.68,21.38,14.81,,17.37,2.24,1.35,0.88,,13.09,14.96,17.23,,True,2026-05-08,global_diversified|high_risk
JP90C000JP52,たわらﾉｰﾛｰﾄﾞ ﾌｫｰｶｽ ﾛﾎﾞｯﾄ･ﾃｸﾉﾛｼﾞｰ,,AMOne,先進国株式（広域）-為替ヘッジ無し,株式,world,0.06,0.62,0.11,False,False,False,False,False,none,0.495,13.59,7.0,5,3,3,,64.69,85.69,28.97,20.45,,21.86,3.02,1.17,0.86,,21.16,23.99,24.99,,True,2026-05-08,very_high_risk
JP90C000FXT5,eMAXIS日経ｱｼﾞｱ300ｲﾝﾍﾞｽﾀﾌﾞﾙ･ｲﾝﾃﾞｯｸｽ,,三菱UFJｱｾｯﾄ,アジア株式-為替ヘッジ無し,株式,japan,1.0,0.0,0.0,True,False,False,False,False,none,0.33,54.35,7.0,4,5,5,,42.73,67.18,28.7,15.1,,11.13,2.95,1.45,0.83,,17.85,18.46,18.86,,True,2026-05-08,high_risk|japan_centric|passive_index
JP90C00015B2,Ｏｎｅ国内株オープン,自由演技,AMOne,国内株式,株式,japan,1.0,0.0,0.0,False,False,False,False,False,none,1.76,1512.2,12.0,4,3,4,5,28.48,50.72,24.37,17.06,15.91,7.5,2.79,1.29,0.98,0.87,14.93,17.87,17.4,19.03,True,2026-05-08,high_risk|japan_centric
JP90C000ANR1,ｲｰｽﾄｽﾌﾟﾘﾝｸﾞ･ｼﾞｬﾊﾟﾝ中小型厳選ﾊﾞﾘｭｰ株ﾌｧﾝﾄﾞ,,ｲｰｽﾄｽﾌﾟﾘﾝｸﾞ,国内株式（中小型）,株式,world,0.06,0.62,0.11,False,False,False,False,False,none,1.683,250.33,12.0,3,4,5,3,32.58,43.29,23.82,18.37,13.79,12.25,2.48,1.52,1.2,0.75,14.72,14.63,14.84,19.79,True,2026-05-08,active_concentrated|medium_risk
JP90C000RZP3,暗号資産関連株式ファンド,シークレット・コード,AMOne,先進国・新興国株式（広域）-為替ヘッジ無し,株式,world,0.06,0.62,0.11,False,False,False,False,False,none,2.013,298.16,,,,,,-28.19,,,,,44.03,,,,,,,,,True,2026-05-08,medium_risk
JP90C000F8E0,つみたて日本株式（ＴＯＰＩＸ）,,三菱UFJｱｾｯﾄ,国内株式,株式,japan,1.0,0.0,0.0,False,False,False,False,False,none,0.198,942.71,7.0,2,2,4,,27.91,41.66,24.23,16.63,,12.69,2.57,1.37,1.04,,13.73,16.65,15.93,,True,2026-05-08,high_risk|japan_centric
JP90C0006083,コモンズ３０ファンド,,ｺﾓﾝｽﾞ,国内株式,株式,world,0.06,0.62,0.11,False,False,False,False,False,none,1.078,911.69,12.0,1,1,1,1,29.39,32.9,15.57,11.47,12.43,11.93,2.16,0.91,0.71,0.74,13.34,17.3,17.09,18.02,True,2026-05-08,active_diversified|high_risk|quality
JP90C000QRX6,なかの日本成長ファンド,,なかのＡＭ,国内株式,株式,japan,1.0,0.0,0.0,False,False,False,False,False,none,1.1,48.79,1.5,1,,,,18.96,29.22,,,,11.04,2.03,,,,12.77,,,,True,2026-05-08,japan_centric|medium_risk
JP90C000FMQ4,SMTｺﾞｰﾙﾄﾞｲﾝﾃﾞｯｸｽ･ｵｰﾌﾟﾝ(為替ﾍｯｼﾞなし),,三井住友TAM,金関連-為替ヘッジ無し,株式,world,0.06,0.62,0.11,False,False,False,False,False,none,0.375,267.8,7.0,5,,,,36.3,53.08,37.73,28.78,,19.78,1.81,1.84,1.62,,24.97,18.18,16.41,,True,2026-05-08,high_risk
JP90C000R9Z9,eMAXISSlim先進国株式(含む日本)&lt;ｵｰﾙ先進国&gt;,,三菱UFJｱｾｯﾄ,先進国株式（広域）-為替ヘッジ無し,株式,world,0.06,0.62,0.11,False,False,False,False,False,none,0.09889,82.53,1.5,4,,,,19.03,38.61,,,,21.4,2.87,,,,11.42,,,,True,2026-05-08,developed_only|japan_centric|medium_risk
JP90C000DWH7,ｸﾞﾛｰﾊﾞﾙ･ﾊｲｸｵﾘﾃｨ成長株式ﾌｧﾝﾄﾞ(為替ﾍｯｼﾞなし),未来の世界,AMOne,先進国・新興国株式（広域）-為替ヘッジ無し,株式,world,0.06,0.62,0.11,False,False,False,False,False,none,1.65,8490.91,7.0,1,3,2,,-12.42,10.67,23.08,10.59,,17.53,0.63,1.16,0.53,,17.49,19.28,24.07,,True,2026-05-08,active_diversified|growth_focused|very_high_risk
JP90C000Q317,ｱﾗｲｱﾝｽ･ﾊﾞｰﾝｽﾀｲﾝ･米国成長株投信Eｺｰｽ隔月決算型(為替ﾍｯｼﾞなし)予想分配金提示型,,ｱﾗｲｱﾝｽ,米国株式-為替ヘッジ無し,株式,us,0.0,1.0,0.0,False,False,False,False,False,none,1.727,679.03,1.5,1,,,,3.72,25.78,,,,18.55,1.57,,,,14.99,,,,True,2026-05-08,active_diversified|growth_focused|medium_risk|us_centric
JP90C0009145,野村Jリートファンド,,野村,国内REIT,不動産,world,0.06,0.62,0.11,False,False,False,False,False,none,1.1,337.45,12.0,3,3,5,5,-4.58,12.74,5.25,3.15,4.85,6.21,1.27,0.54,0.32,0.33,9.29,9.7,11.2,20.07,True,2026-05-08,medium_risk
JP90C0006ZN8,東京海上ｾﾚｸｼｮﾝ･外国株式ｲﾝﾃﾞｯｸｽ,,東京海上,先進国株式（広域）-為替ヘッジ無し,株式,world,0.06,0.62,0.11,False,False,False,False,False,none,0.22,1419.3,12.0,3,4,5,5,18.35,38.36,24.89,19.71,17.52,15.28,2.78,1.54,1.17,0.96,11.74,14.94,16.39,18.6,True,2026-05-08,high_risk
JP90C0009TV8,ｅＭＡＸＩＳ 新興国リートインデックス,,三菱UFJｱｾｯﾄ,海外REIT（除く北米）-為替ヘッジ無し,不動産,em,0.0,0.0,1.0,True,False,False,False,False,none,0.66,72.7,12.0,5,5,5,1,24.17,42.26,19.96,16.43,4.95,3.85,2.82,1.43,1.16,0.35,12.6,13.17,13.85,19.04,True,2026-05-08,em_centric|medium_risk|passive_index
JP90C0005H78,ｲﾝﾃﾞｯｸｽﾌｧﾝﾄﾞ海外新興国(ｴﾏｰｼﾞﾝｸﾞ)債券(1年決算型),ＤＣ インデックス海外新興国債券,ｱﾓｰｳﾞｧAM,新興国債券（広域・新興国通貨建）-為替ヘッジ無し,債券,em,0.0,0.0,1.0,False,False,False,False,False,none,0.275,216.88,12.0,3,5,4,4,10.31,19.18,12.12,9.23,5.99,3.62,2.19,1.29,0.95,0.59,7.89,8.92,9.58,10.63,True,2026-05-08,em_centric|medium_risk
JP90C000SCL9,ＳＭＴ　欧州株式モメンタムファンド,トレンドランキング・欧州株,三井住友TAM,欧州株式-為替ヘッジ無し,株式,world,0.06,0.62,0.11,False,False,False,False,False,none,0.77,6.48,,,,,,,,,,,,,,,,,,,,True,2026-05-08,medium_risk|momentum
JP90C000EG58,野村ｲﾝﾃﾞｯｸｽﾌｧﾝﾄﾞ･米国株式配当貴族,Ｆｕｎｄｓ-ｉフォーカス米国株式配当貴族,野村,米国株式-為替ヘッジ無し,株式,us,0.0,1.0,0.0,False,False,False,False,False,none,0.55,916.63,7.0,2,1,2,,20.4,22.07,11.87,12.97,,13.16,1.58,0.88,0.86,,12.74,13.44,15.37,,True,2026-05-08,dividend_focused|high_risk|us_centric
JP90C000EAS8,グローバル・フィンテック株式ファンド,グローバル・フィンテック株式ファンド(1年決算型),ｱﾓｰｳﾞｧAM,先進国株式（広域）-為替ヘッジ無し,株式,world,0.06,0.62,0.11,False,False,False,False,False,none,1.925,1358.11,7.0,2,3,1,,-40.4,16.29,34.39,1.98,,14.94,0.6,1.06,0.24,,34.04,32.54,38.75,,True,2026-05-08,global_diversified|tech_heavy|very_high_risk
JP90C0009YG9,Ｏｎｅ割安日本株ファンド（年１回決算型）,,AMOne,国内株式,株式,japan,1.0,0.0,0.0,False,False,False,False,False,none,1.265,578.82,12.0,3,5,5,5,49.83,54.02,32.43,22.72,16.37,13.26,2.92,1.67,1.32,0.92,15.01,17.66,16.46,18.13,True,2026-05-08,high_risk|japan_centric|value_focused
JP90C0000K37,三井住友・配当フォーカスオープン,,三井住友DS,国内株式,株式,world,0.06,0.62,0.11,False,False,False,False,False,none,0.924,304.88,12.0,2,2,3,3,31.94,36.48,23.87,18.89,14.52,9.05,2.39,1.61,1.39,0.94,13.17,13.74,12.92,15.77,True,2026-05-08,dividend_focused|medium_risk
JP90C0001ZU4,インデックスファンド２２５,,ｱﾓｰｳﾞｧAM,国内株式,株式,world,0.06,0.62,0.11,True,False,False,False,False,none,0.572,4299.82,12.0,4,3,2,4,30.47,63.53,28.46,16.76,15.52,,2.66,1.33,0.9,0.82,18.98,20.2,18.97,19.8,True,2026-05-08,high_risk|passive_index
JP90C000LVQ3,グローバルＡＺファンド Ｅコース,,楽天,先進国株式（広域）-為替ヘッジ無し,株式,world,0.06,0.62,0.11,False,False,False,False,False,none,1.4975,48.68,4.0,3,3,,,24.03,40.49,21.88,,,16.62,2.81,1.43,,,12.17,14.37,,,True,2026-05-08,global_diversified|medium_risk
JP90C0005YM5,ダイヤセレクト日本株オープン,,東京海上,国内株式,株式,japan,1.0,0.0,0.0,False,False,False,False,False,none,1.045,1513.0,12.0,3,5,5,4,55.0,60.21,38.64,28.37,17.18,11.69,3.05,1.85,1.53,0.92,15.7,18.45,17.18,19.25,True,2026-05-08,high_risk|japan_centric
JP90C0000HW0,東京海上セレクション・物価連動国債,うんよう博士,東京海上,国内債券,債券,world,0.06,0.62,0.11,False,False,False,False,False,none,0.275,63.98,12.0,4,4,5,5,-2.72,-1.74,0.36,1.75,0.48,0.86,-1.11,0.03,0.66,0.18,2.12,2.36,2.4,2.41,True,2026-05-08,low_risk
JP90C000DZP3,楽天ターゲットイヤー2040,,楽天,バランス（固定配分・中リスク）-為替リスク低減,バランス,world,0.06,0.62,0.11,False,False,False,False,False,none,0.8375,89.89,7.0,5,4,4,,12.68,22.29,13.34,9.94,,10.42,2.72,1.42,0.93,,7.28,8.86,10.61,,True,2026-05-08,medium_risk
JP90C000QL65,米国大型テクノロジー株式ファンド,マグニフィセント・セブン,三井住友TAM,米国株式-為替ヘッジ無し,株式,us,0.0,1.0,0.0,False,False,False,False,False,none,0.594,150.91,1.5,4,,,,8.01,55.28,,,,31.55,2.28,,,,19.94,,,,True,2026-05-08,medium_risk|us_centric
JP90C0005CC2,NZAM日本好配当株ｵｰﾌﾟﾝ(3ヵ月決算型),四季の便り,農中全共連,国内株式,株式,japan,1.0,0.0,0.0,False,False,False,False,False,none,1.056,35.27,12.0,3,4,5,5,56.3,55.81,32.17,24.68,17.0,11.48,2.93,1.76,1.47,0.94,15.36,16.52,15.82,18.38,True,2026-05-08,dividend_focused|high_risk|japan_centric
JP90C000PER8,たわらノーロード　Ｓ＆Ｐ５００,,AMOne,米国株式-為替ヘッジ無し,株式,world,0.06,0.62,0.11,False,False,False,False,False,none,0.09372,2497.57,4.0,3,4,,,17.21,39.79,26.81,,,28.11,2.61,1.53,,,12.96,16.21,,,True,2026-05-08,high_risk
JP90C000PSN7,はじめてのNISA･全世界株式ｲﾝﾃﾞｯｸｽ(ｵｰﾙ･ｶﾝﾄﾘｰ),Funds-i Basic 全世界株式（オール・カントリー）,野村,先進国・新興国株式（広域）-為替ヘッジ無し,株式,world,0.06,0.62,0.11,False,False,False,False,False,none,0.05775,1465.66,1.5,3,,,,21.02,40.95,,,,23.33,3.0,,,,11.5,,,,True,2026-05-08,global_diversified|medium_risk
JP90C000FH72,東京海上･円資産ｲﾝﾃﾞｯｸｽﾊﾞﾗﾝｽﾌｧﾝﾄﾞ,つみたて円奏会,東京海上,バランス（可変配分）-為替ヘッジ有り,バランス,world,0.06,0.62,0.11,False,False,False,False,False,none,0.418,4.17,7.0,1,1,1,,-3.54,-0.85,-1.14,-1.16,,-0.24,-0.44,-0.44,-0.41,,3.23,3.22,3.17,,True,2026-05-08,low_risk
JP90C000S3Z1,iFreeHOLD日本国債(JGB2056),,大和,国内債券,債券,japan,1.0,0.0,0.0,False,False,False,False,False,none,0.1265,25.15,,,,,,-27.56,,,,,-17.7,,,,,,,,,True,2026-05-08,japan_centric|medium_risk
JP90C000H092,ﾆｯｾｲ宇宙関連ｸﾞﾛｰﾊﾞﾙ株式ﾌｧﾝﾄﾞ(年2回決算型･為替ﾍｯｼﾞなし),スペース革命,ﾆｯｾｲ,先進国株式（広域）-為替ヘッジ無し,株式,world,0.06,0.62,0.11,False,False,False,False,False,none,1.8975,299.39,7.0,1,3,3,,-6.96,22.7,22.53,17.23,,17.2,1.32,1.26,0.94,,16.06,17.05,18.69,,True,2026-05-08,high_risk
JP90C000F8M3,つみたて日本株式（日経平均）,,三菱UFJｱｾｯﾄ,国内株式,株式,japan,1.0,0.0,0.0,True,False,False,False,False,none,0.198,2993.67,7.0,4,4,3,,30.91,64.08,28.91,17.16,,15.69,2.68,1.35,0.92,,18.98,20.19,18.97,,True,2026-05-08,high_risk|japan_centric|passive_index
JP90C000C6E7,ｸﾞﾛｰﾊﾞﾙ･ﾛﾎﾞﾃｨｸｽ株式ﾌｧﾝﾄﾞ(1年決算型),,ｱﾓｰｳﾞｧAM,先進国株式（広域）-為替ヘッジ無し,株式,world,0.06,0.62,0.11,False,False,False,False,False,none,1.936,6989.37,12.0,4,3,3,3,36.31,62.17,25.92,17.61,19.18,17.21,2.86,1.19,0.84,0.89,17.29,21.07,22.0,22.56,True,2026-05-08,very_high_risk
JP90C000FTY3,ﾆｯｾｲAI関連株式ﾌｧﾝﾄﾞ(年2回決算型･為替ﾍｯｼﾞあり),ＡＩ革命（年２・為替ヘッジあり）,ﾆｯｾｲ,米国株式-為替ヘッジ有り,株式,world,0.06,0.62,0.11,False,False,False,False,False,none,1.8925,56.92,7.0,5,5,4,,42.63,74.86,33.53,11.82,,14.07,2.49,1.29,0.55,,23.37,24.52,26.65,,True,2026-05-08,very_high_risk
JP90C00055X2,SMTｸﾞﾛｰﾊﾞﾙ株式ｲﾝﾃﾞｯｸｽ･ｵｰﾌﾟﾝ,,三井住友TAM,先進国株式（広域）-為替ヘッジ無し,株式,world,0.06,0.62,0.11,False,False,False,False,False,none,0.55,3035.94,12.0,3,4,4,4,18.12,37.98,24.74,19.41,17.18,10.85,2.75,1.54,1.15,0.94,11.77,14.93,16.39,18.61,True,2026-05-08,high_risk
JP90C00074C7,eMAXIS全世界株式ｲﾝﾃﾞｯｸｽ(除く日本),,三菱UFJｱｾｯﾄ,先進国・新興国株式（広域）-為替ヘッジ無し,株式,world,0.06,0.62,0.11,False,False,False,False,False,none,0.66,1004.96,12.0,2,3,4,5,20.0,40.04,24.72,18.53,16.53,14.65,2.88,1.55,1.13,0.93,11.75,14.78,16.04,18.23,True,2026-05-08,global_diversified|high_risk|japan_centric
JP90C000LFU8,SBI･ｺﾑｼﾞｪｽﾄ･ｸｵﾘﾃｨｸﾞﾛｰｽ･世界株式ﾌｧﾝﾄﾞ,,SBI,先進国・新興国株式（広域）-為替ヘッジ無し,株式,world,0.06,0.62,0.11,False,False,False,False,False,none,2.101,103.35,7.0,1,1,2,,1.76,20.32,15.13,10.98,,10.76,1.56,1.04,0.72,,11.93,14.2,15.96,,True,2026-05-08,global_diversified|high_risk
JP90C000N686,ﾆｯｾｲ･ﾒﾀﾊﾞｰｽﾜｰﾙﾄﾞ(資産成長型),,ﾆｯｾｲ,先進国株式（広域）-為替ヘッジ無し,株式,world,0.06,0.62,0.11,False,False,False,False,False,none,1.8975,107.29,4.0,5,4,,,32.75,72.04,39.24,,,24.74,2.7,1.51,,,20.79,23.66,,,True,2026-05-08,very_high_risk
JP90C0002H97,株式インデックス225,,野村,国内株式,株式,world,0.06,0.62,0.11,True,False,False,False,False,none,0.682,572.28,12.0,4,3,2,3,30.26,63.24,28.28,16.61,15.4,,2.65,1.32,0.9,0.82,18.97,20.19,18.97,19.78,True,2026-05-08,high_risk|passive_index
JP90C0000HT6,東京海上セレクション・日本株ＴＯＰＩＸ,,東京海上,国内株式,株式,japan,1.0,0.0,0.0,False,False,False,False,False,none,0.154,738.57,12.0,2,3,4,2,27.96,41.79,24.34,16.8,13.42,6.69,2.57,1.38,1.05,0.8,13.72,16.62,15.88,17.5,True,2026-05-08,high_risk|japan_centric
JP90C000GMQ2,楽天･ｲﾝﾃﾞｯｸｽ･ﾊﾞﾗﾝｽ･ﾌｧﾝﾄﾞ(株式重視型),楽天インデックスバランス（株式重視型）,楽天,バランス（固定配分・高リスク）-為替リスク低減,バランス,world,0.06,0.62,0.11,False,False,False,False,False,none,0.204,687.09,7.0,2,2,1,,14.27,27.09,16.49,11.43,,10.93,2.81,1.5,1.0,,8.44,10.37,11.31,,True,2026-05-08,medium_risk
JP90C000B0Y9,ｅＭＡＸＩＳ国内物価連動国債インデックス,,三菱UFJｱｾｯﾄ,国内債券,債券,japan,1.0,0.0,0.0,True,False,False,False,False,none,0.44,44.05,12.0,4,4,5,5,-3.01,-2.01,0.1,1.48,0.28,-0.13,-1.23,-0.08,0.55,0.1,2.14,2.37,2.41,2.42,True,2026-05-08,japan_centric|low_risk|passive_index
JP90C0000L51,明治安田セレクト日本株式ファンド,初（はじめ）くん,明治安田ＡＭ,国内株式,株式,japan,1.0,0.0,0.0,False,False,False,False,False,none,1.375,50.68,12.0,3,2,4,4,33.14,50.45,23.44,20.08,15.39,5.82,2.67,1.24,1.1,0.83,15.59,18.17,17.95,19.43,True,2026-05-08,high_risk|japan_centric
JP90C000C6C1,ｸﾞﾛｰﾊﾞﾙ･ﾛﾎﾞﾃｨｸｽ株式ﾌｧﾝﾄﾞ(年2回決算型),,ｱﾓｰｳﾞｧAM,先進国株式（広域）-為替ヘッジ無し,株式,world,0.06,0.62,0.11,False,False,False,False,False,none,1.936,7882.94,12.0,4,3,3,3,36.6,62.21,25.83,17.74,19.17,17.2,2.86,1.19,0.85,0.89,17.28,21.0,21.91,22.5,True,2026-05-08,high_risk
JP90C000PHR1,TracersMSCIｵｰﾙ･ｶﾝﾄﾘｰ･ｲﾝﾃﾞｯｸｽ(全世界株式),,ｱﾓｰｳﾞｧAM,先進国・新興国株式（広域）-為替ヘッジ無し,株式,world,0.06,0.62,0.11,True,False,False,False,False,none,0.05775,109.62,4.0,3,4,,,21.0,40.97,25.47,,,25.11,2.99,1.6,,,11.52,14.67,,,True,2026-05-08,global_diversified|medium_risk|passive_index
JP90C0002LS6,三井住友ＤＳ日本バリュー株ファンド,黒潮,三井住友DS,国内株式,株式,japan,1.0,0.0,0.0,False,False,False,False,False,none,1.672,883.27,12.0,3,5,5,5,29.24,49.63,29.26,20.96,15.95,6.96,2.69,1.54,1.21,0.89,15.23,17.47,16.8,18.53,True,2026-05-08,active_diversified|high_risk|japan_centric|value_focused
JP90C000DVM9,ｉＦｒｅｅ ＪＰＸ日経４００インデックス,,大和,国内株式,株式,japan,1.0,0.0,0.0,True,False,False,False,False,none,0.2145,200.84,7.0,1,3,4,,29.87,42.0,24.64,16.88,,14.1,2.59,1.38,1.04,,13.68,16.74,16.14,,True,2026-05-08,high_risk|japan_centric|passive_index
JP90C000H654,ｅＭＡＸＩＳ Ｎｅｏ ドローン,,三菱UFJｱｾｯﾄ,米国株式-為替ヘッジ無し,株式,world,0.06,0.62,0.11,False,False,False,False,False,none,0.792,42.34,7.0,4,3,3,,36.35,75.81,32.15,20.18,,22.0,1.68,1.12,0.81,,37.3,28.23,27.08,,True,2026-05-08,very_high_risk
JP90C0006LJ6,eMAXIS先進国ﾘｰﾄｲﾝﾃﾞｯｸｽ(除く日本),,三菱UFJｱｾｯﾄ,海外REIT（含む北米）-為替ヘッジ無し,不動産,world,0.06,0.62,0.11,False,False,False,False,False,none,0.66,201.66,12.0,3,3,3,3,28.72,25.55,14.84,11.74,8.29,11.08,1.99,1.0,0.71,0.48,11.44,14.7,17.64,20.9,True,2026-05-08,developed_only|high_risk|japan_centric
JP90C000SJX9,ハイベータ日本株フォーカス・ファンド,,大和,国内株式,株式,japan,1.0,0.0,0.0,False,False,False,False,False,none,1.573,1052.31,,,,,,,,,,,,,,,,,,,,True,2026-05-08,japan_centric|medium_risk
JP90C000LZD2,楽天･資産づくりﾌｧﾝﾄﾞ(のんびりｺｰｽ),,楽天,バランス（固定配分・低リスク）-為替リスク低減,バランス,world,0.06,0.62,0.11,False,False,False,False,False,none,0.4915,24.38,4.0,2,3,,,1.26,7.11,4.24,,,0.87,1.62,0.8,,,3.89,4.97,,,True,2026-05-08,low_risk
JP90C0005WN7,ﾌﾗﾝｸﾘﾝ･ﾃﾝﾌﾟﾙﾄﾝ･ﾌﾞﾗｼﾞﾙ国債ﾌｧﾝﾄﾞ(年2回決算型),,ﾌﾗﾝｸﾘﾝ･ﾃﾝﾌﾟﾙﾄﾝ,ブラジル債券-為替ヘッジ無し,債券,world,0.06,0.62,0.11,False,False,False,False,False,none,1.705,26.7,12.0,4,3,4,5,35.88,37.56,14.82,17.78,8.95,5.79,3.14,1.12,1.12,0.58,10.14,12.8,15.49,17.26,True,2026-05-08,high_risk
JP90C00035N5,ﾌｨﾃﾞﾘﾃｨ･ﾃｸﾉﾛｼﾞｰ厳選株式ﾌｧﾝﾄﾞ,Ｊテック＋,ﾌｨﾃﾞﾘﾃｨ,国内株式,株式,world,0.06,0.62,0.11,False,False,False,False,False,none,1.65,250.1,12.0,4,2,2,4,36.08,69.19,24.24,15.1,18.36,4.74,2.46,1.03,0.72,0.84,22.23,23.48,23.09,23.17,True,2026-05-08,active_concentrated|very_high_risk
JP90C0009VF7,ﾆｯｾｲ外国債券ｲﾝﾃﾞｯｸｽﾌｧﾝﾄﾞ&lt;購入･換金手数料なし&gt;,,ﾆｯｾｲ,先進国債券（広域・高格付）-為替ヘッジ無し,債券,world,0.06,0.62,0.11,False,False,False,False,False,none,0.154,330.41,12.0,4,4,4,4,6.25,11.88,8.16,5.7,4.3,3.81,1.58,1.07,0.76,0.6,6.88,7.27,7.47,7.34,True,2026-05-08,low_risk
JP90C000SD30,Tracers日本国債ｳﾙﾄﾗﾛﾝｸﾞ(30年平均)年4回分配型,,ｱﾓｰｳﾞｧAM,国内債券,債券,japan,1.0,0.0,0.0,False,False,False,False,False,none,0.176,4.57,,,,,,,,,,,,,,,,,,,,True,2026-05-08,japan_centric|medium_risk
JP90C000JGE4,お金のﾃﾞｻﾞｲﾝ･ｸﾞﾛｰﾊﾞﾙ･ﾘｱﾙｱｾｯﾄ･ﾌｧﾝﾄﾞ(世界の実物資産中心),資産の方舟,お金のﾃﾞｻﾞｲﾝ,バランス（可変配分）-為替ヘッジ無し,バランス,world,0.06,0.62,0.11,False,False,False,False,False,none,1.65,326.17,7.0,2,2,4,,49.93,60.3,24.57,19.84,,19.0,2.17,1.32,1.14,,22.75,17.69,17.05,,True,2026-05-08,global_diversified|high_risk
JP90C0009368,東京海上･ｼﾞｬﾊﾟﾝ･ｵｰﾅｰｽﾞ株式ｵｰﾌﾟﾝ,,東京海上,国内株式,株式,world,0.06,0.62,0.11,False,False,False,False,False,none,1.584,570.29,12.0,1,1,1,4,16.07,29.65,13.85,6.61,16.73,15.24,1.95,0.88,0.47,0.94,13.51,15.89,15.77,18.17,True,2026-05-08,high_risk
JP90C000RY02,My SMT ﾗｯｾﾙ2000米国中小型株式ｲﾝﾃﾞｯｸｽ(ﾉｰﾛｰﾄﾞ),,三井住友TAM,米国株式-為替ヘッジ無し,株式,us,0.0,1.0,0.0,False,False,False,False,False,none,0.1067,12.67,,,,,,34.79,,,,,48.44,,,,,,,,,True,2026-05-08,medium_risk|us_centric
JP90C000RGF4,My SMT ﾗｯｾﾙ1000米国株式ｲﾝﾃﾞｯｸｽ(ﾉｰﾛｰﾄﾞ),,三井住友TAM,米国株式-為替ヘッジ無し,株式,us,0.0,1.0,0.0,False,False,False,False,False,none,0.0715,9.06,1.5,3,,,,16.38,38.66,,,,13.86,2.55,,,,12.95,,,,True,2026-05-08,medium_risk|us_centric
JP90C0003DB7,グローバル・バリュー・オープン,,野村,先進国株式（広域）-為替リスク低減,株式,world,0.06,0.62,0.11,False,False,False,False,False,none,1.672,240.43,12.0,4,4,4,5,13.88,34.13,18.36,16.04,15.3,,2.65,1.33,1.12,0.94,11.12,13.14,14.04,16.63,True,2026-05-08,active_diversified|global_diversified|medium_risk|value_focused
JP90C000CEX4,日系企業海外債券ｵｰﾌﾟﾝ(為替ﾍｯｼﾞなし),日本びより,三井住友DS,先進国債券（広域・高格付）-為替ヘッジ無し,債券,world,0.06,0.62,0.11,False,False,False,False,False,none,1.0285,128.85,12.0,5,4,5,5,6.44,14.66,9.74,8.46,5.93,4.74,1.86,1.22,1.04,0.77,7.18,7.64,7.98,7.73,True,2026-05-08,low_risk
JP90C000QDU2,楽天･資産ｱﾛｹｰｼｮﾝ･ﾌｧﾝﾄﾞ(積極成長型),ＧＭＰ(ゴール・マネジャー・ポートフォリオ),楽天,バランス（固定配分・高リスク）-為替リスク低減,バランス,world,0.06,0.62,0.11,False,False,False,False,False,none,1.6825,12.19,1.5,2,,,,17.1,28.33,,,,15.12,2.88,,,,8.6,,,,True,2026-05-08,medium_risk
JP90C00035L9,フィデリティ・日本バリュー・ファンド,,ﾌｨﾃﾞﾘﾃｨ,国内株式,株式,japan,1.0,0.0,0.0,False,False,False,False,False,none,1.65,66.7,12.0,4,4,5,4,37.28,54.67,28.19,20.08,15.09,10.06,2.71,1.44,1.15,0.83,16.45,18.22,17.02,19.2,True,2026-05-08,active_diversified|high_risk|japan_centric|value_focused
JP90C0006LD9,ｅＭＡＸＩＳ ＴＯＰＩＸインデックス,,三菱UFJｱｾｯﾄ,国内株式,株式,world,0.06,0.62,0.11,True,False,False,False,False,none,0.44,392.18,12.0,2,2,3,2,27.6,41.32,23.93,16.34,13.29,11.18,2.55,1.36,1.02,0.8,13.74,16.65,15.93,17.51,True,2026-05-08,high_risk|passive_index
JP90C000DZN8,楽天ターゲットイヤー2030,,楽天,バランス（固定配分・低リスク）-為替リスク低減,バランス,world,0.06,0.62,0.11,False,False,False,False,False,none,0.8275,43.14,7.0,4,5,4,,4.2,8.89,5.49,3.1,,4.72,2.27,1.23,0.57,,3.5,4.17,5.32,,True,2026-05-08,low_risk
JP90C000JP29,たわらノーロード　フォーカス　ＡＩ,,AMOne,先進国株式（広域）-為替ヘッジ無し,株式,world,0.06,0.62,0.11,False,False,False,False,False,none,0.495,43.23,7.0,4,4,3,,17.89,62.58,40.31,22.91,,25.38,2.27,1.56,0.93,,22.36,23.33,25.54,,True,2026-05-08,very_high_risk
JP90C000CMG2,たわらノーロード　国内債券,,AMOne,国内債券,債券,japan,1.0,0.0,0.0,False,False,False,False,False,none,0.154,232.58,12.0,2,2,2,2,-8.84,-6.6,-4.41,-3.35,-1.8,-1.26,-2.78,-1.41,-1.17,-0.74,2.67,3.39,3.03,2.52,True,2026-05-08,japan_centric|low_risk
JP90C000NTZ4,東京海上･世界ﾓﾉﾎﾟﾘｰ戦略株式ﾌｧﾝﾄﾞ(年1回決算型),,東京海上,先進国株式（広域）-為替ヘッジ無し,株式,world,0.06,0.62,0.11,False,False,False,False,False,none,1.7985,272.22,4.0,2,2,,,27.53,25.2,14.49,,,14.2,2.3,1.17,,,9.71,11.91,,,True,2026-05-08,global_diversified|medium_risk
JP90C000DFV3,Ｏｎｅニッポン債券オープン,ニッポン小町,AMOne,先進国債券（広域・高格付）-為替ヘッジ有り,債券,world,0.06,0.62,0.11,False,False,False,False,False,none,0.693,51.62,7.0,4,4,5,,1.19,2.27,1.24,0.45,,1.16,3.17,1.7,0.37,,0.51,0.54,0.72,,True,2026-05-08,low_risk
JP90C0002SP7,好配当日本株式 オープン,好配当ニッポン,野村,国内株式,株式,japan,1.0,0.0,0.0,False,False,False,False,False,none,1.21,358.28,12.0,3,3,4,3,42.52,48.57,26.3,18.99,14.12,8.72,2.71,1.5,1.2,0.83,14.84,16.31,15.35,17.7,True,2026-05-08,dividend_focused|high_risk|japan_centric
JP90C0008022,ｅＭＡＸＩＳ バランス（８資産均等型）,,三菱UFJｱｾｯﾄ,バランス（固定配分・中リスク）-為替ヘッジ無し,バランス,world,0.06,0.62,0.11,False,False,False,False,False,none,0.55,668.41,12.0,4,4,3,3,13.53,23.87,13.62,9.46,8.34,9.67,2.89,1.45,0.98,0.74,7.3,8.87,9.57,11.58,True,2026-05-08,broad_market|medium_risk
JP90C000LSF2,ｅＭＡＸＩＳ Ｎｅｏ クリーンテック,,三菱UFJｱｾｯﾄ,先進国株式（広域）-為替ヘッジ無し,株式,world,0.06,0.62,0.11,False,False,False,False,False,none,0.792,34.03,7.0,5,2,,,26.58,149.89,14.47,7.26,,9.08,2.69,0.55,0.37,,36.54,34.65,38.6,,True,2026-05-08,tech_heavy|very_high_risk
JP90C000QNV9,iFreeHOLD米国国債(T-Zero2044),,大和,北米債券-為替ヘッジ無し,債券,us,0.0,1.0,0.0,False,False,False,False,False,none,0.1705,46.12,1.5,1,,,,-4.95,7.71,,,,1.61,0.62,,,,12.06,,,,True,2026-05-08,medium_risk|us_centric
JP90C000F2K0,農林中金&lt;ﾊﾟｰﾄﾅｰｽﾞ&gt;長期厳選投資 おおぶね,,農中全共連,米国株式-為替ヘッジ無し,株式,world,0.06,0.62,0.11,False,False,False,False,False,none,0.99,730.45,7.0,1,1,1,,3.11,8.86,12.15,11.53,,13.13,0.7,0.88,0.77,,12.25,13.71,15.46,,True,2026-05-08,active_concentrated|high_risk
JP90C00035B0,フィデリティ・日本成長株・ファンド,,ﾌｨﾃﾞﾘﾃｨ,国内株式,株式,japan,1.0,0.0,0.0,False,False,False,False,False,none,1.683,7234.04,12.0,1,1,1,1,25.47,40.58,18.13,11.28,11.93,6.1,2.27,1.01,0.68,0.68,15.31,17.82,17.86,19.14,True,2026-05-08,active_diversified|growth_focused|high_risk|japan_centric
JP90C000QVX8,(ｱﾑﾝﾃﾞｨ･ｲﾝﾃﾞｯｸｽｼﾘｰｽﾞ)ｵｰﾙｶﾝﾄﾘｰ･高配当株,,ｱﾑﾝﾃﾞｨ,先進国・新興国株式（広域）-為替ヘッジ無し,株式,world,0.06,0.62,0.11,False,False,False,False,False,none,0.165,29.68,1.5,3,,,,29.2,33.63,,,,14.78,3.02,,,,9.57,,,,True,2026-05-08,active_diversified|dividend_focused|medium_risk
JP90C0007LN6,三井住友･DCつみたてNISA･全海外株ｲﾝﾃﾞｯｸｽﾌｧﾝﾄﾞ,,三井住友DS,先進国・新興国株式（広域）-為替ヘッジ無し,株式,world,0.06,0.62,0.11,False,False,False,False,False,none,0.275,4333.08,12.0,3,4,5,5,20.47,40.55,25.16,18.93,16.81,14.27,2.91,1.57,1.15,0.94,11.76,14.79,16.04,18.2,True,2026-05-08,high_risk
JP90C000EUY4,iTrust新興国株式,働きざかり～労働人口増加国限定～,ﾋﾟｸﾃ,新興国株式（広域）-為替ヘッジ無し,株式,em,0.0,0.0,1.0,False,False,False,False,False,none,1.0895,79.04,7.0,1,2,4,,20.0,34.68,20.25,18.54,,8.27,2.11,1.35,1.11,,14.3,14.15,16.36,,True,2026-05-08,em_centric|high_risk
JP90C000Q5N4,ＳＭＴ　ｉＰｌｕｓ　全世界株式,つみたてインデックスプラス・オール・カントリー,三井住友TAM,先進国・新興国株式（広域）-為替ヘッジ無し,株式,world,0.06,0.62,0.11,False,False,False,False,False,none,0.055,133.91,1.5,4,,,,33.57,46.33,,,,28.73,3.3,,,,11.58,,,,True,2026-05-08,global_diversified|medium_risk
JP90C000FBE3,厳選ジャパン,,AMOne,国内株式,株式,world,0.06,0.62,0.11,False,False,False,False,False,none,1.694,98.23,7.0,5,4,2,,26.93,74.4,29.77,14.82,,19.49,2.92,1.32,0.77,,19.55,21.32,20.46,,True,2026-05-08,active_concentrated|high_risk
JP90C000GR12,ｅＭＡＸＩＳ Ｎｅｏ ロボット,,三菱UFJｱｾｯﾄ,米国株式-為替ヘッジ無し,株式,world,0.06,0.62,0.11,False,False,False,False,False,none,0.792,45.31,7.0,4,2,1,,17.42,53.69,18.01,11.91,,13.78,1.97,0.83,0.6,,22.81,22.56,23.06,,True,2026-05-08,very_high_risk
JP90C000Q1B8,ｲﾝﾍﾞｽｺ 世界厳選株式ｵｰﾌﾟﾝ&lt;為替ﾍｯｼﾞなし&gt;(奇数月決算型),世界のベスト,ｲﾝﾍﾞｽｺ,先進国株式（広域）-為替ヘッジ無し,株式,world,0.06,0.62,0.11,False,False,False,False,False,none,1.903,102.09,1.5,2,,,,18.49,31.56,,,,20.74,2.14,,,,12.95,,,,True,2026-05-08,active_concentrated|global_diversified|medium_risk
JP90C000GMS8,楽天･ｲﾝﾃﾞｯｸｽ･ﾊﾞﾗﾝｽ･ﾌｧﾝﾄﾞ(債券重視型),楽天インデックスバランス（債券重視型）,楽天,バランス（固定配分・低リスク）-為替リスク低減,債券,world,0.06,0.62,0.11,False,False,False,False,False,none,0.22,65.72,7.0,4,4,3,,4.15,10.78,6.26,2.66,,3.83,2.16,1.08,0.43,,4.5,5.46,6.08,,True,2026-05-08,low_risk
JP90C000FNT6,楽天・新興国株式インデックス・ファンド,楽天・ＶＷＯ,楽天,新興国株式（広域）-為替ヘッジ無し,株式,em,0.0,0.0,1.0,True,False,False,False,False,none,0.192,68.35,7.0,1,1,2,,23.04,43.92,22.06,12.8,,9.85,2.84,1.34,0.81,,12.95,15.56,16.39,,True,2026-05-08,em_centric|high_risk|passive_index
JP90C000KNQ2,ｲﾝﾃﾞｯｸｽﾌｧﾝﾄﾞNASDAQ100(ｱﾒﾘｶ株式),,ｱﾓｰｳﾞｧAM,米国株式-為替ヘッジ無し,株式,us,0.0,1.0,0.0,True,False,False,False,False,none,0.484,3221.6,7.0,4,4,4,,18.3,49.31,33.38,23.87,,25.58,2.55,1.51,1.09,,16.06,20.28,21.65,,True,2026-05-08,high_risk|passive_index|tech_heavy|us_centric
JP90C000DZQ1,楽天ターゲットイヤー2050,,楽天,バランス（固定配分・高リスク）-為替リスク低減,バランス,world,0.06,0.62,0.11,False,False,False,False,False,none,0.8375,76.86,7.0,5,2,2,,17.63,29.56,16.52,12.09,,11.54,2.79,1.45,1.0,,9.23,10.76,12.03,,True,2026-05-08,medium_risk
JP90C000FLL7,My SMT 日経225ｲﾝﾃﾞｯｸｽ(ﾉ-ﾛｰﾄﾞ),,三井住友TAM,国内株式,株式,japan,1.0,0.0,0.0,True,False,False,False,False,none,0.154,609.79,7.0,4,4,3,,30.85,64.02,28.88,17.13,,13.94,2.68,1.34,0.92,,18.97,20.19,18.97,,True,2026-05-08,high_risk|japan_centric|passive_index
JP90C00057F5,ブラックロック天然資源株ファンド,,ﾌﾞﾗｯｸﾛｯｸ,先進国株式（広域）-為替ヘッジ無し,株式,world,0.06,0.62,0.11,False,False,False,False,False,none,1.903,195.69,12.0,4,3,3,3,80.93,83.52,28.2,25.24,17.27,4.53,3.59,1.35,1.06,0.76,17.25,19.65,23.75,25.23,True,2026-05-08,very_high_risk
JP90C000NYN0,TracersS&amp;P500配当貴族ｲﾝﾃﾞｯｸｽ(米国株式),,ｱﾓｰｳﾞｧAM,米国株式-為替ヘッジ無し,株式,us,0.0,1.0,0.0,False,False,False,False,False,none,0.1155,132.76,4.0,2,1,,,20.95,22.58,12.3,,,10.82,1.61,0.91,,,12.78,13.44,,,True,2026-05-08,dividend_focused|medium_risk|us_centric
JP90C000FCE1,iFree外国株式ｲﾝﾃﾞｯｸｽ(為替ﾍｯｼﾞあり),,大和,先進国株式（広域）-為替ヘッジ有り,株式,world,0.06,0.62,0.11,False,False,False,False,False,none,0.209,164.14,7.0,3,4,5,,8.92,23.44,13.78,7.54,,9.78,1.96,1.1,0.57,,10.75,12.11,14.17,,True,2026-05-08,medium_risk
JP90C00074E3,SMT 日経225インデックス・オープン,,三井住友TAM,国内株式,株式,japan,1.0,0.0,0.0,True,False,False,False,False,none,0.407,755.89,12.0,4,3,2,4,30.51,63.59,28.56,16.84,15.65,13.88,2.67,1.33,0.91,0.83,18.97,20.19,18.97,19.78,True,2026-05-08,high_risk|japan_centric|passive_index
JP90C000SGU1,iFreeHOLD日本国債2045(3･9月定期分配型),,大和,国内債券,債券,japan,1.0,0.0,0.0,False,False,False,False,False,none,0.1265,5.18,,,,,,,,,,,,,,,,,,,,True,2026-05-08,japan_centric|medium_risk
JP90C000FED9,日本株式・Jリートバランスファンド,,SBI岡三,国内株式,バランス,japan,1.0,0.0,0.0,False,False,False,False,False,none,0.209,36.05,7.0,2,1,1,,12.02,36.16,16.7,9.82,,10.67,2.71,1.26,0.78,,11.42,12.66,12.74,,True,2026-05-08,broad_market|japan_centric|medium_risk
JP90C000DVP2,ｉＦｒｅｅ ＮＹダウ・インデックス,,大和,米国株式-為替ヘッジ無し,株式,world,0.06,0.62,0.11,True,False,False,False,False,none,0.2475,1085.48,7.0,1,2,3,,14.86,32.76,20.15,17.32,,17.81,2.28,1.28,1.07,,12.54,15.05,16.04,,True,2026-05-08,high_risk|passive_index
JP90C00095T6,次世代米国代表株ファンド,メジャー・リーダー,三菱UFJｱｾｯﾄ,米国株式-為替ヘッジ無し,株式,us,0.0,1.0,0.0,False,False,False,False,False,none,1.595,2278.16,12.0,2,2,3,3,8.43,37.51,23.58,17.49,16.42,15.45,2.02,1.26,0.94,0.84,16.14,17.88,18.81,20.46,True,2026-05-08,high_risk|us_centric
JP90C000CMH0,たわらノーロード　国内リート,,AMOne,国内REIT,不動産,japan,1.0,0.0,0.0,False,False,False,False,False,none,0.275,200.82,12.0,4,4,3,3,-4.51,12.0,4.69,2.21,3.73,4.54,1.22,0.49,0.23,0.28,9.13,9.77,11.2,19.77,True,2026-05-08,japan_centric|medium_risk
JP90C000DVL1,ｉＦｒｅｅ ＴＯＰＩＸインデックス,,大和,国内株式,株式,world,0.06,0.62,0.11,True,False,False,False,False,none,0.154,348.48,7.0,2,2,4,,27.95,41.74,24.26,16.67,,13.93,2.57,1.37,1.04,,13.74,16.65,15.93,,True,2026-05-08,high_risk|passive_index
JP90C0005E06,ダイワ・ブラジル株式ファンド,,大和,ブラジル・中南米株式-為替ヘッジ無し,株式,world,0.06,0.62,0.11,False,False,False,False,False,none,1.848,46.04,12.0,4,4,3,,77.7,67.6,24.03,15.85,11.47,0.56,2.61,1.1,0.66,0.5,20.45,21.36,27.6,31.96,True,2026-05-08,very_high_risk
JP90C000PSS6,はじめてのNISA･日本株式ｲﾝﾃﾞｯｸｽ(日経225),Funds-i Basic 日本株式（日経225）,野村,国内株式,株式,japan,1.0,0.0,0.0,True,False,False,False,False,none,0.143,365.56,1.5,4,,,,30.91,64.12,,,,26.23,2.68,,,,18.97,,,,True,2026-05-08,japan_centric|medium_risk|passive_index
JP90C0001R05,DCﾆｯｾｲﾜｰﾙﾄﾞｾﾚｸﾄﾌｧﾝﾄﾞ(株式重視型),,ﾆｯｾｲ,バランス（固定配分・高リスク）-為替ヘッジ無し,バランス,world,0.06,0.62,0.11,False,False,False,False,False,none,0.154,835.99,12.0,3,4,4,5,15.64,27.41,17.25,12.67,10.96,7.44,2.96,1.52,1.14,0.9,8.1,10.65,10.84,12.28,True,2026-05-08,medium_risk
JP90C000CVU4,企業価値成長小型株ファンド,眼力（ガンリキ）,AMOne,国内株式（中小型）,株式,world,0.06,0.62,0.11,False,False,False,False,False,none,1.595,323.32,12.0,3,2,2,5,60.64,53.03,15.77,8.15,18.91,18.9,2.48,0.82,0.46,0.85,17.6,20.02,21.49,23.57,True,2026-05-08,high_risk
JP90C000S6A7,たわらノーロード　ゴールド,,AMOne,金関連-為替ヘッジ無し,株式,world,0.06,0.62,0.11,False,False,False,False,False,none,0.375,25.74,,,,,,35.9,,,,,48.42,,,,,,,,,True,2026-05-08,medium_risk
JP90C000M9J8,グローバル水素株式ファンド,Ｈ２,ｱﾓｰｳﾞｧAM,先進国株式（広域）-為替ヘッジ無し,株式,world,0.06,0.62,0.11,False,False,False,False,False,none,1.6885,284.61,4.0,5,3,,,61.05,78.04,24.54,,,13.94,3.63,1.28,,,16.16,18.29,,,True,2026-05-08,global_diversified|high_risk
JP90C000ACA0,ｸﾞﾛｰﾊﾞﾙ変動金利債券ﾌｧﾝﾄﾞ 円ﾍｯｼﾞなしｺｰｽ,ヘンリー,SOMPO,先進国債券（広域・高格付）-為替ヘッジ無し,債券,world,0.06,0.62,0.11,False,False,False,False,False,none,0.561,8.12,12.0,5,3,5,5,8.0,14.07,11.54,10.89,6.79,5.19,1.79,1.34,1.23,0.82,7.14,8.19,8.58,8.39,True,2026-05-08,medium_risk
JP90C0006LG2,eMAXIS先進国株式ｲﾝﾃﾞｯｸｽ(除く日本),,三菱UFJｱｾｯﾄ,先進国株式（広域）-為替ヘッジ無し,株式,world,0.06,0.62,0.11,False,False,False,False,False,none,0.66,1445.18,12.0,3,4,4,4,18.04,37.88,24.62,19.28,17.03,14.54,2.74,1.53,1.15,0.94,11.77,14.93,16.41,18.61,True,2026-05-08,developed_only|high_risk|japan_centric
JP90C000FN33,たわらノーロード　バランス（標準型）,,AMOne,バランス（固定配分・中リスク）-為替リスク低減,バランス,world,0.06,0.62,0.11,False,False,False,False,False,none,0.143,393.04,7.0,1,1,1,,4.28,12.41,7.28,3.98,,4.95,2.3,1.14,0.57,,4.88,6.04,6.95,,True,2026-05-08,broad_market|low_risk
JP90C000FMP6,SMTｺﾞｰﾙﾄﾞｲﾝﾃﾞｯｸｽ･ｵｰﾌﾟﾝ(為替ﾍｯｼﾞあり),,三井住友TAM,金関連-為替ヘッジ有り,株式,world,0.06,0.62,0.11,False,False,False,False,False,none,0.375,139.84,7.0,4,3,,,25.43,36.94,25.08,14.63,,11.95,1.29,1.25,0.86,,26.78,19.13,17.57,,True,2026-05-08,high_risk
JP90C0006FS9,日興ﾚｼﾞｪﾝﾄﾞ･ｲｰｸﾞﾙ･ﾌｧﾝﾄﾞ(資産成長ｺｰｽ),,ｱﾑﾝﾃﾞｨ,先進国株式（広域）-為替リスク低減,株式,world,0.06,0.62,0.11,False,False,False,False,False,none,2.032,1204.39,12.0,4,4,4,4,24.81,37.67,21.01,17.16,12.4,11.0,3.07,1.65,1.3,0.88,10.41,11.8,12.63,14.38,True,2026-05-08,medium_risk
JP90C000R8P2,ﾆｭｰﾄﾝ･ﾊﾟﾜｰ･ｲﾉﾍﾞｰｼｮﾝ･ﾌｧﾝﾄﾞ(為替ﾍｯｼﾞあり),電力革命,三井住友DS,先進国株式（広域）-為替リスク低減,株式,world,0.06,0.62,0.11,False,False,False,False,False,none,1.793,85.06,1.5,5,,,,38.99,72.24,,,,46.33,3.3,,,,16.78,,,,True,2026-05-08,medium_risk
JP90C0001QU3,ニッセイ日本株ファンド,,ﾆｯｾｲ,国内株式,株式,japan,1.0,0.0,0.0,False,False,False,False,False,none,0.88,2325.06,12.0,1,1,3,1,27.72,38.93,22.7,16.26,12.28,7.01,2.39,1.3,1.01,0.74,13.95,16.57,15.97,17.61,True,2026-05-08,high_risk|japan_centric
JP90C000F9L3,Ｓｍａｒｔ-ｉ　Ｊリートインデックス,,りそな,国内REIT,不動産,world,0.06,0.62,0.11,True,False,False,False,False,none,0.187,72.85,7.0,5,5,4,,-4.41,12.08,4.8,2.29,,5.37,1.23,0.5,0.24,,9.11,9.75,11.19,,True,2026-05-08,medium_risk|passive_index
JP90C000GS29,ｸﾞﾛｰﾊﾞﾙ･ｽﾍﾟｰｽ株式ﾌｧﾝﾄﾞ(1年決算型),,ｱﾓｰｳﾞｧAM,先進国株式（広域）-為替ヘッジ無し,株式,world,0.06,0.62,0.11,False,False,False,False,False,none,1.925,534.34,7.0,4,4,2,,20.52,86.97,39.53,17.0,,17.9,2.03,1.35,0.7,,33.42,27.25,27.39,,True,2026-05-08,very_high_risk
JP90C000FLK9,My SMT ｸﾞﾛｰﾊﾞﾙ株式ｲﾝﾃﾞｯｸｽ(ﾉｰﾛｰﾄﾞ),,三井住友TAM,先進国株式（広域）-為替ヘッジ無し,株式,world,0.06,0.62,0.11,False,False,False,False,False,none,0.1023,532.61,7.0,3,5,5,,18.63,38.58,25.28,19.9,,16.74,2.79,1.57,1.18,,11.77,14.93,16.39,,True,2026-05-08,high_risk
JP90C000R3Y5,ひふみクロスオーバーpro,,ﾚｵｽ･ｷｬﾋﾟﾀﾙﾜｰｸｽ,国内株式,株式,world,0.06,0.62,0.11,False,False,False,False,False,none,1.65,509.31,1.5,1,,,,23.65,33.53,,,,18.34,2.34,,,,12.47,,,,True,2026-05-08,active_diversified|medium_risk|quality
JP90C0004948,ＳＢＩ・ＵＴＩインドファンド,,SBI,インド株式-為替ヘッジ無し,株式,em,0.0,0.0,1.0,False,False,False,False,False,none,1.854,595.59,12.0,1,1,1,3,-26.74,-6.59,7.65,7.69,11.74,7.45,-0.34,0.53,0.5,0.68,17.38,15.47,17.39,18.89,True,2026-05-08,em_centric|high_risk|thematic
JP90C000QJL8,日本好配当リバランスオープンII,,SBI岡三,国内株式,バランス,japan,1.0,0.0,0.0,False,False,False,False,False,none,0.913,960.44,1.5,3,,,,30.47,36.51,,,,15.75,2.34,,,,13.43,,,,True,2026-05-08,broad_market|dividend_focused|japan_centric|medium_risk
JP90C000FNW0,深ｾﾝ･ｲﾉﾍﾞｰｼｮﾝ株式ﾌｧﾝﾄﾞ(1年決算型),,ｱﾓｰｳﾞｧAM,中国・香港株式-為替ヘッジ無し,株式,world,0.06,0.62,0.11,False,False,False,False,False,none,1.705,241.88,7.0,5,5,4,,67.99,117.93,21.25,7.67,,11.75,2.8,0.78,0.4,,29.33,30.17,27.86,,True,2026-05-08,very_high_risk
JP90C000RE71,たわらﾉｰﾛｰﾄﾞ ｲﾝﾄﾞ株式Nifty50,,AMOne,インド株式-為替ヘッジ無し,株式,world,0.06,0.62,0.11,False,False,False,False,False,none,0.2805,17.89,1.5,1,,,,-23.08,-6.59,,,,-9.16,-0.35,,,,17.2,,,,True,2026-05-08,medium_risk
JP90C000F9M1,Ｓｍａｒｔ-ｉ　日経２２５インデックス,,りそな,国内株式,株式,japan,1.0,0.0,0.0,True,False,False,False,False,none,0.187,384.76,7.0,4,4,2,,30.71,63.87,28.69,16.89,,15.7,2.68,1.34,0.91,,18.93,20.18,18.96,,True,2026-05-08,high_risk|japan_centric|passive_index
JP90C000JFM9,ひふみワールド＋,,ﾚｵｽ･ｷｬﾋﾟﾀﾙﾜｰｸｽ,先進国株式（広域）-為替ヘッジ無し,株式,world,0.06,0.62,0.11,False,False,False,False,False,none,1.628,2569.99,7.0,2,2,2,,7.28,32.26,20.26,13.31,,16.22,1.78,1.14,0.76,,16.07,17.28,18.47,,True,2026-05-08,active_diversified|high_risk|quality
JP90C0000P65,三菱ＵＦＪ 日本株オープン「３５」,,三菱UFJｱｾｯﾄ,国内株式,株式,japan,1.0,0.0,0.0,False,False,False,False,False,none,1.65,123.99,12.0,5,4,3,5,74.31,92.93,30.09,18.23,18.53,7.27,3.38,1.27,0.86,0.86,19.98,22.6,22.22,22.76,True,2026-05-08,japan_centric|very_high_risk
JP90C0005X52,ﾋﾟｸﾃ･ｸﾞﾛｰﾊﾞﾙ･ｲﾝｶﾑ株式ﾌｧﾝﾄﾞ(1年決算型),,ﾋﾟｸﾃ,先進国株式（広域）-為替ヘッジ無し,株式,world,0.06,0.62,0.11,False,False,False,False,False,none,1.81,1350.11,12.0,2,2,2,1,28.93,36.86,17.28,16.01,10.92,8.3,2.53,1.18,0.98,0.69,12.48,14.1,16.39,17.13,True,2026-05-08,high_risk
JP90C000DV01,ﾌｨﾃﾞﾘﾃｨ･Jﾘｰﾄ･ｱｸﾃｨﾌﾞ･ﾌｧﾝﾄﾞ(資産成長型),,ﾌｨﾃﾞﾘﾃｨ,国内REIT,不動産,world,0.06,0.62,0.11,False,False,False,False,False,none,1.045,95.46,7.0,3,3,5,,-4.33,12.36,5.63,3.72,,5.62,1.24,0.56,0.36,,9.21,10.09,11.46,,True,2026-05-08,medium_risk
JP90C000PSP2,はじめてのNISA･米国株式ｲﾝﾃﾞｯｸｽ(S&amp;P500),Funds-i Basic 米国株式（S&amp;P500）,野村,米国株式-為替ヘッジ無し,株式,us,0.0,1.0,0.0,False,False,False,False,False,none,0.09372,1268.22,1.5,3,,,,17.22,39.8,,,,23.77,2.61,,,,12.95,,,,True,2026-05-08,medium_risk|us_centric
JP90C00091F4,SBI･iｼｪｱｰｽﾞ･全世界債券ｲﾝﾃﾞｯｸｽ･ﾌｧﾝﾄﾞ,サクっと全世界債券,SBI,先進国・新興国債券（広域）-為替ヘッジ無し,債券,world,0.06,0.62,0.11,False,False,False,False,False,none,0.1158,109.39,12.0,1,1,1,1,3.98,10.41,7.17,5.31,3.9,3.73,1.14,0.86,0.69,0.54,8.44,8.06,7.65,7.41,True,2026-05-08,global_diversified|low_risk
JP90C000G680,Smart-i 8資産ﾊﾞﾗﾝｽ 安定成長型,,りそな,バランス（固定配分・中リスク）-為替リスク低減,バランス,world,0.06,0.62,0.11,False,False,False,False,False,none,0.216,243.71,7.0,4,4,4,,12.56,24.14,14.81,10.43,,9.15,2.86,1.5,1.05,,7.45,9.29,9.71,,True,2026-05-08,broad_market|medium_risk
JP90C0001QY5,DCﾆｯｾｲﾜｰﾙﾄﾞｾﾚｸﾄﾌｧﾝﾄﾞ(債券重視型),,ﾆｯｾｲ,バランス（固定配分・低リスク）-為替ヘッジ無し,債券,world,0.06,0.62,0.11,False,False,False,False,False,none,0.154,422.36,12.0,4,4,4,5,4.04,10.31,6.7,4.86,4.6,4.0,2.04,1.13,0.84,0.76,4.56,5.6,5.61,6.04,True,2026-05-08,low_risk
JP90C0006LK4,ｅＭＡＸＩＳ 新興国株式インデックス,,三菱UFJｱｾｯﾄ,新興国株式（広域）-為替ヘッジ無し,株式,em,0.0,0.0,1.0,True,False,False,False,False,none,0.66,645.78,12.0,3,3,3,4,35.21,57.51,25.35,13.35,13.08,8.55,2.9,1.4,0.79,0.74,15.95,16.99,17.58,19.02,True,2026-05-08,em_centric|high_risk|passive_index
JP90C000PP96,ｱﾗｲｱﾝｽ･ﾊﾞｰﾝｽﾀｲﾝ･米国割安株投信(年2回決算型),プレミアバリュー,ｱﾗｲｱﾝｽ,米国株式-為替ヘッジ無し,株式,us,0.0,1.0,0.0,False,False,False,False,False,none,1.6797,253.73,1.5,2,,,,31.21,31.06,,,,16.21,2.35,,,,11.55,,,,True,2026-05-08,medium_risk|us_centric|value_focused
JP90C0009PE2,２１世紀東京 日本株式ファンド,成長への道,ｶﾚﾗAM,国内株式,株式,japan,1.0,0.0,0.0,False,False,False,False,False,none,1.6445,24.19,12.0,4,5,4,4,33.96,62.39,35.77,19.52,16.01,13.2,3.33,1.69,1.08,0.9,14.74,19.01,17.82,18.32,True,2026-05-08,high_risk|japan_centric
JP90C000F179,ｅＭＡＸＩＳＪＰＸ日経中小型インデックス,,三菱UFJｱｾｯﾄ,国内株式（中小型）,株式,japan,1.0,0.0,0.0,True,False,False,False,False,none,0.44,20.44,7.0,2,3,4,,35.01,36.82,19.2,12.11,,10.03,2.46,1.19,0.8,,12.88,15.56,15.66,,True,2026-05-08,high_risk|japan_centric|passive_index
JP90C000SBP2,ＤＷＳ　ＡＩニューリーダーズ株式ファンド,,ﾄﾞｲﾁｪ,先進国株式（広域）-為替ヘッジ無し,株式,world,0.06,0.62,0.11,False,False,False,False,False,none,0.592,6.99,,,,,,,,,,,,,,,,,,,,True,2026-05-08,medium_risk
JP90C000FFX4,米国株式インデックス・ファンド,,ｽﾃｰﾄｽﾄﾘｰﾄ,米国株式-為替ヘッジ無し,株式,us,0.0,1.0,0.0,True,False,False,False,False,none,0.495,1990.85,7.0,3,3,5,,16.75,39.24,26.26,20.67,,18.3,2.58,1.5,1.16,,12.96,16.21,17.3,,True,2026-05-08,high_risk|passive_index|us_centric
JP90C000F8F7,つみたて先進国株式,,三菱UFJｱｾｯﾄ,先進国株式（広域）-為替ヘッジ無し,株式,world,0.06,0.62,0.11,False,False,False,False,False,none,0.22,5643.93,7.0,3,5,5,,18.54,38.46,25.16,19.8,,17.4,2.78,1.56,1.17,,11.78,14.94,16.41,,True,2026-05-08,developed_only|high_risk
JP90C000N9T6,iFreeｵｰﾙｶﾝﾄﾘｰ(全世界株式)ESGｲﾝﾃﾞｯｸｽ,未来へつなぐオールカントリー（ミラカン）,大和,先進国株式（広域）-為替ヘッジ無し,株式,world,0.06,0.62,0.11,False,False,False,False,False,none,0.209,13.59,4.0,4,3,,,17.18,40.05,23.98,,,21.67,2.84,1.48,,,11.94,15.06,,,True,2026-05-08,global_diversified|high_risk|thematic
JP90C0002PZ2,米国NASDAQオープンBコース,,野村,米国株式-為替ヘッジ無し,株式,us,0.0,1.0,0.0,True,False,False,False,False,none,1.694,1400.21,12.0,4,3,3,5,13.1,48.1,33.46,21.41,22.87,7.86,2.15,1.33,0.94,1.02,18.82,23.72,23.51,22.75,True,2026-05-08,passive_index|tech_heavy|us_centric|very_high_risk
JP90C0002PX7,ストラテジック・バリュー・オープン,真価論,野村,国内株式,株式,world,0.06,0.62,0.11,False,False,False,False,False,none,1.65,48.81,12.0,2,3,4,3,16.65,38.83,26.72,19.34,14.7,8.11,2.3,1.44,1.14,0.81,14.48,17.34,16.6,19.19,True,2026-05-08,active_diversified|high_risk|value_focused
JP90C000FBV7,全世界株式インデックス・ファンド,,ｽﾃｰﾄｽﾄﾘｰﾄ,先進国・新興国株式（広域）-為替ヘッジ無し,株式,world,0.06,0.62,0.11,True,False,False,False,False,none,0.528,435.35,7.0,2,3,5,,20.38,40.23,24.84,18.57,,15.83,2.95,1.57,1.15,,11.52,14.66,15.83,,True,2026-05-08,global_diversified|high_risk|passive_index
JP90C000A7W9,インデックスファンドDAX（ドイツ株式）,,ｱﾓｰｳﾞｧAM,先進国株式（その他単一国）-為替ヘッジ無し,株式,world,0.06,0.62,0.11,True,False,False,False,False,none,0.77,101.66,12.0,2,4,4,3,6.77,18.77,20.92,15.83,12.43,8.88,1.19,1.24,0.87,0.63,14.86,16.07,18.8,22.82,True,2026-05-08,high_risk|passive_index
JP90C0000KS2,新成長株ファンド,グローイング・カバーズ,明治安田ＡＭ,国内株式（中小型）,株式,world,0.06,0.62,0.11,False,False,False,False,False,none,1.87,293.64,12.0,1,1,1,2,18.38,23.96,6.83,0.38,10.36,7.66,1.43,0.44,0.11,0.56,15.46,18.26,19.96,21.84,True,2026-05-08,active_diversified|growth_focused|high_risk
JP90C000LFT0,SBI･ｺﾑｼﾞｪｽﾄ･ｸｵﾘﾃｨｸﾞﾛｰｽ･日本株式ﾌｧﾝﾄﾞ,,SBI,国内株式,株式,japan,1.0,0.0,0.0,False,False,False,False,False,none,1.9888,33.2,7.0,2,1,1,,22.26,38.41,15.92,5.93,,5.04,2.02,0.93,0.4,,16.5,17.04,18.29,,True,2026-05-08,high_risk|japan_centric
JP90C000Q1X2,ﾆｯｾｲ･S米国株式500ｲﾝﾃﾞｯｸｽﾌｧﾝﾄﾞ&lt;購入･換金手数料なし&gt;,,ﾆｯｾｲ,米国株式-為替ヘッジ無し,株式,us,0.0,1.0,0.0,False,False,False,False,False,none,0.05775,474.12,1.5,3,,,,16.52,39.81,,,,24.03,2.59,,,,13.05,,,,True,2026-05-08,medium_risk|us_centric
JP90C000F3F8,DCﾆｯｾｲﾜｰﾙﾄﾞｾﾚｸﾄﾌｧﾝﾄﾞ(安定型),,ﾆｯｾｲ,バランス（固定配分・低リスク）-為替ヘッジ無し,バランス,world,0.06,0.62,0.11,False,False,False,False,False,none,0.154,210.76,7.0,1,1,1,,-1.77,2.35,1.71,1.2,,1.56,0.56,0.4,0.3,,3.14,3.68,3.61,,True,2026-05-08,low_risk
JP90C0004AP1,大和住銀ＤＣ海外株式アクティブファンド,,三井住友DS,先進国株式（広域）-為替ヘッジ無し,株式,world,0.06,0.62,0.11,False,False,False,False,False,none,1.782,2577.72,12.0,4,3,2,3,25.21,47.51,26.12,15.15,19.11,10.47,2.45,1.37,0.82,0.94,16.19,17.86,19.39,20.81,True,2026-05-08,active_diversified|high_risk
JP90C000CZ57,たわらノーロード　新興国株式,,AMOne,新興国株式（広域）-為替ヘッジ無し,株式,em,0.0,0.0,1.0,False,False,False,False,False,none,0.1859,605.8,12.0,4,4,3,3,36.05,58.37,25.76,13.52,12.92,12.03,2.94,1.42,0.8,0.73,15.94,16.97,17.56,19.17,True,2026-05-08,em_centric|high_risk
JP90C000PSR8,はじめてのNISA･日本株式ｲﾝﾃﾞｯｸｽ(TOPIX),Funds-i Basic 日本株式（TOPIX）,野村,国内株式,株式,japan,1.0,0.0,0.0,True,False,False,False,False,none,0.143,79.64,1.5,2,,,,27.97,41.75,,,,22.11,2.57,,,,13.74,,,,True,2026-05-08,japan_centric|medium_risk|passive_index
JP90C0001HV0,ＪＰＭアジア株・アクティブ・オープン,,JPﾓﾙｶﾞﾝ,アジア株式-為替ヘッジ無し,株式,world,0.06,0.62,0.11,False,False,False,False,False,none,1.683,509.03,12.0,5,3,2,5,44.16,78.32,23.86,8.96,15.81,9.62,3.01,1.09,0.49,0.77,19.73,21.47,22.05,22.04,True,2026-05-08,active_diversified|very_high_risk
JP90C000RCK3,日経平均高配当利回り株ファンドII,,三菱UFJｱｾｯﾄ,国内株式,株式,japan,1.0,0.0,0.0,True,False,False,False,False,none,0.693,208.06,1.5,2,,,,36.57,32.41,,,,22.78,1.9,,,,15.05,,,,True,2026-05-08,dividend_focused|japan_centric|medium_risk|passive_index
JP90C0005606,SMTJ-REITインデックス・オープン,,三井住友TAM,国内REIT,不動産,world,0.06,0.62,0.11,True,False,False,False,False,none,0.44,317.02,12.0,3,3,3,3,-4.68,11.81,4.55,2.04,3.65,4.96,1.2,0.47,0.22,0.28,9.13,9.77,11.21,19.85,True,2026-05-08,medium_risk|passive_index|tech_heavy
JP90C000BHG4,米国バイオ＆テクノロジー株オープン,,SBI岡三,米国株式-為替ヘッジ無し,株式,us,0.0,1.0,0.0,False,False,False,False,False,none,1.815,139.43,12.0,3,2,2,4,9.32,42.48,23.19,15.13,17.44,13.4,2.21,1.2,0.79,0.88,16.37,18.65,20.14,20.67,True,2026-05-08,high_risk|us_centric
JP90C0000US1,三菱ＵＦＪＮＡＳＤＡＱオープンＢコース,,三菱UFJｱｾｯﾄ,米国株式-為替ヘッジ無し,株式,world,0.06,0.62,0.11,False,False,False,False,False,none,1.672,586.75,12.0,4,3,3,5,3.87,47.05,33.97,21.81,23.09,,1.98,1.37,0.94,1.03,20.24,23.22,24.0,22.78,True,2026-05-08,very_high_risk
JP90C0003E16,野村国内株式アクティブオープン,,野村,国内株式,株式,japan,1.0,0.0,0.0,False,False,False,False,False,none,1.672,897.04,12.0,5,5,5,4,61.82,74.22,31.08,18.22,14.3,4.18,3.27,1.51,1.01,0.79,17.35,18.99,18.1,19.1,True,2026-05-08,active_diversified|high_risk|japan_centric
JP90C000JBW7,Smart-i 先進国株式ESGｲﾝﾃﾞｯｸｽ,,りそな,先進国株式（広域）-為替ヘッジ無し,株式,world,0.06,0.62,0.11,False,False,False,False,False,none,0.286,93.54,7.0,4,3,4,,17.06,40.1,24.56,19.42,,19.35,2.77,1.49,1.15,,12.26,15.35,16.55,,True,2026-05-08,developed_only|high_risk|thematic
JP90C0000029,アジア未来成長株式ファンド,,ﾍﾞｱﾘﾝｸﾞｽ,アジア株式-為替ヘッジ無し,株式,world,0.06,0.62,0.11,False,False,False,False,False,none,1.76,140.05,12.0,5,4,3,4,78.28,103.1,30.11,11.83,13.89,,3.09,1.25,0.62,0.71,23.81,22.94,21.72,21.3,True,2026-05-08,active_diversified|growth_focused|high_risk
JP90C0009ER8,ｅＭＡＸＩＳ ＮＹダウインデックス,,三菱UFJｱｾｯﾄ,米国株式-為替ヘッジ無し,株式,world,0.06,0.62,0.11,True,False,False,False,False,none,0.66,827.04,12.0,1,1,3,3,14.37,32.2,19.62,16.81,16.54,15.27,2.24,1.25,1.04,0.89,12.54,15.04,16.04,19.36,True,2026-05-08,high_risk|passive_index
JP90C0003551,フィデリティ・グローバル・ファンド,,ﾌｨﾃﾞﾘﾃｨ,先進国株式（広域）-為替ヘッジ無し,株式,world,0.06,0.62,0.11,False,False,False,False,False,none,1.903,1742.41,12.0,2,2,2,3,-2.3,28.07,19.02,13.89,15.23,,1.61,1.13,0.84,0.86,15.75,16.39,17.13,18.54,True,2026-05-08,global_diversified|high_risk
JP90C00099G5,ﾆｯｾｲJﾘｰﾄｲﾝﾃﾞｯｸｽﾌｧﾝﾄﾞ&lt;購入･換金手数料なし&gt;,,ﾆｯｾｲ,国内REIT,不動産,world,0.06,0.62,0.11,False,False,False,False,False,none,0.275,205.03,12.0,4,4,4,4,-4.53,12.0,4.69,2.2,3.73,6.04,1.22,0.49,0.24,0.28,9.13,9.65,11.06,19.49,True,2026-05-08,medium_risk
JP90C000SRA0,たわらノーロード　読売３３３,,AMOne,国内株式,株式,world,0.06,0.62,0.11,False,False,False,False,False,none,0.14278,3.59,,,,,,,,,,,,,,,,,,,,True,2026-05-08,medium_risk
JP90C0008VR4,ﾋﾟｸﾃ･ｱｾｯﾄ･ｱﾛｹｰｼｮﾝ･ﾌｧﾝﾄﾞ(1年決算型),ノアリザーブ１年,ﾋﾟｸﾃ,バランス（可変配分）-為替リスク低減,バランス,world,0.06,0.62,0.11,False,False,False,False,False,none,1.628,283.7,12.0,3,5,4,5,12.77,21.91,12.3,6.45,5.4,4.09,2.65,1.62,0.91,0.79,7.35,7.12,6.9,6.86,True,2026-05-08,low_risk
JP90C000QRV0,なかの世界成長ファンド,,なかのＡＭ,先進国・新興国株式（広域）-為替ヘッジ無し,株式,world,0.06,0.62,0.11,False,False,False,False,False,none,1.5,35.98,1.5,1,,,,10.36,25.09,,,,8.3,1.82,,,,12.42,,,,True,2026-05-08,global_diversified|medium_risk
JP90C000Q7T7,One/ﾌｨﾃﾞﾘﾃｨ･ﾌﾞﾙｰﾁｯﾌﾟ･ｸﾞﾛｰｽ株式ﾌｧﾝﾄﾞ(成長型),,AMOne,米国株式-為替ヘッジ無し,株式,world,0.06,0.62,0.11,False,False,False,False,False,none,1.727,2180.89,1.5,4,,,,17.43,57.07,,,,30.06,2.41,,,,19.26,,,,True,2026-05-08,medium_risk
JP90C000RB17,TracersS&amp;P1000ｲﾝﾃﾞｯｸｽ(米国中小型株式),,ｱﾓｰｳﾞｧAM,米国株式-為替ヘッジ無し,株式,us,0.0,1.0,0.0,False,False,False,False,False,none,0.10725,27.65,1.5,3,,,,36.16,40.95,,,,9.44,2.25,,,,15.55,,,,True,2026-05-08,medium_risk|us_centric
JP90C000RY10,インベスコＱＱＱ　メガ・ファンド,,ｲﾝﾍﾞｽｺ,米国株式-為替ヘッジ無し,株式,world,0.06,0.62,0.11,False,False,False,False,False,none,0.6875,5.01,,,,,,4.55,,,,,33.46,,,,,,,,,True,2026-05-08,medium_risk
JP90C00013U7,りそな・日経２２５オープン,,ｱﾑﾝﾃﾞｨ,国内株式,株式,japan,1.0,0.0,0.0,True,False,False,False,False,none,0.473,419.08,12.0,4,3,2,3,30.47,63.57,28.28,16.52,15.31,5.4,2.66,1.32,0.89,0.82,18.97,20.2,18.97,19.78,True,2026-05-08,high_risk|japan_centric|passive_index
JP90C0004740,ｲｰｽﾄｽﾌﾟﾘﾝｸﾞ･ｲﾝﾄﾞ･ｲﾝﾌﾗ株式ﾌｧﾝﾄﾞ,,ｲｰｽﾄｽﾌﾟﾘﾝｸﾞ,インド株式-為替ヘッジ無し,株式,world,0.06,0.62,0.11,False,False,False,False,False,none,1.9497,645.64,12.0,5,5,5,5,-9.23,5.2,19.13,18.11,14.6,7.35,0.37,1.16,1.03,0.76,15.25,15.92,17.55,20.67,True,2026-05-08,high_risk
JP90C000FCY9,iTrustエコイノベーション,EV/エコ・ロボなど様々な環境テーマが投資対象,ﾋﾟｸﾃ,先進国株式（広域）-為替ヘッジ無し,株式,world,0.06,0.62,0.11,False,False,False,False,False,none,0.99,32.01,7.0,5,3,3,,66.82,82.2,29.87,20.7,,16.63,3.42,1.32,0.9,,17.89,21.27,23.92,,True,2026-05-08,very_high_risk
JP90C000A9Q7,ｅＭＡＸＩＳＪＰＸ日経４００インデックス,,三菱UFJｱｾｯﾄ,国内株式,株式,japan,1.0,0.0,0.0,True,False,False,False,False,none,0.44,147.3,12.0,1,3,4,2,29.57,41.65,24.37,16.55,13.36,12.35,2.58,1.37,1.02,0.8,13.65,16.75,16.15,17.53,True,2026-05-08,high_risk|japan_centric|passive_index
JP90C000S040,楽天・ターゲットイヤー2060,,楽天,バランス（固定配分・高リスク）-為替リスク低減,バランス,world,0.06,0.62,0.11,False,False,False,False,False,none,0.8375,0.17,,,,,,17.47,,,,,20.25,,,,,,,,,True,2026-05-08,medium_risk
JP90C0001QZ2,DCﾆｯｾｲﾜｰﾙﾄﾞｾﾚｸﾄﾌｧﾝﾄﾞ(標準型),,ﾆｯｾｲ,バランス（固定配分・中リスク）-為替ヘッジ無し,バランス,world,0.06,0.62,0.11,False,False,False,False,False,none,0.154,1129.27,12.0,2,3,4,5,9.72,18.62,11.92,8.75,7.8,5.78,2.66,1.4,1.05,0.86,6.27,8.05,8.15,9.11,True,2026-05-08,medium_risk
JP90C000FLX2,グローバル経済コア,,三井住友TAM,バランス（可変配分）-為替リスク低減,バランス,world,0.06,0.62,0.11,False,False,False,False,False,none,0.605,955.72,7.0,4,5,5,,17.15,29.19,17.67,11.77,,9.35,2.94,1.84,1.2,,8.66,8.89,9.49,,True,2026-05-08,global_diversified|medium_risk
JP90C000DXF9,たわらﾉｰﾛｰﾄﾞ 先進国債券&lt;為替ﾍｯｼﾞあり&gt;,,AMOne,先進国債券（広域・高格付）-為替ヘッジ有り,債券,world,0.06,0.62,0.11,False,False,False,False,False,none,0.22,167.52,7.0,2,2,1,,-3.21,-1.5,-1.97,-4.6,,-2.09,-0.76,-0.51,-0.91,,2.75,4.3,5.21,,True,2026-05-08,developed_only|low_risk
JP90C000Q8R9,iFreeNEXT日経連続増配株指数(資産成長型),,大和,国内株式,株式,japan,1.0,0.0,0.0,True,False,False,False,False,none,0.275,14.26,1.5,1,,,,10.57,11.13,,,,9.12,0.84,,,,12.86,,,,True,2026-05-08,japan_centric|medium_risk|passive_index
JP90C0003643,ﾌｨﾃﾞﾘﾃｨ･日本配当成長株･ﾌｧﾝﾄﾞ(分配重視型),,ﾌｨﾃﾞﾘﾃｨ,国内株式,株式,japan,1.0,0.0,0.0,False,False,False,False,False,none,1.188,1415.33,12.0,3,4,5,1,49.94,52.99,29.88,21.41,12.44,7.89,2.94,1.68,1.38,0.76,14.69,16.25,14.79,17.39,True,2026-05-08,active_diversified|dividend_focused|growth_focused|japan_centric|medium_risk
JP90C000JY51,農林中金&lt;ﾊﾟｰﾄﾅｰｽﾞ&gt;おおぶねｸﾞﾛｰﾊﾞﾙ(長期厳選),,農中ﾊﾞﾘｭｰ,先進国株式（広域）-為替ヘッジ無し,株式,world,0.06,0.62,0.11,False,False,False,False,False,none,0.33,236.45,7.0,1,1,1,,8.39,11.32,9.43,9.3,,13.94,0.97,0.75,0.66,,11.08,12.64,14.81,,True,2026-05-08,active_concentrated|medium_risk
JP90C000QGR1,米国株式これ1本(S&amp;P500･NYﾀﾞｳ･ﾅｽﾀﾞｯｸ100),,三井住友DS,米国株式-為替ヘッジ無し,株式,us,0.0,1.0,0.0,False,False,False,False,False,none,0.83017,11.82,1.5,3,,,,15.79,40.3,,,,20.13,2.54,,,,13.48,,,,True,2026-05-08,medium_risk|us_centric
JP90C000JBV9,Smart-i 国内株式ESGｲﾝﾃﾞｯｸｽ,,りそな,国内株式,株式,japan,1.0,0.0,0.0,False,False,False,False,False,none,0.2365,52.3,7.0,1,3,3,,15.92,38.68,24.54,16.77,,15.42,2.24,1.31,1.0,,14.84,17.72,16.66,,True,2026-05-08,high_risk|japan_centric|thematic
JP90C000CL46,ｸﾞﾛｰﾊﾞﾙ･ｽﾏｰﾄ･ｲﾉﾍﾞｰｼｮﾝ･ｵｰﾌﾟﾝ(年1回決算型),iシフト,三菱UFJｱｾｯﾄ,先進国株式（広域）-為替ヘッジ無し,株式,world,0.06,0.62,0.11,False,False,False,False,False,none,1.98,205.5,12.0,4,4,2,3,32.89,73.91,42.26,15.35,20.74,18.07,2.54,1.53,0.6,0.8,22.61,24.9,32.07,28.94,True,2026-05-08,very_high_risk
JP90C000GC19,THEOｸﾞﾛｰｽ･AIﾌｧﾝﾄﾞ(世界の株式中心),,お金のﾃﾞｻﾞｲﾝ,先進国・新興国株式（広域）-為替ヘッジ無し,株式,world,0.06,0.62,0.11,False,False,False,False,False,none,0.59,148.24,7.0,1,1,4,,17.95,35.32,22.22,16.27,,13.94,2.72,1.47,1.03,,11.15,14.1,15.61,,True,2026-05-08,global_diversified|high_risk
JP90C0006Y84,のむラップ・ファンド（積極型）,,野村,バランス（固定配分・高リスク）-為替ヘッジ無し,バランス,world,0.06,0.62,0.11,False,False,False,False,False,none,1.518,6176.72,12.0,3,2,1,2,15.72,28.2,17.75,13.38,11.28,10.22,2.78,1.45,1.05,0.82,8.88,11.54,12.61,14.27,True,2026-05-08,medium_risk
JP90C000FKU0,高成長ｲﾝﾄﾞ･中型株式ﾌｧﾝﾄﾞ(年1回決算型),,三井住友DS,インド株式-為替ヘッジ無し,株式,world,0.06,0.62,0.11,False,False,False,False,False,none,2.0505,1548.8,7.0,5,4,4,,-14.21,4.15,14.26,14.57,,9.58,0.28,0.87,0.85,,17.46,16.54,17.73,,True,2026-05-08,high_risk
JP90C0001F74,グローバル・ヘルスケア＆バイオ・ファンド,健次,三菱UFJｱｾｯﾄ,先進国株式（広域）-為替ヘッジ無し,株式,world,0.06,0.62,0.11,False,False,False,False,False,none,2.42,2133.23,12.0,2,1,2,1,11.02,21.69,7.8,9.28,9.47,8.9,1.17,0.55,0.61,0.59,17.49,15.36,16.36,18.21,True,2026-05-08,global_diversified|high_risk
JP90C000QQC2,ﾆｯｾｲｺﾞｰﾙﾄﾞﾌｧﾝﾄﾞ(為替ﾍｯｼﾞなし)&lt;購入･換金手数料なし&gt;,,ﾆｯｾｲ,金関連-為替ヘッジ無し,株式,world,0.06,0.62,0.11,False,False,False,False,False,none,0.375,118.73,1.5,2,,,,35.74,51.87,,,,38.53,1.8,,,,24.57,,,,True,2026-05-08,medium_risk
JP90C0007T80,スイス・グローバル・リーダー・ファンド,,SOMPO,先進国株式（その他単一国）-為替ヘッジ無し,株式,world,0.06,0.62,0.11,False,False,False,False,False,none,1.848,255.65,12.0,3,2,1,1,23.35,25.71,13.42,11.7,11.66,11.95,1.83,0.99,0.76,0.73,12.61,13.26,16.05,17.0,True,2026-05-08,global_diversified|high_risk
JP90C000RCW8,iFreeHOLDﾒｷｼｺ国債(MBONO2047),,大和,メキシコ債券-為替ヘッジ無し,債券,world,0.06,0.62,0.11,False,False,False,False,False,none,0.22,13.75,1.5,,,,,19.63,33.06,,,,30.36,2.35,,,,12.22,,,,True,2026-05-08,medium_risk
JP90C000F7A0,たわらﾉｰﾛｰﾄﾞ ﾊﾞﾗﾝｽ(8資産均等型),,AMOne,バランス（固定配分・中リスク）-為替ヘッジ無し,バランス,world,0.06,0.62,0.11,False,False,False,False,False,none,0.143,1297.61,7.0,4,4,3,,13.05,23.71,13.52,9.18,,8.14,2.89,1.46,0.95,,7.26,8.77,9.5,,True,2026-05-08,broad_market|medium_risk
JP90C0002LX6,大和住銀日本グロース株ファンド,海のくに,三井住友DS,国内株式,株式,japan,1.0,0.0,0.0,False,False,False,False,False,none,1.672,45.04,12.0,5,5,4,5,34.69,64.58,34.21,20.08,16.59,6.4,2.7,1.52,1.03,0.9,18.96,20.54,19.37,19.02,True,2026-05-08,growth_focused|high_risk|japan_centric
JP90C000FHZ5,野村つみたて外国株投信,,野村,先進国・新興国株式（広域）-為替ヘッジ無し,株式,world,0.06,0.62,0.11,False,False,False,False,False,none,0.209,2636.31,7.0,3,4,5,,20.54,40.66,25.31,19.09,,16.0,2.92,1.58,1.16,,11.74,14.77,16.04,,True,2026-05-08,high_risk
JP90C000N538,My SMT 国内債券ｲﾝﾃﾞｯｸｽ(ﾉｰﾛｰﾄﾞ),,三井住友TAM,国内債券,債券,japan,1.0,0.0,0.0,False,False,False,False,False,none,0.11,42.19,4.0,2,2,,,-8.82,-6.58,-4.36,,,-3.57,-2.77,-1.39,,,2.67,3.39,,,True,2026-05-08,japan_centric|low_risk
JP90C000DG42,eMAXIS先進国債券ｲﾝﾃﾞｯｸｽ(除く日本･為替ﾍｯｼﾞあり),,三菱UFJｱｾｯﾄ,先進国債券（広域・高格付）-為替ヘッジ有り,債券,world,0.06,0.62,0.11,False,False,False,False,False,none,0.66,15.21,7.0,1,1,1,,-3.75,-1.98,-2.27,-4.78,,-2.38,-0.93,-0.58,-0.95,,2.77,4.34,5.21,,True,2026-05-08,developed_only|japan_centric|low_risk
JP90C0006ZC1,野村ｸﾗｳﾄﾞ関連株式投信Bｺｰｽ(為替ﾍｯｼﾞなし),,野村,米国株式-為替ヘッジ無し,株式,world,0.06,0.62,0.11,False,False,False,False,False,none,1.837,396.06,12.0,5,5,4,5,90.21,110.05,46.98,25.98,27.48,19.22,3.15,1.57,0.95,1.0,24.47,26.74,28.62,28.16,True,2026-05-08,very_high_risk
JP90C0003PZ0,ダイワ好配当日本株投信（季節点描）,,大和,国内株式,株式,japan,1.0,0.0,0.0,False,False,False,False,False,none,1.375,593.25,12.0,3,4,5,3,47.91,52.67,30.72,21.28,14.0,9.62,2.77,1.64,1.27,0.81,15.51,17.12,16.04,18.04,True,2026-05-08,dividend_focused|high_risk|japan_centric
JP90C000CB30,ﾌﾞﾗｯｸﾛｯｸESG世界株式ﾌｧﾝﾄﾞ(為替ﾍｯｼﾞなし),,ﾌﾞﾗｯｸﾛｯｸ,先進国株式（広域）-為替ヘッジ無し,株式,world,0.06,0.62,0.11,False,False,False,False,False,none,0.7608,307.55,12.0,3,4,4,3,15.16,42.83,25.03,19.1,16.99,14.61,3.07,1.62,1.1,0.94,11.65,14.28,17.03,18.43,True,2026-05-08,global_diversified|high_risk|thematic
JP90C000PZ60,ﾆｯｾｲ/ｻﾝﾀﾞｰｽ･ｸﾞﾛｰﾊﾞﾙﾊﾞﾘｭｰ株式ﾌｧﾝﾄﾞ(資産成長型),,ﾆｯｾｲ,先進国株式（広域）-為替ヘッジ無し,株式,world,0.06,0.62,0.11,False,False,False,False,False,none,1.496,45.66,1.5,5,,,,32.12,52.17,,,,26.34,3.2,,,,13.26,,,,True,2026-05-08,medium_risk
JP90C0002AE9,ﾊﾘｽｸﾞﾛｰﾊﾞﾙﾊﾞﾘｭｰ株ﾌｧﾝﾄﾞ(年1回決算型),,朝日ﾗｲﾌ,先進国株式（広域）-為替ヘッジ無し,株式,world,0.06,0.62,0.11,False,False,False,False,False,none,1.98,932.42,12.0,1,1,1,1,10.27,22.08,12.38,10.12,11.87,10.08,1.48,0.81,0.63,0.6,13.72,15.52,17.65,23.12,True,2026-05-08,high_risk
JP90C000DXE2,たわらﾉｰﾛｰﾄﾞ 先進国株式&lt;為替ﾍｯｼﾞあり&gt;,,AMOne,先進国株式（広域）-為替ヘッジ有り,株式,world,0.06,0.62,0.11,False,False,False,False,False,none,0.22,375.12,7.0,3,4,5,,8.94,23.35,13.96,7.68,,10.52,1.95,1.12,0.58,,10.75,12.07,14.15,,True,2026-05-08,developed_only|medium_risk
JP90C000EC03,ノーロード明治安田社債アクティブ,,明治安田ＡＭ,国内債券,債券,world,0.06,0.62,0.11,False,False,False,False,False,none,0.2475,12.6,7.0,4,5,5,,-5.43,-3.59,-1.38,-1.52,,-0.17,-2.46,-0.72,-0.8,,1.74,2.32,2.1,,True,2026-05-08,active_diversified|low_risk
JP90C000FXB3,たわらﾉｰﾛｰﾄﾞ 最適化ﾊﾞﾗﾝｽ(積極型),,AMOne,バランス（可変配分）-為替リスク低減,バランス,world,0.06,0.62,0.11,False,False,False,False,False,none,0.55,9.09,7.0,4,5,4,,17.45,29.62,16.73,11.63,,9.78,3.01,1.48,1.01,,8.57,10.64,11.4,,True,2026-05-08,medium_risk
JP90C00035D6,フィデリティ・欧州株・ファンド,,ﾌｨﾃﾞﾘﾃｨ,欧州株式-為替ヘッジ無し,株式,world,0.06,0.62,0.11,False,False,False,False,False,none,1.65,420.66,12.0,1,1,1,3,-2.75,4.81,5.16,6.61,10.44,6.07,0.36,0.4,0.44,0.6,13.72,14.57,17.56,19.5,True,2026-05-08,high_risk
JP90C0006LE7,ｅＭＡＸＩＳ 国内債券インデックス,,三菱UFJｱｾｯﾄ,国内債券,債券,japan,1.0,0.0,0.0,True,False,False,False,False,none,0.44,70.16,12.0,1,1,1,1,-9.17,-6.91,-4.69,-3.6,-2.07,-0.26,-2.91,-1.49,-1.25,-0.84,2.67,3.39,3.03,2.53,True,2026-05-08,japan_centric|low_risk|passive_index
JP90C000E966,ベトナム・ロータス・ファンド,ロータス,ﾌｧｲﾌﾞｽﾀｰ,新興国株式（その他単一国）-為替ヘッジ無し,株式,world,0.06,0.62,0.11,False,False,False,False,False,none,2.167,181.02,7.0,3,4,3,,3.91,42.37,19.58,14.29,,11.73,1.85,0.92,0.67,,19.9,21.71,24.29,,True,2026-05-08,very_high_risk
JP90C000APA2,ベトナム成長株インカムファンド,,キャピタルAM,新興国株式（その他単一国）-為替ヘッジ無し,株式,world,0.06,0.62,0.11,False,False,False,False,False,none,1.881,275.66,12.0,4,4,2,,10.76,40.84,17.87,11.88,12.72,9.89,1.79,0.91,0.61,0.63,19.87,19.84,22.08,23.1,True,2026-05-08,active_diversified|dividend_focused|growth_focused|very_high_risk
JP90C000KGL7,ﾃﾞｼﾞﾀﾙ･ﾄﾗﾝｽﾌｫｰﾒｰｼｮﾝ株式ﾌｧﾝﾄﾞ,ゼロ・コンタクト,ｱﾓｰｳﾞｧAM,先進国株式（広域）-為替ヘッジ無し,株式,world,0.06,0.62,0.11,False,False,False,False,False,none,1.7985,2172.18,7.0,2,3,1,,-34.14,27.94,39.39,2.26,,5.24,0.89,1.15,0.25,,33.01,33.57,40.78,,True,2026-05-08,very_high_risk
JP90C000D1Z2,eMAXIS最適化ﾊﾞﾗﾝｽ(ﾏｲﾐｯﾄﾞﾌｨﾙﾀﾞｰ),,三菱UFJｱｾｯﾄ,バランス（固定配分・中リスク）-為替ヘッジ無し,バランス,world,0.06,0.62,0.11,False,False,False,False,False,none,0.55,237.56,12.0,3,3,3,4,12.22,22.83,13.52,9.66,8.36,8.28,2.87,1.43,1.02,0.79,7.06,8.93,9.31,10.77,True,2026-05-08,medium_risk
JP90C000S032,楽天・ターゲットイヤー2055,,楽天,バランス（固定配分・高リスク）-為替リスク低減,バランス,world,0.06,0.62,0.11,False,False,False,False,False,none,0.8375,0.15,,,,,,17.44,,,,,20.12,,,,,,,,,True,2026-05-08,medium_risk
JP90C000H670,ｅＭＡＸＩＳＮｅｏバーチャルリアリティ,,三菱UFJｱｾｯﾄ,先進国株式（広域）-為替ヘッジ無し,株式,world,0.06,0.62,0.11,False,False,False,False,False,none,0.792,108.32,7.0,4,3,2,,37.44,71.02,29.29,14.99,,30.33,2.06,1.02,0.59,,27.64,28.89,31.61,,True,2026-05-08,very_high_risk
JP90C000C1T6,SBI中小型割安成長株ﾌｧﾝﾄﾞｼﾞｪｲﾘﾊﾞｲﾌﾞ(年2回決算型),ｊｒｅｖｉｖｅII,SBI,国内株式（中小型）,株式,world,0.06,0.62,0.11,False,False,False,False,False,none,1.848,111.68,12.0,2,1,2,1,20.37,30.3,13.96,7.29,10.1,8.98,2.18,0.96,0.52,0.61,12.21,14.48,15.41,18.64,True,2026-05-08,active_diversified|growth_focused|high_risk|value_focused
JP90C00091D9,ＥＸＥ‐ｉ 新興国株式ファンド,,SBI,新興国株式（広域）-為替ヘッジ無し,株式,em,0.0,0.0,1.0,False,False,False,False,False,none,0.1646,319.8,12.0,1,1,2,2,22.59,42.97,22.52,13.27,12.85,8.56,2.83,1.38,0.84,0.73,12.73,15.39,16.26,18.81,True,2026-05-08,em_centric|high_risk
JP90C000PXQ0,ﾌｨﾃﾞﾘﾃｨ･日本ﾊﾞﾘｭｰｱｯﾌﾟ･ﾌｧﾝﾄﾞ,,ﾌｨﾃﾞﾘﾃｨ,国内株式,株式,japan,1.0,0.0,0.0,False,False,False,False,False,none,1.5565,321.39,1.5,4,,,,51.41,61.59,,,,31.74,3.36,,,,14.46,,,,True,2026-05-08,japan_centric|medium_risk
JP90C000H035,eMAXISｼﾞｬﾊﾟﾝESGｾﾚｸﾄ･ﾘｰﾀﾞｰｽﾞｲﾝﾃﾞｯｸｽ,,三菱UFJｱｾｯﾄ,国内株式,株式,world,0.06,0.62,0.11,False,False,False,False,False,none,0.44,21.43,7.0,1,2,3,,15.67,38.53,24.39,16.55,,14.36,2.23,1.3,0.99,,14.88,17.77,16.7,,True,2026-05-08,high_risk|thematic
JP90C0001AH4,ソフトバンク＆ＳＢＩグループ株式ファンド,,SBI,国内株式,株式,world,0.06,0.62,0.11,False,False,False,False,False,none,0.11,26.76,12.0,3,3,2,2,-6.4,42.03,29.88,12.07,12.8,6.41,1.92,1.47,0.68,0.65,18.89,18.76,19.29,22.03,True,2026-05-08,high_risk
JP90C0005YL7,資産形成ファンド,,明治安田ＡＭ,バランス（固定配分・中リスク）-為替ヘッジ無し,バランス,world,0.06,0.62,0.11,False,False,False,False,False,none,0.5225,60.92,12.0,2,2,2,3,7.93,18.49,11.56,8.15,7.52,7.54,2.43,1.25,0.9,0.81,6.84,8.8,8.93,9.47,True,2026-05-08,medium_risk
JP90C000LZZ5,ｸﾞﾛｰﾊﾞﾙ･ｽﾍﾟｰｽ株式ﾌｧﾝﾄﾞ(年2回決算型),,ｱﾓｰｳﾞｧAM,先進国株式（広域）-為替ヘッジ無し,株式,world,0.06,0.62,0.11,False,False,False,False,False,none,1.925,285.51,4.0,4,4,,,18.31,85.38,38.81,,,16.26,2.0,1.33,,,33.37,27.22,,,True,2026-05-08,very_high_risk
JP90C0005KP7,ｲｰｽﾄｽﾌﾟﾘﾝｸﾞ･ｲﾝﾄﾞ消費関連ﾌｧﾝﾄﾞ,,ｲｰｽﾄｽﾌﾟﾘﾝｸﾞ,インド株式-為替ヘッジ無し,株式,world,0.06,0.62,0.11,False,False,False,False,False,none,1.9497,2376.34,12.0,3,3,4,5,-18.98,-4.08,12.38,14.55,13.61,11.13,-0.24,0.87,0.92,0.77,15.39,14.15,15.99,18.79,True,2026-05-08,high_risk
JP90C000R224,一歩先いくｸﾞﾛｰﾊﾞﾙ･ｲﾉﾍﾞｰｼｮﾝ企業ｲﾝﾃﾞｯｸｽ,,大和,先進国・新興国株式（広域）-為替ヘッジ無し,株式,world,0.06,0.62,0.11,False,False,False,False,False,none,0.495,9.27,1.5,4,,,,7.11,53.9,,,,24.19,2.37,,,,18.71,,,,True,2026-05-08,medium_risk
JP90C000CPY8,日経２２５インデックスｅ,,三井住友TAM,国内株式,株式,japan,1.0,0.0,0.0,True,False,False,False,False,none,0.154,49.1,12.0,4,4,3,4,30.84,64.01,28.84,17.13,15.92,14.73,2.68,1.34,0.92,0.84,18.97,20.19,18.97,19.78,True,2026-05-08,high_risk|japan_centric|passive_index
JP90C0000UR3,三菱ＵＦＪＮＡＳＤＡＱオープンＡコース,,三菱UFJｱｾｯﾄ,米国株式-為替ヘッジ有り,株式,world,0.06,0.62,0.11,False,False,False,False,False,none,1.672,92.98,12.0,3,4,4,4,-3.66,31.76,22.46,9.18,15.4,,1.44,1.06,0.49,0.79,20.15,20.96,22.78,20.86,True,2026-05-08,very_high_risk
JP90C000FL19,SMT欧州株配当貴族ｲﾝﾃﾞｯｸｽ･ｵｰﾌﾟﾝ,,三井住友TAM,欧州株式-為替ヘッジ無し,株式,world,0.06,0.62,0.11,False,False,False,False,False,none,0.605,16.09,7.0,1,2,3,,10.7,17.14,12.67,11.78,,8.77,1.34,0.97,0.78,,11.92,12.9,15.61,,True,2026-05-08,dividend_focused|high_risk
JP90C0003PK2,ダイワ・バリュー株・オープン,底力,大和,国内株式,株式,world,0.06,0.62,0.11,False,False,False,False,False,none,1.672,265.35,12.0,5,5,5,3,46.32,58.11,32.75,21.34,13.65,6.36,3.01,1.7,1.25,0.78,15.45,17.38,16.38,18.6,True,2026-05-08,active_diversified|high_risk|value_focused
JP90C0003G48,トピックス・インデックスファンド,,大和,国内株式,株式,world,0.06,0.62,0.11,True,False,False,False,False,none,0.4983,84.67,12.0,1,2,3,2,27.51,41.26,23.83,16.22,13.08,,2.54,1.35,1.01,0.79,13.74,16.65,15.93,17.51,True,2026-05-08,high_risk|passive_index
JP90C0002D42,ブラックロック日本小型株オープン,,ﾌﾞﾗｯｸﾛｯｸ,国内株式（中小型）,株式,japan,1.0,0.0,0.0,False,False,False,False,False,none,1.793,180.29,12.0,4,5,5,4,44.06,53.4,28.73,16.12,14.04,10.16,3.06,1.66,1.02,0.81,14.15,15.8,15.77,18.36,True,2026-05-08,high_risk|japan_centric
JP90C000RFY7,資本効率向上ファンド,ＴＯＢ　ハンター,ﾌｧｲﾌﾞｽﾀｰ,国内株式,株式,world,0.06,0.62,0.11,False,False,False,False,False,none,1.155,63.76,1.5,2,,,,17.64,34.29,,,,27.77,2.33,,,,12.79,,,,True,2026-05-08,medium_risk
JP90C000CS07,ｼﾞｬﾊﾟﾝ･ﾛﾎﾞﾃｨｸｽ株式ﾌｧﾝﾄﾞ(年2回決算型),,ｱﾓｰｳﾞｧAM,国内株式,株式,world,0.06,0.62,0.11,False,False,False,False,False,none,1.705,175.6,12.0,3,3,1,2,24.2,57.78,26.19,12.71,12.66,12.69,2.54,1.17,0.66,0.67,18.46,21.74,21.21,21.17,True,2026-05-08,high_risk
JP90C0002SM4,Ｊ-ＲＥＩＴオープン（年４回決算型）,,野村,国内REIT,不動産,world,0.06,0.62,0.11,False,False,False,False,False,none,1.1,115.92,12.0,3,4,5,5,-4.57,12.71,5.25,3.13,4.83,7.64,1.27,0.54,0.31,0.33,9.28,9.74,11.24,20.07,True,2026-05-08,medium_risk
JP90C0005614,SMTｸﾞﾛｰﾊﾞﾙREITｲﾝﾃﾞｯｸｽ･ｵｰﾌﾟﾝ,,三井住友TAM,海外REIT（含む北米）-為替ヘッジ無し,不動産,world,0.06,0.62,0.11,False,False,False,False,False,none,0.605,393.47,12.0,3,4,4,4,28.79,25.67,14.97,11.88,8.39,7.09,2.0,1.01,0.72,0.49,11.43,14.62,17.55,20.93,True,2026-05-08,high_risk|tech_heavy
JP90C000PX39,auAM Nifty50インド株ファンド,,au,インド株式-為替ヘッジ無し,株式,em,0.0,0.0,1.0,False,False,False,False,False,none,0.297,72.84,1.5,1,,,,-23.05,-6.29,,,,2.99,-0.33,,,,17.18,,,,True,2026-05-08,em_centric|medium_risk|thematic
JP90C000DPW0,東京海上・日経225インデックスファンド,,東京海上,国内株式,株式,japan,1.0,0.0,0.0,True,False,False,False,False,none,0.2475,271.77,7.0,4,4,3,,30.8,63.93,28.82,17.09,,15.92,2.68,1.34,0.92,,18.94,20.17,18.95,,True,2026-05-08,high_risk|japan_centric|passive_index
JP90C000H4F4,米国株式配当貴族（年4回決算型）,,野村,米国株式-為替ヘッジ無し,株式,us,0.0,1.0,0.0,False,False,False,False,False,none,0.55,3079.69,7.0,2,1,2,,20.38,22.06,11.87,12.97,,14.11,1.58,0.88,0.86,,12.74,13.44,15.36,,True,2026-05-08,dividend_focused|high_risk|us_centric
JP90C000F9H1,Ｓｍａｒｔ-ｉ　先進国リートインデックス,,りそな,海外REIT（含む北米）-為替ヘッジ無し,不動産,world,0.06,0.62,0.11,True,False,False,False,False,none,0.22,89.57,7.0,4,5,5,,29.07,26.0,15.3,12.21,,9.15,2.03,1.03,0.74,,11.43,14.62,17.54,,True,2026-05-08,developed_only|high_risk|passive_index
JP90C000G664,Ｓｍａｒｔ-ｉ　８資産バランス　成長型,,りそな,バランス（固定配分・高リスク）-為替リスク低減,バランス,world,0.06,0.62,0.11,False,False,False,False,False,none,0.242,294.73,7.0,3,4,4,,19.09,34.51,20.68,15.0,,12.64,3.06,1.57,1.15,,9.65,12.24,12.76,,True,2026-05-08,broad_market|medium_risk
JP90C0000LV4,アジア・オセアニア配当利回り株オープン,アジア配当物語,三井住友TAM,先進国・新興国株式（広域）-為替ヘッジ無し,株式,world,0.06,0.62,0.11,False,False,False,False,False,none,1.87,43.95,12.0,5,5,3,4,62.7,80.94,29.85,16.22,14.76,8.15,3.73,1.53,0.9,0.84,16.16,17.99,18.29,18.47,True,2026-05-08,dividend_focused|high_risk
JP90C000Q5W5,ＳＭＴ　ｉＰｌｕｓ　米国株式,つみたてインデックスプラス・アメリカ,三井住友TAM,米国株式-為替ヘッジ無し,株式,us,0.0,1.0,0.0,False,False,False,False,False,none,0.055,13.07,1.5,4,,,,23.64,41.5,,,,26.87,2.69,,,,13.04,,,,True,2026-05-08,medium_risk|us_centric
JP90C000F8G5,つみたて新興国株式,,三菱UFJｱｾｯﾄ,新興国株式（広域）-為替ヘッジ無し,株式,em,0.0,0.0,1.0,False,False,False,False,False,none,0.374,854.87,7.0,3,3,3,,35.55,57.92,25.68,13.65,,10.97,2.92,1.41,0.81,,15.95,16.99,17.58,,True,2026-05-08,em_centric|high_risk
JP90C000S4L9,ﾆｯｾｲ･S欧州株式500ｲﾝﾃﾞｯｸｽﾌｧﾝﾄﾞ&lt;購入･換金手数料なし&gt;,,ﾆｯｾｲ,欧州株式-為替ヘッジ無し,株式,world,0.06,0.62,0.11,False,False,False,False,False,none,0.297,20.65,,,,,,22.86,,,,,27.82,,,,,,,,,True,2026-05-08,medium_risk
JP90C000DVN7,iFree外国株式ｲﾝﾃﾞｯｸｽ(為替ﾍｯｼﾞなし),,大和,先進国株式（広域）-為替ヘッジ無し,株式,world,0.06,0.62,0.11,False,False,False,False,False,none,0.209,1154.7,7.0,3,5,5,,18.5,38.43,25.13,19.8,,18.26,2.77,1.56,1.17,,11.78,14.94,16.41,,True,2026-05-08,high_risk
JP90C000HLE8,東京海上･宇宙関連株式ﾌｧﾝﾄﾞ(為替ﾍｯｼﾞあり),,東京海上,先進国株式（広域）-為替ヘッジ有り,株式,world,0.06,0.62,0.11,False,False,False,False,False,none,1.8425,113.06,7.0,4,5,4,,19.1,52.88,32.15,13.56,,13.66,2.01,1.56,0.72,,22.11,18.91,20.43,,True,2026-05-08,high_risk
JP90C000F8P6,つみたて４資産均等バランス,,三菱UFJｱｾｯﾄ,バランス（固定配分・中リスク）-為替ヘッジ無し,バランス,world,0.06,0.62,0.11,False,False,False,False,False,none,0.242,543.46,7.0,3,4,5,,10.45,20.02,13.07,9.73,,8.37,2.76,1.46,1.09,,6.48,8.43,8.67,,True,2026-05-08,broad_market|medium_risk
JP90C0006LF4,ｅＭＡＸＩＳ 国内リートインデックス,,三菱UFJｱｾｯﾄ,国内REIT,不動産,japan,1.0,0.0,0.0,True,False,False,False,False,none,0.44,137.69,12.0,3,3,3,3,-4.62,11.87,4.59,2.09,3.7,8.62,1.21,0.48,0.22,0.28,9.13,9.77,11.21,19.85,True,2026-05-08,japan_centric|medium_risk|passive_index
JP90C000Q5V7,ﾌｨﾃﾞﾘﾃｨ･ﾏｾﾞﾗﾝ･米国成長株ﾌｧﾝﾄﾞ,,ﾌｨﾃﾞﾘﾃｨ,米国株式-為替ヘッジ無し,株式,us,0.0,1.0,0.0,False,False,False,False,False,none,0.9915,84.43,1.5,1,,,,6.51,25.79,,,,15.64,1.51,,,,15.65,,,,True,2026-05-08,active_diversified|growth_focused|medium_risk|us_centric
JP90C000PL74,iFreePlus米国配当王(年4回決算型),,大和,米国株式-為替ヘッジ無し,株式,us,0.0,1.0,0.0,False,False,False,False,False,none,0.286,24.94,1.5,1,,,,22.61,18.72,,,,11.28,1.28,,,,13.6,,,,True,2026-05-08,dividend_focused|medium_risk|us_centric
JP90C0003PJ4,新世代成長株ファンド,ダイワ大輔,大和,国内株式（中小型）,株式,world,0.06,0.62,0.11,False,False,False,False,False,none,1.672,143.72,12.0,4,3,4,3,72.05,65.55,23.82,14.79,11.16,4.12,3.11,1.17,0.72,0.55,16.52,19.65,22.48,24.53,True,2026-05-08,active_diversified|growth_focused|very_high_risk
JP90C0007TR0,高成長インド・中型株式ファンド,,三井住友DS,インド株式-為替ヘッジ無し,株式,em,0.0,0.0,1.0,False,False,False,False,False,none,2.0505,1639.75,12.0,5,4,4,5,-14.24,4.15,14.17,14.53,13.14,13.71,0.28,0.87,0.85,0.74,17.41,16.48,17.55,19.22,True,2026-05-08,em_centric|high_risk|thematic
JP90C000DVX6,ｉＦｒｅｅ ８資産バランス,,大和,バランス（固定配分・中リスク）-為替ヘッジ無し,バランス,world,0.06,0.62,0.11,False,False,False,False,False,none,0.242,1236.66,7.0,4,5,4,,12.45,22.56,13.6,9.92,,8.87,2.89,1.47,1.03,,6.92,8.74,9.41,,True,2026-05-08,broad_market|medium_risk
JP90C000QJB9,ひふみマイクロスコープpro,,ﾚｵｽ･ｷｬﾋﾟﾀﾙﾜｰｸｽ,国内株式（中小型）,株式,world,0.06,0.62,0.11,False,False,False,False,False,none,1.485,151.98,1.5,1,,,,18.33,21.17,,,,9.48,1.55,,,,12.48,,,,True,2026-05-08,active_diversified|medium_risk|quality
JP90C0009VG5,ﾆｯｾｲｸﾞﾛｰﾊﾞﾙﾘｰﾄｲﾝﾃﾞｯｸｽﾌｧﾝﾄﾞ&lt;購入･換金手数料なし&gt;,,ﾆｯｾｲ,海外REIT（含む北米）-為替ヘッジ無し,不動産,world,0.06,0.62,0.11,False,False,False,False,False,none,0.297,167.84,12.0,5,5,5,5,28.7,25.94,15.32,12.29,8.53,9.47,2.05,1.04,0.75,0.5,11.29,14.47,17.3,20.67,True,2026-05-08,high_risk
JP90C0009VN1,SMTAMコモディティ・オープン,,三井住友TAM,その他商品市場-為替ヘッジ無し,株式,world,0.06,0.62,0.11,False,False,False,False,False,none,0.935,42.78,12.0,1,1,1,,53.32,39.85,15.65,18.07,10.35,4.59,2.39,1.07,1.09,0.7,14.24,14.22,16.29,15.61,True,2026-05-08,high_risk
JP90C0009ZP7,日本厳選ﾌﾟﾚﾐｱﾑ株式ｵｰﾌﾟﾝ(年2回決算型),,三菱UFJｱｾｯﾄ,国内株式,株式,japan,1.0,0.0,0.0,False,False,False,False,False,none,1.65,125.2,12.0,5,4,2,2,47.88,85.92,28.07,16.7,12.74,11.4,3.08,1.21,0.83,0.68,20.73,22.21,21.03,20.53,True,2026-05-08,active_concentrated|high_risk|japan_centric
JP90C000KBY1,Ｓｍａｒｔ-ｉ　Ｓ＆Ｐ５００インデックス,,りそな,米国株式-為替ヘッジ無し,株式,world,0.06,0.62,0.11,True,False,False,False,False,none,0.242,1192.15,7.0,3,3,5,,17.02,39.55,26.53,20.83,,23.25,2.6,1.52,1.17,,12.94,16.18,17.28,,True,2026-05-08,high_risk|passive_index
JP90C00013G6,ｱﾑﾝﾃﾞｨ･ﾀｰｹﾞｯﾄ･ｼﾞｬﾊﾟﾝ･ﾌｧﾝﾄﾞ,,ｱﾑﾝﾃﾞｨ,国内株式,株式,world,0.06,0.62,0.11,False,False,False,False,False,none,1.87,1122.65,12.0,3,3,4,2,43.57,46.82,25.84,19.3,13.6,10.99,2.87,1.66,1.34,0.8,13.54,14.32,13.76,17.8,True,2026-05-08,medium_risk
JP90C000H662,ｅＭＡＸＩＳ Ｎｅｏ ナノテクノロジー,,三菱UFJｱｾｯﾄ,米国株式-為替ヘッジ無し,株式,world,0.06,0.62,0.11,False,False,False,False,False,none,0.792,26.25,7.0,4,1,1,,87.39,70.6,11.49,-4.29,,9.95,2.09,0.54,0.0,,27.09,26.09,30.06,,True,2026-05-08,very_high_risk
JP90C000N553,My SMT 新興国債券ｲﾝﾃﾞｯｸｽ(ﾉｰﾛｰﾄﾞ),,三井住友TAM,新興国債券（広域・新興国通貨建）-為替ヘッジ無し,債券,em,0.0,0.0,1.0,False,False,False,False,False,none,0.242,21.1,4.0,3,5,,,10.4,19.36,12.17,,,11.85,2.21,1.31,,,7.89,8.86,,,True,2026-05-08,em_centric|medium_risk
JP90C0000LS0,ニュー配当利回り株オープン,配当物語,三井住友TAM,国内株式,株式,world,0.06,0.62,0.11,False,False,False,False,False,none,0.99,249.34,12.0,3,5,5,5,43.13,51.15,30.68,21.85,16.11,8.62,2.99,1.69,1.34,0.98,13.97,16.52,15.52,16.61,True,2026-05-08,dividend_focused|high_risk
JP90C000RXV6,ｽﾃｰﾄ･ｽﾄﾘｰﾄ･ｺﾞｰﾙﾄﾞ･ｵｰﾌﾟﾝ(為替ﾍｯｼﾞあり),,ｽﾃｰﾄｽﾄﾘｰﾄ,金関連-為替ヘッジ有り,株式,world,0.06,0.62,0.11,False,False,False,False,False,none,0.2925,13.12,,,,,,25.75,,,,,49.58,,,,,,,,,True,2026-05-08,medium_risk
JP90C000LWD9,ｳｫﾙﾀｰ･ｽｺｯﾄ優良成長企業ﾌｧﾝﾄﾞ(資産成長型),,大和,先進国株式（広域）-為替ヘッジ無し,株式,world,0.06,0.62,0.11,False,False,False,False,False,none,1.727,136.12,4.0,1,1,,,8.16,18.21,13.13,,,11.8,1.41,0.9,,,11.92,14.58,,,True,2026-05-08,medium_risk
JP90C00047V3,アジア好配当株投信,,野村,アジア株式-為替ヘッジ無し,株式,world,0.06,0.62,0.11,False,False,False,False,False,none,1.21,315.7,12.0,3,4,5,5,33.07,52.72,23.27,15.99,12.99,8.27,3.09,1.37,1.01,0.81,13.87,16.06,15.82,16.81,True,2026-05-08,dividend_focused|high_risk
JP90C00005P3,イーストスプリング・インド株式オープン,,ｲｰｽﾄｽﾌﾟﾘﾝｸﾞ,インド株式-為替ヘッジ無し,株式,em,0.0,0.0,1.0,False,False,False,False,False,none,1.9497,2165.88,12.0,3,3,3,3,-19.15,-2.69,10.67,12.57,11.44,8.95,-0.14,0.73,0.82,0.68,15.29,14.93,15.82,18.38,True,2026-05-08,em_centric|high_risk|thematic
JP90C000GVW1,ﾌｨﾃﾞﾘﾃｨ･ﾀｰｹﾞｯﾄ･ﾃﾞｰﾄ･ﾌｧﾝﾄﾞ(ﾍﾞｰｼｯｸ)2060,将来設計（ベーシック）,ﾌｨﾃﾞﾘﾃｨ,バランス（固定配分・高リスク）-為替リスク低減,バランス,world,0.06,0.62,0.11,False,False,False,False,False,none,0.38,70.14,7.0,4,3,5,,19.41,38.39,24.08,17.81,,15.46,3.11,1.61,1.13,,10.44,13.78,15.37,,True,2026-05-08,high_risk
JP90C00099S0,米国成長株式ファンド,,三井住友TAM,米国株式-為替ヘッジ無し,株式,us,0.0,1.0,0.0,False,False,False,False,False,none,1.87,903.73,12.0,2,3,3,4,0.72,35.71,29.02,18.87,19.95,17.95,1.92,1.36,0.92,0.96,16.3,19.97,20.98,21.18,True,2026-05-08,active_diversified|growth_focused|high_risk|us_centric
JP90C0004H04,セゾン資産形成の達人ファンド,,ｾｿﾞﾝ,先進国株式（広域）-為替ヘッジ無し,株式,world,0.06,0.62,0.11,False,False,False,False,False,none,1.54,4620.78,12.0,1,1,1,2,11.46,28.9,16.29,12.26,13.78,9.03,2.17,1.16,0.81,0.87,11.77,13.62,15.48,16.28,True,2026-05-08,high_risk
JP90C000FZN3,iFreeActive EV,,大和,先進国・新興国株式（広域）-為替ヘッジ無し,株式,world,0.06,0.62,0.11,False,False,False,False,False,none,1.221,43.92,7.0,4,2,3,,47.86,67.28,21.1,15.08,,14.15,2.49,0.88,0.67,,21.38,25.12,25.73,,True,2026-05-08,very_high_risk
JP90C000Q8S7,iFreeNEXT日経連続増配株指数(年4回決算型),,大和,国内株式,株式,japan,1.0,0.0,0.0,True,False,False,False,False,none,0.275,7.54,1.5,1,,,,10.55,11.12,,,,9.12,0.83,,,,12.86,,,,True,2026-05-08,japan_centric|medium_risk|passive_index
JP90C000QB91,ｽﾃｰﾄ･ｽﾄﾘｰﾄ･ｸﾞﾛｰﾊﾞﾙ債券ｲﾝﾃﾞｯｸｽ･ｵｰﾌﾟﾝ(隔月分配型),,ｽﾃｰﾄｽﾄﾘｰﾄ,先進国債券（広域・高格付）-為替ヘッジ無し,債券,world,0.06,0.62,0.11,False,False,False,False,False,none,0.0638,4.81,1.5,3,,,,6.22,11.78,,,,6.83,1.55,,,,6.92,,,,True,2026-05-08,low_risk
JP90C0001V33,損保ジャパン拡大中国株投信,,SOMPO,中国・香港株式-為替ヘッジ無し,株式,em,0.0,0.0,1.0,False,False,False,False,False,none,1.705,25.64,12.0,4,5,5,5,26.69,50.59,21.61,10.88,12.39,8.04,2.76,1.03,0.59,0.67,15.06,20.7,21.08,20.42,True,2026-05-08,em_centric|high_risk
JP90C000NMA2,楽天･資産づくりﾌｧﾝﾄﾞぷらす+(がっちりｺｰｽ),,楽天,バランス（固定配分・高リスク）-為替リスク低減,バランス,world,0.06,0.62,0.11,False,False,False,False,False,none,0.9975,6.18,4.0,2,2,,,12.88,23.44,16.63,,,13.04,2.35,1.39,,,8.89,11.31,,,True,2026-05-08,medium_risk
JP90C000N710,グローバル・メタバース株式ファンド,,ｱﾓｰｳﾞｧAM,先進国株式（広域）-為替ヘッジ無し,株式,world,0.06,0.62,0.11,False,False,False,False,False,none,1.7985,85.15,4.0,2,3,,,-31.61,32.88,39.28,,,22.04,1.08,1.28,,,29.98,29.11,,,True,2026-05-08,global_diversified|very_high_risk
JP90C0009PH5,ﾋﾟｸﾃ新興国ｲﾝｶﾑ株式ﾌｧﾝﾄﾞ(1年決算型),,ﾋﾟｸﾃ,新興国株式（広域）-為替ヘッジ無し,株式,em,0.0,0.0,1.0,False,False,False,False,False,none,2.015,149.91,12.0,2,2,4,3,35.23,54.42,25.59,16.9,13.48,8.97,3.49,1.55,1.05,0.78,12.54,15.25,15.98,18.22,True,2026-05-08,em_centric|high_risk
JP90C000PPF9,ｲｰｽﾄｽﾌﾟﾘﾝｸﾞ･ｲﾝﾄﾞﾈｼｱ株式ﾌｧﾝﾄﾞ(資産成長型),＋αインドネシア,ｲｰｽﾄｽﾌﾟﾘﾝｸﾞ,インドネシア株式-為替ヘッジ無し,株式,world,0.06,0.62,0.11,False,False,False,False,False,none,0.892,28.21,1.5,,,,,-21.57,2.86,,,,-7.98,0.21,,,,18.11,,,,True,2026-05-08,medium_risk
JP90C000JTA5,ＮＺＡＭ・ベータ　日経２２５,,農中全共連,国内株式,株式,japan,1.0,0.0,0.0,True,False,False,False,False,none,0.176,16.06,7.0,4,4,3,,30.84,64.03,28.85,17.16,,18.21,2.68,1.34,0.92,,18.94,20.17,18.96,,True,2026-05-08,high_risk|japan_centric|passive_index
JP90C000F8L5,SMT世界経済ｲﾝﾃﾞｯｸｽ･ｵｰﾌﾟﾝ(債券ｼﾌﾄ型),,三井住友TAM,バランス（固定配分・低リスク）-為替ヘッジ無し,債券,world,0.06,0.62,0.11,False,False,False,False,False,none,0.495,150.66,7.0,5,5,5,,11.62,21.12,12.87,9.14,,7.03,2.58,1.43,1.02,,7.31,8.54,8.79,,True,2026-05-08,global_diversified|medium_risk
JP90C000FSP3,My SMT TOPIXｲﾝﾃﾞｯｸｽ(ﾉｰﾛｰﾄﾞ),,三井住友TAM,国内株式,株式,japan,1.0,0.0,0.0,True,False,False,False,False,none,0.154,230.78,7.0,2,2,4,,27.95,41.71,24.26,16.64,,10.97,2.57,1.37,1.04,,13.73,16.64,15.92,,True,2026-05-08,high_risk|japan_centric|passive_index
JP90C000J8N7,ﾏﾆｭﾗｲﾌ･円ﾊｲﾌﾞﾘｯﾄﾞ債券ｲﾝｶﾑ･ﾌｧﾝﾄﾞ(年1回決算型),,ﾏﾆｭﾗｲﾌ,国内債券,債券,world,0.06,0.62,0.11,False,False,False,False,False,none,0.77,703.33,7.0,5,5,4,,-1.05,-0.42,0.56,-1.31,,-0.62,-0.93,0.16,-0.84,,1.12,1.65,1.77,,True,2026-05-08,low_risk
JP90C000ERG7,たわらノーロード　ＮＹダウ,,AMOne,米国株式-為替ヘッジ無し,株式,world,0.06,0.62,0.11,False,False,False,False,False,none,0.2475,343.52,7.0,1,2,3,,14.85,32.74,20.17,17.32,,15.92,2.28,1.28,1.07,,12.54,15.05,16.04,,True,2026-05-08,high_risk
JP90C00067A5,SMTAMﾀﾞｳ･ｼﾞｮｰﾝｽﾞｲﾝﾃﾞｯｸｽﾌｧﾝﾄﾞ,,三井住友TAM,米国株式-為替ヘッジ無し,株式,world,0.06,0.62,0.11,False,False,False,False,False,none,0.55,1902.88,12.0,1,2,3,3,14.53,32.38,19.66,16.81,16.61,15.65,2.26,1.25,1.04,0.89,12.53,15.04,16.03,19.34,True,2026-05-08,high_risk
JP90C0001YP7,日本好配当リバランスオープン,,SBI岡三,国内株式,バランス,japan,1.0,0.0,0.0,False,False,False,False,False,none,0.913,1305.83,12.0,2,2,3,3,30.25,34.5,20.9,19.69,14.17,8.49,2.21,1.36,1.36,0.83,13.58,14.5,13.77,17.69,True,2026-05-08,broad_market|dividend_focused|japan_centric|medium_risk
JP90C000FGQ6,TORANOTECアクティブジャパン,,TORANOTEC,国内株式（中小型）,株式,world,0.06,0.62,0.11,False,False,False,False,False,none,0.88,5.13,7.0,2,4,4,,26.16,36.69,24.5,15.6,,14.44,2.86,1.77,1.17,,10.97,12.66,13.02,,True,2026-05-08,active_diversified|medium_risk
JP90C000NJ21,ｲｰｽﾄｽﾌﾟﾘﾝｸﾞ･ｲﾝﾄﾞ･ｺｱ株式ﾌｧﾝﾄﾞ,＋αインド,ｲｰｽﾄｽﾌﾟﾘﾝｸﾞ,インド株式-為替ヘッジ無し,株式,world,0.06,0.62,0.11,False,False,False,False,False,none,0.9575,162.43,4.0,4,5,,,-13.19,1.53,16.97,,,13.5,0.13,1.13,,,14.89,14.61,,,True,2026-05-08,medium_risk
JP90C000FS95,ドイチェ・ＥＴＦバランス・ファンド,プラチナコア,ﾄﾞｲﾁｪ,バランス（固定配分・中リスク）-為替ヘッジ無し,バランス,world,0.06,0.62,0.11,False,False,False,False,False,none,0.3785,20.77,7.0,5,5,5,,10.39,23.81,15.69,12.13,,9.73,2.61,1.51,1.11,,8.1,9.74,10.67,,True,2026-05-08,broad_market|medium_risk
JP90C0005HA5,好配当グリーン・バランス・オープン,みどりのふたば,SOMPO,バランス（固定配分・中リスク）-為替ヘッジ無し,バランス,world,0.06,0.62,0.11,False,False,False,False,False,none,1.397,14.67,12.0,3,4,5,2,25.04,27.59,14.91,11.16,7.93,5.71,2.72,1.42,1.14,0.74,8.89,9.96,9.54,11.0,True,2026-05-08,broad_market|dividend_focused|medium_risk
JP90C000RA67,あおぞら･日本株式ｱﾗｲﾝﾒﾝﾄ･ﾌｧﾝﾄﾞ,まくあき,あおぞら,国内株式,株式,japan,1.0,0.0,0.0,False,False,False,False,False,none,1.21,211.85,1.5,2,,,,15.84,23.14,,,,21.56,1.68,,,,12.46,,,,True,2026-05-08,japan_centric|medium_risk
JP90C000F9D0,Ｓｍａｒｔ-ｉ　国内債券インデックス,,りそな,国内債券,債券,japan,1.0,0.0,0.0,True,False,False,False,False,none,0.132,159.95,7.0,1,2,2,,-8.92,-6.65,-4.41,-3.33,,-1.86,-2.81,-1.4,-1.16,,2.66,3.39,3.02,,True,2026-05-08,japan_centric|low_risk|passive_index
JP90C0007E87,日本ニューテクノロジー・オープン,地球視点,SBI岡三,国内株式,株式,japan,1.0,0.0,0.0,False,False,False,False,False,none,1.54,654.97,12.0,3,4,3,5,27.63,65.52,33.26,18.6,17.61,15.82,2.42,1.37,0.93,0.91,21.6,22.65,20.49,19.93,True,2026-05-08,high_risk|japan_centric
JP90C000E701,ﾆｯｾｲAI関連株式ﾌｧﾝﾄﾞ(為替ﾍｯｼﾞあり),ＡＩ革命（為替ヘッジあり）,ﾆｯｾｲ,米国株式-為替ヘッジ有り,株式,world,0.06,0.62,0.11,False,False,False,False,False,none,1.8925,441.86,7.0,5,5,4,,42.42,75.55,33.76,11.89,,16.15,2.5,1.3,0.55,,23.4,24.55,26.69,,True,2026-05-08,very_high_risk
JP90C00009J8,三井住友・中小型株ファンド,,三井住友DS,国内株式（中小型）,株式,world,0.06,0.62,0.11,False,False,False,False,False,none,1.65,79.29,12.0,2,3,3,4,34.83,38.64,19.51,11.9,13.36,11.5,2.62,1.32,0.82,0.77,12.59,14.02,14.87,18.49,True,2026-05-08,medium_risk
JP90C000LMH1,ｲﾉﾍﾞｰﾃｨﾌﾞ･ｶｰﾎﾞﾝﾆｭｰﾄﾗﾙ戦略ﾌｧﾝﾄﾞ,,三井住友DS,先進国株式（広域）-為替ヘッジ無し,株式,world,0.06,0.62,0.11,False,False,False,False,False,none,1.925,1008.58,7.0,5,3,3,,50.65,83.82,27.94,19.33,,18.47,3.85,1.3,0.87,,16.09,20.42,23.23,,True,2026-05-08,very_high_risk
JP90C0001720,One J-REITｵｰﾌﾟﾝ(2ｶ月決算ｺｰｽ),オーナーズ・インカム２Ｍ,AMOne,国内REIT,不動産,world,0.06,0.62,0.11,False,False,False,False,False,none,1.1,47.04,12.0,1,1,1,3,-7.22,10.38,3.35,1.26,3.21,5.51,1.09,0.36,0.15,0.26,8.87,9.56,10.97,19.58,True,2026-05-08,medium_risk|tech_heavy
JP90C0008YM9,メキシコ株式ファンド,,ｶﾚﾗAM,新興国株式（その他単一国）-為替ヘッジ無し,株式,world,0.06,0.62,0.11,False,False,False,False,False,none,1.6665,13.03,12.0,3,2,5,,35.53,50.43,16.11,20.21,9.64,6.09,3.2,0.8,0.96,0.51,12.86,21.19,21.3,23.16,True,2026-05-08,high_risk
JP90C000HR52,ｅＭＡＸＩＳ Ｎｅｏ 自動運転,,三菱UFJｱｾｯﾄ,先進国株式（広域）-為替ヘッジ無し,株式,world,0.06,0.62,0.11,False,False,False,False,False,none,0.792,92.34,7.0,3,2,1,,3.15,60.9,19.04,1.69,,18.88,1.51,0.67,0.22,,35.36,34.22,34.93,,True,2026-05-08,very_high_risk
JP90C000QX12,SMT ｸﾞﾛｰﾊﾞﾙｻｳｽ株式ｲﾝﾃﾞｯｸｽ･ｵｰﾌﾟﾝ,,三井住友TAM,新興国株式（広域）-為替ヘッジ無し,株式,world,0.06,0.62,0.11,False,False,False,False,False,none,0.473,30.07,1.5,1,,,,6.96,19.25,,,,4.28,1.33,,,,13.51,,,,True,2026-05-08,medium_risk
JP90C0004T26,ＳＢＩインド＆ベトナム株ファンド,,SBI,アジア株式-為替ヘッジ無し,株式,em,0.0,0.0,1.0,False,False,False,False,False,none,2.2,168.36,12.0,1,2,2,2,-14.9,7.41,9.48,10.47,9.87,4.1,0.49,0.64,0.69,0.62,15.61,15.41,16.05,17.61,True,2026-05-08,em_centric|high_risk|thematic
JP90C000JX11,つみたて全世界株式,,三菱UFJｱｾｯﾄ,先進国・新興国株式（広域）-為替ヘッジ無し,株式,world,0.06,0.62,0.11,False,False,False,False,False,none,0.198,1915.51,7.0,2,4,5,,20.82,40.72,25.16,18.84,,25.67,2.98,1.59,1.16,,11.51,14.62,15.78,,True,2026-05-08,global_diversified|high_risk
JP90C000F9E8,Ｓｍａｒｔ-ｉ　ＴＯＰＩＸインデックス,,りそな,国内株式,株式,world,0.06,0.62,0.11,True,False,False,False,False,none,0.154,315.15,7.0,2,2,3,,27.9,41.6,24.19,16.6,,12.73,2.57,1.37,1.04,,13.71,16.61,15.89,,True,2026-05-08,high_risk|passive_index
JP90C000CUL5,iTrustロボ,,ﾋﾟｸﾃ,先進国株式（広域）-為替ヘッジ無し,株式,world,0.06,0.62,0.11,False,False,False,False,False,none,0.99,168.28,12.0,4,3,3,3,3.94,52.85,30.16,18.86,22.24,21.88,2.19,1.22,0.81,0.93,20.11,23.73,25.0,24.78,True,2026-05-08,very_high_risk
JP90C0009HN0,ﾀﾞｲﾜ･US-REIT･ｵｰﾌﾟﾝ(年1回決算型)為替ﾍｯｼﾞなし,,大和,北米REIT-為替ヘッジ無し,不動産,world,0.06,0.62,0.11,False,False,False,False,False,none,1.606,694.0,12.0,3,4,4,5,31.88,23.28,15.99,13.78,10.47,11.85,1.75,1.05,0.79,0.57,12.0,14.91,18.12,21.34,True,2026-05-08,high_risk|tech_heavy
JP90C0006Y92,のむラップ・ファンド（普通型）,,野村,バランス（固定配分・中リスク）-為替ヘッジ無し,バランス,world,0.06,0.62,0.11,False,False,False,False,False,none,1.353,7674.58,12.0,3,2,2,2,9.26,17.34,10.83,8.16,7.33,7.39,2.38,1.28,0.9,0.72,6.55,8.07,8.95,10.57,True,2026-05-08,medium_risk
JP90C0009JN6,日本物価連動国債ファンド,,大和,国内債券,債券,japan,1.0,0.0,0.0,False,False,False,False,False,none,0.594,117.61,12.0,4,5,5,5,-2.43,-1.79,0.65,1.91,0.57,0.65,-1.15,0.14,0.61,0.2,2.09,2.63,2.88,2.64,True,2026-05-08,japan_centric|low_risk
JP90C000G672,Ｓｍａｒｔ-ｉ　８資産バランス　安定型,,りそな,バランス（固定配分・低リスク）-為替リスク低減,バランス,world,0.06,0.62,0.11,False,False,False,False,False,none,0.185,146.57,7.0,4,4,4,,3.03,9.35,5.78,3.34,,3.69,2.0,1.07,0.6,,4.21,5.09,5.41,,True,2026-05-08,broad_market|low_risk
JP90C0005BA8,SBI･UTIｲﾝﾄﾞｲﾝﾌﾗ関連株式ﾌｧﾝﾄﾞ,,SBI,インド株式-為替ヘッジ無し,株式,world,0.06,0.62,0.11,False,False,False,False,False,none,1.854,123.37,12.0,4,3,5,3,-7.68,6.58,14.62,18.37,12.43,3.68,0.42,0.85,1.0,0.68,17.29,17.39,18.42,20.14,True,2026-05-08,high_risk
JP90C000FK36,ﾆｯｾｲ新興国株式ｲﾝﾃﾞｯｸｽﾌｧﾝﾄﾞ&lt;購入･換金手数料なし&gt;,,ﾆｯｾｲ,新興国株式（広域）-為替ヘッジ無し,株式,em,0.0,0.0,1.0,False,False,False,False,False,none,0.1859,80.59,7.0,4,4,3,,36.06,58.09,25.78,13.74,,10.28,2.93,1.42,0.81,,15.89,16.94,17.5,,True,2026-05-08,em_centric|high_risk
JP90C0009SS6,ｴﾏｰｼﾞﾝｸﾞ･ｿﾌﾞﾘﾝ･ｵｰﾌﾟﾝ(資産成長型),エマソブＮ,三菱UFJｱｾｯﾄ,新興国債券（広域・米ドル建）-為替ヘッジ無し,債券,world,0.06,0.62,0.11,False,False,False,False,False,none,1.6082,35.26,12.0,4,3,2,3,10.46,22.3,14.47,9.19,7.15,7.36,2.21,1.46,0.93,0.72,9.03,9.35,9.79,10.28,True,2026-05-08,medium_risk
JP90C000FER9,ｸﾞﾛｰﾊﾞﾙ･ﾌｨﾝﾃｯｸ株式ﾌｧﾝﾄﾞ(年2回決算型),,ｱﾓｰｳﾞｧAM,先進国株式（広域）-為替ヘッジ無し,株式,world,0.06,0.62,0.11,False,False,False,False,False,none,1.925,755.67,7.0,2,3,1,,-40.77,15.85,33.98,1.77,,12.54,0.58,1.05,0.23,,34.01,32.55,38.75,,True,2026-05-08,very_high_risk
JP90C000PPA0,ｱﾗｲｱﾝｽ･ﾊﾞｰﾝｽﾀｲﾝ･米国割安株投信(隔月決算･予想分配金提示型),プレミアバリュー,ｱﾗｲｱﾝｽ,米国株式-為替ヘッジ無し,株式,us,0.0,1.0,0.0,False,False,False,False,False,none,1.6797,211.35,1.5,2,,,,31.19,30.98,,,,16.25,2.35,,,,11.51,,,,True,2026-05-08,medium_risk|us_centric|value_focused
JP90C0006G45,野村世界業種別投資ｼﾘｰｽﾞ(世界資源株投資),,野村,先進国株式（広域）-為替ヘッジ無し,株式,world,0.06,0.62,0.11,False,False,False,False,False,none,1.65,57.47,12.0,3,2,3,2,76.96,60.86,19.71,19.9,13.37,8.24,3.87,1.11,0.98,0.64,12.36,17.35,20.41,24.24,True,2026-05-08,global_diversified|high_risk
JP90C000NTE9,ｷｬﾋﾟﾀﾙ･ｲﾝﾍﾞｽﾄﾒﾝﾄ･ｶﾝﾊﾟﾆｰ･ｵﾌﾞ･ｱﾒﾘｶICA年2回決算(分配重視),,ｷｬﾋﾟﾀﾙ,米国株式-為替ヘッジ無し,株式,world,0.06,0.62,0.11,False,False,False,False,False,none,1.133,687.86,4.0,3,5,,,15.68,38.65,27.95,,,25.44,2.48,1.63,,,13.29,15.7,,,True,2026-05-08,high_risk
JP90C0007G85,Ｔ＆Ｄインド中小型株ファンド,ガンジス,Ｔ＆Ｄ,インド株式-為替ヘッジ無し,株式,em,0.0,0.0,1.0,False,False,False,False,False,none,2.051,204.8,12.0,5,5,4,3,-14.03,4.83,16.32,14.87,11.93,13.04,0.33,0.98,0.88,0.69,16.47,16.59,17.24,18.81,True,2026-05-08,em_centric|high_risk|thematic
JP90C000FSN8,My SMT 新興国株式ｲﾝﾃﾞｯｸｽ(ﾉｰﾛｰﾄﾞ),,三井住友TAM,新興国株式（広域）-為替ヘッジ無し,株式,em,0.0,0.0,1.0,False,False,False,False,False,none,0.187,88.51,7.0,3,5,4,,35.92,58.31,26.09,13.98,,9.93,2.93,1.43,0.82,,15.95,16.98,17.53,,True,2026-05-08,em_centric|high_risk
JP90C0006EL7,楽天グローバル・バランス（積極型）,豊饒の木,楽天,バランス（固定配分・高リスク）-為替ヘッジ無し,バランス,world,0.06,0.62,0.11,False,False,False,False,False,none,1.023,43.21,12.0,5,4,4,2,27.67,34.24,18.16,14.42,11.26,8.87,3.36,1.48,1.14,0.81,8.72,11.51,12.37,14.44,True,2026-05-08,broad_market|global_diversified|medium_risk
JP90C0006LH0,eMAXIS先進国債券ｲﾝﾃﾞｯｸｽ(除く日本),,三菱UFJｱｾｯﾄ,先進国債券（広域・高格付）-為替ヘッジ無し,債券,world,0.06,0.62,0.11,False,False,False,False,False,none,0.66,223.87,12.0,2,2,2,3,5.71,11.31,7.64,5.18,3.82,3.97,1.49,1.01,0.69,0.54,6.92,7.28,7.46,7.35,True,2026-05-08,developed_only|japan_centric|low_risk
JP90C000FN41,たわらノーロード　バランス（積極型）,,AMOne,バランス（固定配分・高リスク）-為替リスク低減,バランス,world,0.06,0.62,0.11,False,False,False,False,False,none,0.143,463.22,7.0,1,1,1,,11.53,22.67,13.57,8.92,,8.72,2.84,1.41,0.86,,7.07,9.08,10.36,,True,2026-05-08,broad_market|medium_risk
JP90C0003ZU0,年金積立 日本短期債券オープン,ＤＣ 日本短期債券オープン,ｱﾓｰｳﾞｧAM,国内債券,債券,japan,1.0,0.0,0.0,False,False,False,False,False,none,1.1,6.01,12.0,4,4,5,4,-0.35,-0.33,-0.32,-0.27,-0.25,0.11,-2.21,-1.37,-1.19,-0.96,0.43,0.46,0.38,0.33,True,2026-05-08,japan_centric|low_risk
JP90C000FJ05,野村つみたて日本株投信,,野村,国内株式,株式,japan,1.0,0.0,0.0,False,False,False,False,False,none,0.187,390.42,7.0,4,4,3,,30.87,64.05,28.88,17.11,,14.72,2.68,1.34,0.92,,18.98,20.2,18.98,,True,2026-05-08,high_risk|japan_centric
JP90C000MNE4,楽天グローバルＩＰＯ株式ファンド,,楽天,先進国・新興国株式（広域）-為替ヘッジ無し,株式,world,0.06,0.62,0.11,False,False,False,False,False,none,1.3475,4.31,4.0,4,5,,,31.07,50.27,31.6,,,15.66,3.18,1.76,,,12.94,16.2,,,True,2026-05-08,global_diversified|high_risk
JP90C0006YZ5,外国株式インデックスｅ,,三井住友TAM,先進国株式（広域）-為替ヘッジ無し,株式,world,0.06,0.62,0.11,True,False,False,False,False,none,0.55,365.21,12.0,3,4,4,4,18.13,38.01,24.78,19.43,17.2,14.26,2.75,1.54,1.16,0.94,11.76,14.93,16.4,18.61,True,2026-05-08,high_risk|passive_index
JP90C000FX98,たわらﾉｰﾛｰﾄﾞ 最適化ﾊﾞﾗﾝｽ(安定成長型),,AMOne,バランス（可変配分）-為替リスク低減,バランス,world,0.06,0.62,0.11,False,False,False,False,False,none,0.55,21.28,7.0,3,3,3,,6.04,13.83,7.79,4.59,,4.51,2.34,1.2,0.68,,5.34,6.16,6.63,,True,2026-05-08,low_risk
JP90C000GWL2,ＳＭＴ　ＭＩＲＡＩｎｄｅｘ　ロボ,,三井住友TAM,先進国株式（広域）-為替ヘッジ無し,株式,world,0.06,0.62,0.11,False,False,False,False,False,none,0.77,14.69,7.0,2,2,2,,11.69,31.76,19.69,13.48,,19.84,1.5,0.89,0.62,,19.3,22.88,25.57,,True,2026-05-08,very_high_risk
JP90C0009EJ5,ダイワ日本国債ファンド（年1回決算型）,,大和,国内債券,債券,japan,1.0,0.0,0.0,False,False,False,False,False,none,0.77,63.85,12.0,3,4,4,4,-7.78,-5.64,-3.11,-2.24,-1.27,-0.42,-2.91,-1.22,-0.97,-0.66,2.2,2.81,2.48,2.01,True,2026-05-08,japan_centric|low_risk
JP90C0002AA7,ＡＬＡＭＣＯ 日経平均ファンド,にぃにぃＧｏ,朝日ﾗｲﾌ,国内株式,株式,japan,1.0,0.0,0.0,True,False,False,False,False,none,0.55,48.69,12.0,4,3,2,4,30.4,63.14,28.35,16.66,15.45,6.73,2.68,1.33,0.9,0.83,18.74,20.05,18.87,19.69,True,2026-05-08,high_risk|japan_centric|passive_index
JP90C000P4Q1,eMAXISS&amp;P500ｸｵﾘﾃｨ高配当ｲﾝﾃﾞｯｸｽ,,三菱UFJｱｾｯﾄ,米国株式-為替ヘッジ無し,株式,world,0.06,0.62,0.11,False,False,False,False,False,none,0.33,47.17,4.0,2,1,,,24.03,25.61,13.48,,,14.41,1.71,0.93,,,13.47,14.45,,,True,2026-05-08,dividend_focused|medium_risk
JP90C00063B2,優良日本株ファンド,ちから株,三菱UFJｱｾｯﾄ,国内株式,株式,japan,1.0,0.0,0.0,False,False,False,False,False,none,1.1,471.0,12.0,3,3,3,3,29.97,46.42,24.51,17.83,13.55,13.0,2.26,1.25,1.0,0.75,17.27,18.79,17.82,19.37,True,2026-05-08,high_risk|japan_centric
JP90C000C8G8,ｅＭＡＸＩＳ バランス（４資産均等型）,,三菱UFJｱｾｯﾄ,バランス（固定配分・中リスク）-為替ヘッジ無し,バランス,world,0.06,0.62,0.11,False,False,False,False,False,none,0.55,173.71,12.0,3,4,4,5,10.13,19.67,12.72,9.39,8.22,7.22,2.71,1.43,1.06,0.85,6.49,8.43,8.67,9.71,True,2026-05-08,broad_market|medium_risk
JP90C0000P99,三菱ＵＦＪ インデックス２２５オープン,,三菱UFJｱｾｯﾄ,国内株式,株式,world,0.06,0.62,0.11,True,False,False,False,False,none,0.55,2107.34,12.0,4,3,2,4,30.46,63.51,28.45,16.73,15.57,6.26,2.66,1.33,0.9,0.83,18.97,20.19,18.97,19.79,True,2026-05-08,high_risk|passive_index
JP90C000DFP5,iTrust日本株式,日本選抜～シェアＮＯ.１企業厳選～,ﾋﾟｸﾃ,国内株式,株式,japan,1.0,0.0,0.0,False,False,False,False,False,none,0.913,107.26,7.0,1,1,1,,25.74,34.84,19.9,13.08,,12.96,2.16,1.2,0.86,,14.03,15.9,15.58,,True,2026-05-08,high_risk|japan_centric
JP90C00091E7,ＥＸＥ‐ｉ 全世界中小型株式ファンド,,SBI,先進国・新興国株式（広域）-為替ヘッジ無し,株式,world,0.06,0.62,0.11,False,False,False,False,False,none,0.245,256.8,12.0,3,1,2,3,28.11,40.62,20.04,13.5,13.54,11.64,2.63,1.2,0.78,0.7,13.09,16.0,18.03,21.16,True,2026-05-08,global_diversified|high_risk
JP90C000PZ78,ﾆｯｾｲ/ｻﾝﾀﾞｰｽ･ｸﾞﾛｰﾊﾞﾙﾊﾞﾘｭｰ株式ﾌｧﾝﾄﾞ(隔月予想分配金提示型),,ﾆｯｾｲ,先進国株式（広域）-為替ヘッジ無し,株式,world,0.06,0.62,0.11,False,False,False,False,False,none,1.496,50.03,1.5,5,,,,32.5,52.28,,,,26.41,3.21,,,,13.2,,,,True,2026-05-08,medium_risk
JP90C000H0B1,ﾆｯｾｲ宇宙関連ｸﾞﾛｰﾊﾞﾙ株式ﾌｧﾝﾄﾞ(資産成長型･為替ﾍｯｼﾞなし),スペース革命,ﾆｯｾｲ,先進国株式（広域）-為替ヘッジ無し,株式,world,0.06,0.62,0.11,False,False,False,False,False,none,1.8975,850.41,7.0,1,3,3,,-7.14,22.98,22.75,17.3,,17.29,1.33,1.27,0.94,,16.1,17.09,18.71,,True,2026-05-08,high_risk
JP90C0001L50,One日本ｲﾝｶﾑ株式ﾌｧﾝﾄﾞ(3ヵ月決算型),,AMOne,国内株式,株式,japan,1.0,0.0,0.0,False,False,False,False,False,none,1.1,780.8,12.0,3,3,5,3,47.73,48.89,28.59,23.07,14.76,8.52,2.63,1.51,1.33,0.84,15.4,17.44,16.47,18.28,True,2026-05-08,high_risk|japan_centric
JP90C000S0V6,全世界株式･ｺﾞｰﾙﾄﾞｱﾛｹｰｼｮﾝﾌｧﾝﾄﾞ,ゴルアロ全世界,りそな,バランス（可変配分）-為替ヘッジ無し,バランス,world,0.06,0.62,0.11,False,False,False,False,False,none,0.732,14.65,,,,,,28.09,,,,,46.57,,,,,,,,,True,2026-05-08,global_diversified|medium_risk
JP90C000KCW3,ﾆｯｾｲ世界株式ﾌｧﾝﾄﾞ(GDP型ﾊﾞｽｹｯﾄ)&lt;購入･換金手数料なし&gt;,,ﾆｯｾｲ,先進国・新興国株式（広域）-為替ヘッジ無し,株式,world,0.06,0.62,0.11,False,False,False,False,False,none,0.1144,39.87,7.0,4,4,4,,26.15,46.61,25.45,17.22,,20.18,3.16,1.6,1.09,,12.19,14.73,15.48,,True,2026-05-08,global_diversified|high_risk
JP90C0001K28,ファンド「メガ・テック」,,AMOne,国内株式,株式,world,0.06,0.62,0.11,False,False,False,False,False,none,1.65,167.1,12.0,5,4,2,5,45.15,81.27,29.83,16.75,18.34,3.92,3.16,1.29,0.81,0.87,19.34,21.9,21.78,22.11,True,2026-05-08,high_risk|tech_heavy
JP90C000RVP2,たわらﾉｰﾛｰﾄﾞ ｲﾝﾄﾞ株式NiftyMidcap50,,AMOne,インド株式-為替ヘッジ無し,株式,world,0.06,0.62,0.11,False,False,False,False,False,none,0.594,19.74,,,,,,-12.35,,,,,0.52,,,,,,,,,True,2026-05-08,medium_risk
JP90C00021C8,ｲﾝﾃﾞｯｸｽﾌｧﾝﾄﾞTOPIX(日本株式),ＤＣ ＴＯＰＩＸ,ｱﾓｰｳﾞｧAM,国内株式,株式,japan,1.0,0.0,0.0,True,False,False,False,False,none,0.473,441.54,12.0,1,2,3,2,27.58,41.29,23.78,16.14,13.04,6.77,2.55,1.35,1.01,0.78,13.74,16.64,15.93,17.51,True,2026-05-08,high_risk|japan_centric|passive_index
JP90C000F8D2,SMT 世界経済インデックス・オープン,,三井住友TAM,バランス（固定配分・中リスク）-為替ヘッジ無し,バランス,world,0.06,0.62,0.11,True,False,False,False,False,none,0.55,107.02,7.0,5,5,4,,16.34,29.33,17.03,11.83,,9.41,2.96,1.53,1.07,,8.63,10.41,10.82,,True,2026-05-08,global_diversified|medium_risk|passive_index
JP90C000CMU3,ﾛﾎﾞｯﾄ･ﾃｸﾉﾛｼﾞｰ関連株ﾌｧﾝﾄﾞ-ﾛﾎﾞﾃｯｸ-,,大和,先進国株式（広域）-為替ヘッジ無し,株式,world,0.06,0.62,0.11,False,False,False,False,False,none,1.815,3013.95,12.0,3,2,2,3,29.67,52.12,20.58,13.32,17.46,15.23,2.32,0.96,0.65,0.8,18.58,21.71,23.25,23.5,True,2026-05-08,very_high_risk
JP90C000JM22,農林中金〈ﾊﾟｰﾄﾅｰｽﾞ〉おおぶねJAPAN(日本選抜),,農中ﾊﾞﾘｭｰ,国内株式,株式,japan,1.0,0.0,0.0,False,False,False,False,False,none,0.88,99.66,7.0,1,1,1,,16.51,17.17,11.38,7.73,,8.76,1.42,0.82,0.57,,11.17,13.92,14.5,,True,2026-05-08,japan_centric|medium_risk
JP90C000MDC9,ﾁｬｲﾅ･ｴﾈﾙｷﾞｰ･ｲﾉﾍﾞｰｼｮﾝ株式ﾌｧﾝﾄﾞ,,ｱﾓｰｳﾞｧAM,中国・香港株式-為替ヘッジ無し,株式,world,0.06,0.62,0.11,False,False,False,False,False,none,1.683,7.23,4.0,5,2,,,48.11,99.69,11.5,,,1.24,2.91,0.52,,,24.73,27.59,,,True,2026-05-08,very_high_risk
JP90C000CL87,野村未来ﾄﾚﾝﾄﾞ発見ﾌｧﾝﾄﾞ Bｺｰｽ(為替ﾍｯｼﾞなし),先見の明,野村,先進国株式（広域）-為替ヘッジ無し,株式,world,0.06,0.62,0.11,False,False,False,False,False,none,1.705,988.4,12.0,3,3,3,3,29.39,37.02,27.22,17.97,18.22,15.84,2.26,1.39,0.96,0.94,14.16,18.37,18.97,19.94,True,2026-05-08,high_risk
JP90C00021U0,ｸﾞﾛｰﾊﾞﾙ高配当株式ﾌｧﾝﾄﾞ(奇数月分配型),,ｱﾓｰｳﾞｧAM,先進国株式（広域）-為替ヘッジ無し,株式,world,0.06,0.62,0.11,False,False,False,False,False,none,1.441,453.2,12.0,2,1,3,2,17.55,29.66,18.26,16.7,14.85,8.79,2.36,1.33,1.15,0.9,11.04,13.04,14.15,16.85,True,2026-05-08,active_diversified|dividend_focused|medium_risk
JP90C0007DP8,野村インデックスファンド・外国株式,Ｆｕｎｄｓ-ｉ 外国株式,野村,先進国株式（広域）-為替ヘッジ無し,株式,world,0.06,0.62,0.11,True,False,False,False,False,none,0.605,1060.35,12.0,3,4,4,4,18.08,37.92,24.67,19.33,17.1,15.45,2.74,1.53,1.15,0.94,11.77,14.93,16.4,18.6,True,2026-05-08,high_risk|passive_index
JP90C0004104,五大陸株式ファンド,,ｱﾓｰｳﾞｧAM,先進国・新興国株式（広域）-為替ヘッジ無し,株式,world,0.06,0.62,0.11,False,False,False,False,False,none,1.21,424.44,12.0,3,3,4,4,20.77,40.98,24.21,17.56,15.73,9.31,2.93,1.53,1.09,0.9,11.79,14.69,15.85,18.06,True,2026-05-08,high_risk
JP90C0002DX3,ＪＰＭザ・ジャパン,,JPﾓﾙｶﾞﾝ,国内株式,株式,world,0.06,0.62,0.11,False,False,False,False,False,none,1.87,934.51,12.0,1,1,1,2,3.97,30.6,20.68,12.71,12.54,9.97,1.68,1.13,0.74,0.66,16.3,17.75,18.12,21.34,True,2026-05-08,high_risk
JP90C0000PH4,三菱ＵＦＪ バリューオープン,,三菱UFJｱｾｯﾄ,国内株式,株式,world,0.06,0.62,0.11,False,False,False,False,False,none,1.705,331.67,12.0,3,5,5,4,41.54,52.28,33.73,22.46,15.71,7.48,2.87,1.65,1.25,0.86,14.85,18.55,17.34,19.02,True,2026-05-08,active_diversified|high_risk|value_focused
JP90C000CS15,ｼﾞｬﾊﾟﾝ･ﾛﾎﾞﾃｨｸｽ株式ﾌｧﾝﾄﾞ(1年決算型),,ｱﾓｰｳﾞｧAM,国内株式,株式,world,0.06,0.62,0.11,False,False,False,False,False,none,1.705,715.0,12.0,3,3,1,2,23.4,57.7,26.11,12.69,12.66,12.69,2.52,1.16,0.66,0.67,18.58,21.81,21.24,21.19,True,2026-05-08,high_risk
JP90C000L953,iFreeNEXTNASDAQ次世代50,,大和,米国株式-為替ヘッジ無し,株式,us,0.0,1.0,0.0,True,False,False,False,False,none,0.495,34.83,7.0,5,3,1,,33.58,54.08,25.83,15.22,,13.39,2.58,1.26,0.74,,17.15,19.53,22.21,,True,2026-05-08,passive_index|tech_heavy|us_centric|very_high_risk
JP90C0003RR3,ダイワ・ライフ・バランス３０,,大和,バランス（固定配分・低リスク）-為替ヘッジ無し,バランス,world,0.06,0.62,0.11,False,False,False,False,False,none,0.198,334.79,12.0,3,3,3,5,3.0,8.93,5.73,4.17,4.22,3.79,1.78,0.99,0.74,0.73,4.51,5.47,5.45,5.8,True,2026-05-08,broad_market|low_risk
JP90C000RHW7,ﾆｯｾｲ･ｲﾝﾄﾞ株式ﾌｧﾝﾄﾞ&lt;購入･換金手数料なし&gt;,ギフトシティー,ﾆｯｾｲ,インド株式-為替ヘッジ無し,株式,world,0.06,0.62,0.11,False,False,False,False,False,none,0.308,16.02,1.5,2,,,,-18.34,-0.24,,,,3.89,0.03,,,,16.3,,,,True,2026-05-08,medium_risk
JP90C0005LU5,日興ジャパン高配当株式ファンド,,ｱﾓｰｳﾞｧAM,国内株式,株式,world,0.06,0.62,0.11,False,False,False,False,False,none,1.188,352.28,12.0,3,3,3,3,35.44,42.12,24.89,17.82,14.18,9.35,2.36,1.49,1.18,0.88,15.17,15.55,14.63,16.55,True,2026-05-08,active_diversified|dividend_focused|medium_risk
JP90C0003G30,ストック インデックス ファンド２２５,,大和,国内株式,株式,world,0.06,0.62,0.11,True,False,False,False,False,none,0.517,1899.81,12.0,4,3,2,4,30.28,63.49,28.47,16.75,15.55,,2.66,1.33,0.9,0.83,18.99,20.19,18.97,19.79,True,2026-05-08,high_risk|passive_index
JP90C000D216,eMAXIS最適化ﾊﾞﾗﾝｽ(ﾏｲｽﾄﾗｲｶｰ),,三菱UFJｱｾｯﾄ,バランス（固定配分・高リスク）-為替ヘッジ無し,バランス,world,0.06,0.62,0.11,False,False,False,False,False,none,0.55,315.98,12.0,4,4,3,3,23.49,40.65,22.98,15.66,13.68,13.51,3.27,1.59,1.1,0.88,10.44,13.38,13.99,16.06,True,2026-05-08,medium_risk
JP90C00055W4,SMT TOPIXインデックス・オープン,,三井住友TAM,国内株式,株式,japan,1.0,0.0,0.0,True,False,False,False,False,none,0.407,377.39,12.0,2,2,3,2,27.64,41.37,23.96,16.37,13.32,7.69,2.55,1.36,1.02,0.8,13.74,16.64,15.92,17.51,True,2026-05-08,high_risk|japan_centric|passive_index
JP90C000PSQ0,はじめてのNISA･新興国株式ｲﾝﾃﾞｯｸｽ,Funds-i Basic 新興国株式,野村,新興国株式（広域）-為替ヘッジ無し,株式,em,0.0,0.0,1.0,False,False,False,False,False,none,0.1859,87.65,1.5,4,,,,36.07,58.4,,,,24.82,2.95,,,,15.86,,,,True,2026-05-08,em_centric|medium_risk
JP90C000LY32,ﾊﾘｽｸﾞﾛｰﾊﾞﾙﾊﾞﾘｭｰ株ﾌｧﾝﾄﾞ(資産成長型),,朝日ﾗｲﾌ,先進国株式（広域）-為替ヘッジ無し,株式,world,0.06,0.62,0.11,False,False,False,False,False,none,1.98,21.02,4.0,1,1,,,10.12,21.75,12.29,,,9.68,1.47,0.81,,,13.58,15.39,,,True,2026-05-08,high_risk
JP90C0005Z76,SMT 新興国株式インデックス・オープン,,三井住友TAM,新興国株式（広域）-為替ヘッジ無し,株式,em,0.0,0.0,1.0,True,False,False,False,False,none,0.66,471.74,12.0,3,3,3,4,35.25,57.52,25.44,13.45,13.17,11.45,2.9,1.4,0.8,0.74,15.95,16.98,17.53,18.98,True,2026-05-08,em_centric|high_risk|passive_index
JP90C000A808,野村ｲﾝﾃﾞｯｸｽﾌｧﾝﾄﾞ･JPX日経400,Ｆｕｎｄｓ-ｉ　ＪＰＸ日経４００,野村,国内株式,株式,japan,1.0,0.0,0.0,True,False,False,False,False,none,0.44,179.97,12.0,1,3,4,2,29.56,41.62,24.35,16.58,13.37,12.15,2.58,1.37,1.02,0.8,13.66,16.75,16.15,17.52,True,2026-05-08,high_risk|japan_centric|passive_index
JP90C000A0B8,SMTJPX日経ｲﾝﾃﾞｯｸｽ400･ｵｰﾌﾟﾝ,,三井住友TAM,国内株式,株式,japan,1.0,0.0,0.0,True,False,False,False,False,none,0.407,212.69,12.0,1,3,4,2,29.63,41.66,24.56,16.7,13.45,11.69,2.58,1.38,1.03,0.8,13.67,16.72,16.13,17.51,True,2026-05-08,high_risk|japan_centric|passive_index
JP90C0008071,SMTｱｼﾞｱ新興国株式ｲﾝﾃﾞｯｸｽ･ｵｰﾌﾟﾝ,,三井住友TAM,アジア株式-為替ヘッジ無し,株式,em,0.0,0.0,1.0,False,False,False,False,False,none,0.66,46.2,12.0,3,5,4,5,34.02,59.56,25.65,12.68,13.86,12.14,2.73,1.33,0.72,0.76,17.48,18.19,18.82,19.52,True,2026-05-08,em_centric|high_risk
JP90C000S9U9,iFree全世界株式ｲﾝﾃﾞｯｸｽ(ｵｰﾙ･ｶﾝﾄﾘｰ),,大和,先進国・新興国株式（広域）-為替ヘッジ無し,株式,world,0.06,0.62,0.11,False,False,False,False,False,none,0.176,13.39,,,,,,21.35,,,,,25.1,,,,,,,,,True,2026-05-08,global_diversified|medium_risk
JP90C000CSN5,USﾃｸﾉﾛｼﾞｰ･ｲﾉﾍﾞｰﾀｰｽﾞ･ﾌｧﾝﾄﾞ,,三井住友DS,米国株式-為替ヘッジ無し,株式,world,0.06,0.62,0.11,False,False,False,False,False,none,1.903,717.41,12.0,4,5,2,4,29.71,70.23,43.02,16.36,21.55,21.45,2.32,1.48,0.61,0.8,24.03,26.37,33.9,30.21,True,2026-05-08,very_high_risk
JP90C000HRR7,iTrustｲﾝｶﾑ株式(為替ﾍｯｼﾞなし),,ﾋﾟｸﾃ,先進国株式（広域）-為替ヘッジ無し,株式,world,0.06,0.62,0.11,False,False,False,False,False,none,0.99,8.32,7.0,2,2,3,,36.07,34.86,18.53,17.19,,14.24,2.64,1.3,1.09,,11.35,13.61,15.52,,True,2026-05-08,high_risk
JP90C000FNN9,ﾆｯｾｲ･ｲﾝﾃﾞｯｸｽﾊﾟｯｹｰｼﾞ(国内･株式/ﾘｰﾄ/債券),ファンドパック日本,ﾆｯｾｲ,バランス（固定配分・低リスク）-為替ヘッジ有り,債券,japan,1.0,0.0,0.0,False,False,False,False,False,none,0.3102,3.28,7.0,2,2,3,,-3.32,2.38,0.97,0.35,,1.35,0.46,0.18,0.06,,3.89,4.1,4.11,,True,2026-05-08,japan_centric|low_risk
JP90C000SCE4,ＳＭＴ　中国株式モメンタムファンド,トレンドランキング・中国株,三井住友TAM,中国・香港株式-為替ヘッジ無し,株式,em,0.0,0.0,1.0,False,False,False,False,False,none,0.77,4.37,,,,,,,,,,,,,,,,,,,,True,2026-05-08,em_centric|medium_risk|momentum
JP90C000PYZ9,ﾋﾟｸﾃ新興国ｺﾞｰﾙﾃﾞﾝ･ﾘｽｸﾌﾟﾚﾐｱﾑ･ﾌｧﾝﾄﾞ,新興国ポラリス,ﾋﾟｸﾃ,バランス（可変配分）-為替リスク低減,バランス,em,0.0,0.0,1.0,False,False,False,False,False,none,1.7875,84.69,1.5,2,,,,16.38,34.19,,,,23.14,2.26,,,,13.12,,,,True,2026-05-08,em_centric|medium_risk
JP90C000RR76,ﾃｨｰ･ﾛｳ･ﾌﾟﾗｲｽ米国株式ﾘｻｰﾁﾌｧﾝﾄﾞ,Ｓ＆Ｐ５００　Ｐｒｏ,ﾃｨ･ﾛｳ･ﾌﾟﾗｲｽ,米国株式-為替ヘッジ無し,株式,us,0.0,1.0,0.0,False,False,False,False,False,none,0.6105,19.55,,,,,,17.1,,,,,34.29,,,,,,,,,True,2026-05-08,medium_risk|us_centric
JP90C0002PY5,米国NASDAQオープンAコース,,野村,米国株式-為替ヘッジ有り,株式,us,0.0,1.0,0.0,True,False,False,False,False,none,1.694,109.59,12.0,4,4,4,5,5.16,32.82,22.35,9.32,15.41,4.69,1.58,1.04,0.51,0.8,18.67,21.24,21.95,20.58,True,2026-05-08,high_risk|passive_index|tech_heavy|us_centric
JP90C0003ZV8,ｲﾝﾃﾞｯｸｽﾌｧﾝﾄﾞ海外株式(ﾍｯｼﾞなし),ＤＣ インデックス海外株式（ヘッジなし）,ｱﾓｰｳﾞｧAM,先進国株式（広域）-為替ヘッジ無し,株式,world,0.06,0.62,0.11,False,False,False,False,False,none,0.638,370.74,12.0,3,4,4,4,18.06,37.97,24.6,19.19,16.9,9.11,2.74,1.53,1.14,0.93,11.78,14.95,16.42,18.62,True,2026-05-08,high_risk
JP90C000BYF1,ＲＯＥ向上・日本厳選株式ファンド,収穫,三井住友DS,国内株式,株式,japan,1.0,0.0,0.0,False,False,False,False,False,none,1.705,72.8,12.0,1,3,2,3,22.25,36.68,24.29,15.92,14.15,10.44,2.12,1.29,0.93,0.81,15.01,17.88,17.25,18.43,True,2026-05-08,active_concentrated|high_risk|japan_centric
JP90C000F8H3,つみたて８資産均等バランス,,三菱UFJｱｾｯﾄ,バランス（固定配分・中リスク）-為替ヘッジ無し,バランス,world,0.06,0.62,0.11,False,False,False,False,False,none,0.242,2550.64,7.0,4,4,3,,13.84,24.16,13.92,9.77,,8.45,2.93,1.48,1.0,,7.29,8.87,9.57,,True,2026-05-08,broad_market|medium_risk
JP90C0006NL8,ｲｰｽﾄｽﾌﾟﾘﾝｸﾞ･ｲﾝﾄﾞﾈｼｱ株式ｵｰﾌﾟﾝ,,ｲｰｽﾄｽﾌﾟﾘﾝｸﾞ,インドネシア株式-為替ヘッジ無し,株式,world,0.06,0.62,0.11,False,False,False,False,False,none,1.838,63.3,12.0,,,,,-23.48,1.96,-8.27,2.61,0.52,3.0,0.16,-0.39,0.22,0.13,19.18,18.49,18.53,22.19,True,2026-05-08,high_risk
JP90C000ADD2,ブラックロック世界分散投資ファンド,,ﾌﾞﾗｯｸﾛｯｸ,バランス（可変配分）-為替リスク低減,バランス,world,0.06,0.62,0.11,False,False,False,False,False,none,0.913,144.74,12.0,3,3,3,4,8.59,19.67,11.76,5.23,5.91,5.05,2.78,1.36,0.6,0.62,6.32,8.21,8.84,9.93,True,2026-05-08,global_diversified|medium_risk
JP90C00098Z7,新経済成長ジャパン,,SBI岡三,国内株式,株式,world,0.06,0.62,0.11,False,False,False,False,False,none,1.705,81.03,12.0,4,5,4,4,33.65,59.49,32.75,21.53,16.18,13.29,2.52,1.41,1.1,0.89,19.03,21.52,19.24,18.91,True,2026-05-08,high_risk
JP90C000LSG0,ｅＭＡＸＩＳ Ｎｅｏ 電気自動車,,三菱UFJｱｾｯﾄ,先進国株式（広域）-為替ヘッジ無し,株式,world,0.06,0.62,0.11,False,False,False,False,False,none,0.792,27.33,7.0,4,2,,,22.6,66.21,11.72,-2.83,,-1.82,2.32,0.53,0.05,,22.83,27.56,30.63,,True,2026-05-08,very_high_risk
JP90C0006VG1,結い 2101,,鎌倉,国内株式,株式,world,0.06,0.62,0.11,False,False,False,False,False,none,1.1,533.21,12.0,1,1,1,1,27.33,23.44,6.68,3.64,5.2,6.24,2.06,0.71,0.43,0.55,10.19,9.29,8.92,10.05,True,2026-05-08,medium_risk
JP90C000CMM0,たわらノーロード　先進国リート,,AMOne,海外REIT（含む北米）-為替ヘッジ無し,不動産,world,0.06,0.62,0.11,False,False,False,False,False,none,0.297,451.09,12.0,4,4,4,4,29.07,25.96,15.17,12.04,8.47,7.68,2.02,1.02,0.73,0.49,11.44,14.66,17.59,20.91,True,2026-05-08,developed_only|high_risk
JP90C000BFR5,日本株発掘ファンド,,大和,国内株式,株式,japan,1.0,0.0,0.0,False,False,False,False,False,none,1.595,101.36,12.0,3,4,2,1,30.04,47.94,28.12,14.36,11.87,10.27,2.72,1.53,0.9,0.68,14.63,17.03,16.13,19.26,True,2026-05-08,high_risk|japan_centric
JP90C0008D12,短期豪ドル債オープン（年２回決算型）,,三井住友DS,オセアニア債券-為替ヘッジ無し,債券,world,0.06,0.62,0.11,False,False,False,False,False,none,0.99,17.87,12.0,4,5,5,5,27.54,24.1,11.36,8.09,5.32,4.83,2.52,1.13,0.78,0.52,8.47,9.63,10.45,10.91,True,2026-05-08,medium_risk
JP90C0005UE0,オーストラリア株式ファンド,,ｱﾓｰｳﾞｧAM,オーストラリア株式-為替ヘッジ無し,株式,world,0.06,0.62,0.11,False,False,False,False,False,none,1.76,29.37,12.0,2,2,2,,24.04,33.93,14.47,12.68,10.82,8.17,2.62,1.02,0.8,0.61,11.19,13.84,16.44,19.89,True,2026-05-08,high_risk
JP90C000RZB3,GSPlus全世界株式(ｵｰﾙ･ｶﾝﾄﾘｰ),,ｺﾞｰﾙﾄﾞﾏﾝ,先進国・新興国株式（広域）-為替ヘッジ無し,株式,world,0.06,0.62,0.11,False,False,False,False,False,none,0.4936,20.86,,,,,,22.02,,,,,34.34,,,,,,,,,True,2026-05-08,global_diversified|medium_risk
JP90C0001027,トピックスオープン,,三菱UFJｱｾｯﾄ,国内株式,株式,world,0.06,0.62,0.11,False,False,False,False,False,none,0.55,170.94,12.0,1,2,3,2,27.43,41.15,23.8,16.19,13.06,,2.54,1.35,1.01,0.79,13.74,16.65,15.93,17.52,True,2026-05-08,high_risk
JP90C000RCV0,iFreeWalletﾒｷｼｺﾍﾟｿ(MXN),,大和,メキシコ債券-為替ヘッジ無し,債券,world,0.06,0.62,0.11,False,False,False,False,False,none,0.242,0.85,1.5,,,,,26.04,29.86,,,,23.79,3.11,,,,8.32,,,,True,2026-05-08,medium_risk
JP90C000JUL0,NZAM･ﾍﾞｰﾀ 日本2資産(株式+REIT),,農中全共連,国内株式,不動産,japan,1.0,0.0,0.0,False,False,False,False,False,none,0.242,8.35,7.0,2,1,1,,12.47,36.27,16.77,9.96,,9.93,2.75,1.27,0.8,,11.27,12.61,12.72,,True,2026-05-08,japan_centric|medium_risk|tech_heavy
JP90C000FK44,ﾆｯｾｲ･ｲﾝﾃﾞｯｸｽﾊﾞﾗﾝｽﾌｧﾝﾄﾞ(6資産均等型)&lt;購入･換金手数料なし&gt;,,ﾆｯｾｲ,バランス（固定配分・中リスク）-為替ヘッジ無し,バランス,world,0.06,0.62,0.11,False,False,False,False,False,none,0.1749,32.73,7.0,3,3,3,,10.72,19.74,12.13,8.96,,8.04,2.61,1.37,0.95,,6.75,8.36,9.26,,True,2026-05-08,broad_market|medium_risk
JP90C0007DF9,野村インデックスファンド・J-REIT,Ｆｕｎｄｓ-ｉ Ｊ-ＲＥＩＴ,野村,国内REIT,不動産,world,0.06,0.62,0.11,True,False,False,False,False,none,0.44,67.61,12.0,4,4,3,4,-4.58,11.93,4.67,2.16,3.82,8.0,1.21,0.48,0.23,0.29,9.13,9.77,11.21,19.86,True,2026-05-08,medium_risk|passive_index|tech_heavy
JP90C000CTC6,ｅＭＡＸＩＳ 米国リートインデックス,,三菱UFJｱｾｯﾄ,北米REIT-為替ヘッジ無し,不動産,us,0.0,1.0,0.0,True,False,False,False,False,none,0.66,35.42,12.0,5,5,3,3,35.41,27.05,15.83,13.06,8.95,8.88,1.98,1.02,0.75,0.5,12.18,15.35,18.51,22.13,True,2026-05-08,high_risk|passive_index|us_centric
JP90C000RD64,ｸﾞﾛｰﾊﾞﾙCoCo債ﾌｧﾝﾄﾞ(為替ﾍｯｼﾞなし･1年決算型),,ｱﾓｰｳﾞｧAM,ハイイールド債券（低格付）-為替ヘッジ無し,債券,world,0.06,0.62,0.11,False,False,False,False,False,none,1.785,59.45,1.5,2,,,,8.14,17.87,,,,13.38,2.3,,,,6.99,,,,True,2026-05-08,medium_risk
JP90C000BVT8,Ｏｎｅベトナム株式ファンド,ベトナムでフォー,AMOne,新興国株式（その他単一国）-為替ヘッジ無し,株式,world,0.06,0.62,0.11,False,False,False,False,False,none,1.903,109.7,12.0,5,5,3,,14.89,47.21,21.66,14.5,13.9,9.9,1.98,1.03,0.71,0.68,20.29,20.76,22.43,22.84,True,2026-05-08,very_high_risk
JP90C0003PQ9,ダイワＪ-ＲＥＩＴオープン,,大和,国内REIT,不動産,world,0.06,0.62,0.11,False,False,False,False,False,none,0.792,95.3,12.0,1,1,1,1,-5.05,11.42,4.15,1.66,3.24,5.88,1.16,0.43,0.19,0.26,9.13,9.78,11.21,19.85,True,2026-05-08,medium_risk
JP90C000QBC4,ｽﾃｰﾄ･ｽﾄﾘｰﾄ米国投資適格社債ｲﾝﾃﾞｯｸｽ･ｵｰﾌﾟﾝ(隔月分配型),,ｽﾃｰﾄｽﾄﾘｰﾄ,北米債券-為替ヘッジ無し,債券,us,0.0,1.0,0.0,False,False,False,False,False,none,0.2838,0.63,1.5,5,,,,5.93,13.31,,,,7.96,1.44,,,,8.51,,,,True,2026-05-08,medium_risk|us_centric
JP90C000QVV2,(ｱﾑﾝﾃﾞｨ･ｲﾝﾃﾞｯｸｽｼﾘｰｽﾞ)ｵｰﾙｶﾝﾄﾘｰ･大型成長株,,ｱﾑﾝﾃﾞｨ,先進国・新興国株式（広域）-為替ヘッジ無し,株式,world,0.06,0.62,0.11,False,False,False,False,False,none,0.165,25.86,1.5,3,,,,9.52,41.76,,,,14.22,2.42,,,,14.65,,,,True,2026-05-08,active_diversified|growth_focused|medium_risk
JP90C000CFN2,マニュライフ・米国銀行株式ファンド,アメリカン・バンク,ﾏﾆｭﾗｲﾌ,米国株式-為替ヘッジ無し,株式,us,0.0,1.0,0.0,False,False,False,False,False,none,1.87,100.39,12.0,3,3,2,2,42.21,37.31,27.49,12.02,13.22,10.36,1.42,1.01,0.55,0.56,23.91,27.4,26.51,30.31,True,2026-05-08,us_centric|very_high_risk
JP90C000JUG0,ＮＺＡＭ・ベータ　Ｓ＆Ｐ５００,,農中全共連,米国株式-為替ヘッジ無し,株式,world,0.06,0.62,0.11,False,False,False,False,False,none,0.22,44.56,7.0,3,4,5,,17.06,39.6,26.58,20.96,,20.35,2.6,1.52,1.18,,12.95,16.18,17.25,,True,2026-05-08,high_risk
JP90C000NJ39,イーストスプリング・ベトナム株式ファンド,＋αベトナム,ｲｰｽﾄｽﾌﾟﾘﾝｸﾞ,新興国株式（その他単一国）-為替ヘッジ無し,株式,world,0.06,0.62,0.11,False,False,False,False,False,none,0.989,61.39,4.0,2,1,,,3.81,30.83,11.26,,,6.77,1.46,0.61,,,19.2,20.53,,,True,2026-05-08,high_risk
JP90C000F9G3,Ｓｍａｒｔ-ｉ　先進国株式インデックス,,りそな,先進国株式（広域）-為替ヘッジ無し,株式,world,0.06,0.62,0.11,True,False,False,False,False,none,0.22,1671.36,7.0,3,5,5,,18.48,38.38,25.12,19.76,,17.37,2.77,1.56,1.17,,11.77,14.93,16.4,,True,2026-05-08,developed_only|high_risk|passive_index
JP90C000RK65,ｻｲﾊﾞｰｾｷｭﾘﾃｨ株式ｵｰﾌﾟﾝ&lt;3ヵ月決算型&gt;(為替ﾍｯｼﾞなし),,三菱UFJｱｾｯﾄ,米国株式-為替ヘッジ無し,株式,world,0.06,0.62,0.11,False,False,False,False,False,none,1.87,9.58,1.5,1,,,,-22.04,13.45,,,,5.2,0.66,,,,21.8,,,,True,2026-05-08,medium_risk
JP90C000JP11,たわらノーロード　フォーカス　次世代通信,,AMOne,先進国・新興国株式（広域）-為替ヘッジ無し,株式,world,0.06,0.62,0.11,False,False,False,False,False,none,0.495,13.07,7.0,5,5,3,,55.71,90.6,40.31,20.67,,21.73,3.46,1.75,0.96,,19.1,20.44,22.0,,True,2026-05-08,very_high_risk
JP90C0001QL2,ニッセイＴＯＰＩＸオープン,,ﾆｯｾｲ,国内株式,株式,world,0.06,0.62,0.11,False,False,False,False,False,none,0.55,222.48,12.0,1,2,3,2,27.44,41.21,23.82,16.22,13.18,5.53,2.54,1.35,1.01,0.79,13.74,16.64,15.92,17.5,True,2026-05-08,high_risk
JP90C000LJX4,まるごとひふみ100,,ﾚｵｽ･ｷｬﾋﾟﾀﾙﾜｰｸｽ,先進国株式（広域）-為替ヘッジ無し,株式,world,0.06,0.62,0.11,False,False,False,False,False,none,1.3376,262.46,7.0,2,2,1,,18.11,35.12,19.17,10.83,,10.22,2.34,1.21,0.73,,12.97,15.21,15.44,,True,2026-05-08,active_diversified|high_risk|quality
JP90C000DVW8,ｉＦｒｅｅ 外国ＲＥＩＴインデックス,,大和,海外REIT（含む北米）-為替ヘッジ無し,不動産,world,0.06,0.62,0.11,True,False,False,False,False,none,0.341,26.55,7.0,4,4,4,,28.65,25.57,15.08,11.97,,9.34,2.0,1.01,0.72,,11.44,14.68,17.66,,True,2026-05-08,high_risk|passive_index
JP90C000QVS8,(ｱﾑﾝﾃﾞｨ･ｲﾝﾃﾞｯｸｽｼﾘｰｽﾞ)ｲﾝﾄﾞ株,,ｱﾑﾝﾃﾞｨ,インド株式-為替ヘッジ無し,株式,world,0.06,0.62,0.11,False,False,False,False,False,none,0.2805,23.05,1.5,1,,,,-22.59,-6.63,,,,-9.34,-0.38,,,,16.34,,,,True,2026-05-08,medium_risk
JP90C000CHZ2,SBI中小型成長株ﾌｧﾝﾄﾞ ｼﾞｪｲﾈｸｽﾄ(年2回決算型),jnextII,SBI,国内株式（中小型）,株式,world,0.06,0.62,0.11,False,False,False,False,False,none,1.639,36.26,12.0,1,1,1,2,17.18,23.93,7.15,0.62,10.94,10.78,1.42,0.45,0.12,0.58,15.58,18.33,19.93,21.74,True,2026-05-08,active_diversified|growth_focused|high_risk
JP90C000GR04,ｅＭＡＸＩＳ Ｎｅｏ 遺伝子工学,,三菱UFJｱｾｯﾄ,米国株式-為替ヘッジ無し,株式,world,0.06,0.62,0.11,False,False,False,False,False,none,0.792,20.15,7.0,4,1,1,,16.84,55.15,4.74,-5.23,,-0.33,1.61,0.29,-0.01,,29.57,30.55,32.33,,True,2026-05-08,very_high_risk
JP90C0006YV4,外国債券インデックスｅ,,三井住友TAM,先進国債券（広域・高格付）-為替ヘッジ無し,債券,world,0.06,0.62,0.11,True,False,False,False,False,none,0.55,29.01,12.0,2,3,3,3,5.82,11.41,7.76,5.33,3.93,4.28,1.51,1.02,0.71,0.55,6.91,7.27,7.41,7.31,True,2026-05-08,low_risk|passive_index
JP90C000EGX5,ｸﾞﾛｰﾊﾞﾙ･ﾛﾎﾞﾃｨｸｽ株式ﾌｧﾝﾄﾞ(為替ﾍｯｼﾞあり･1年決算型),,ｱﾓｰｳﾞｧAM,先進国株式（広域）-為替ヘッジ有り,株式,world,0.06,0.62,0.11,False,False,False,False,False,none,1.936,181.07,7.0,4,3,3,,28.5,49.24,17.67,8.64,,12.65,2.33,0.91,0.49,,17.6,19.6,21.03,,True,2026-05-08,high_risk
JP90C0000789,三井住友・２２５オープン,,三井住友DS,国内株式,株式,world,0.06,0.62,0.11,False,False,False,False,False,none,0.396,3104.25,12.0,4,3,2,4,30.43,63.64,28.52,16.79,15.63,6.19,2.66,1.33,0.9,0.83,19.03,20.24,19.01,19.84,True,2026-05-08,high_risk
JP90C000JBQ9,米国IPOﾆｭｰｽﾃｰｼﾞ･ﾌｧﾝﾄﾞ&lt;為替ﾍｯｼﾞなし&gt;(資産成長型),,三菱UFJｱｾｯﾄ,米国株式-為替ヘッジ無し,株式,us,0.0,1.0,0.0,False,False,False,False,False,none,1.7875,197.6,7.0,2,3,1,,-15.36,29.28,34.81,8.24,,18.93,0.92,1.07,0.4,,33.08,32.52,35.79,,True,2026-05-08,us_centric|very_high_risk
JP90C0004YB1,ｱｼﾞｱ未来成長株式ﾌｧﾝﾄﾞ(3ヵ月決算型),,ﾍﾞｱﾘﾝｸﾞｽ,アジア株式-為替ヘッジ無し,株式,world,0.06,0.62,0.11,False,False,False,False,False,none,1.76,9.37,12.0,5,4,3,3,77.96,102.65,29.92,11.71,13.77,6.59,3.08,1.25,0.61,0.71,23.77,22.9,21.68,21.26,True,2026-05-08,active_diversified|growth_focused|high_risk
JP90C000P988,Tracersｸﾞﾛｰﾊﾞﾙ3分法(おとなのﾊﾞﾗﾝｽ),,ｱﾓｰｳﾞｧAM,バランス（固定配分・中リスク）-為替リスク低減,バランス,world,0.06,0.62,0.11,False,False,False,False,False,none,0.1089,18.35,4.0,1,1,,,4.8,9.2,5.47,,,5.41,1.99,0.96,,,4.15,5.4,,,True,2026-05-08,low_risk
JP90C0009GR3,ﾌﾞﾗｼﾞﾙ･ﾎﾞﾝﾄﾞ･ｵｰﾌﾟﾝ(年1回決算型),,大和,ブラジル債券-為替ヘッジ無し,債券,world,0.06,0.62,0.11,False,False,False,False,False,none,1.474,1.61,12.0,1,1,1,1,33.05,36.32,10.43,13.45,6.82,5.18,2.51,0.71,0.74,0.43,12.41,15.18,19.4,19.85,True,2026-05-08,high_risk
JP90C000NYF6,東京海上･物価対応ﾊﾞﾗﾝｽﾌｧﾝﾄﾞ(年1回決算型),インフレ・ファイター,東京海上,バランス（可変配分）-為替リスク低減,バランス,world,0.06,0.62,0.11,False,False,False,False,False,none,1.1396,11.61,4.0,3,4,,,8.46,9.02,6.0,,,5.53,1.76,1.15,,,4.63,4.91,,,True,2026-05-08,low_risk
JP90C000FUC7,ﾊﾟｲﾝﾌﾞﾘｯｼﾞ･ｸﾞﾛｰﾊﾞﾙ･ﾃｸﾉﾛｼﾞｰ･ｲﾝﾌﾗ･ﾌｧﾝﾄﾞ,未来インフラ,ﾊﾟｲﾝﾌﾞﾘｯｼﾞ,海外REIT（含む北米）-為替ヘッジ無し,不動産,world,0.06,0.62,0.11,False,False,False,False,False,none,1.738,241.57,7.0,1,1,1,,20.58,18.13,8.75,6.64,,9.22,1.34,0.61,0.43,,12.61,15.11,18.37,,True,2026-05-08,high_risk
JP90C000RZR9,My SMT ﾗｯｾﾙ3000全米株式ｲﾝﾃﾞｯｸｽ(ﾉｰﾛｰﾄﾞ),,三井住友TAM,米国株式-為替ヘッジ無し,株式,us,0.0,1.0,0.0,False,False,False,False,False,none,0.0858,1.48,,,,,,17.09,,,,,29.1,,,,,,,,,True,2026-05-08,medium_risk|us_centric
JP90C000CL38,ｸﾞﾛｰﾊﾞﾙ･ｽﾏｰﾄ･ｲﾉﾍﾞｰｼｮﾝ･ｵｰﾌﾟﾝ(年2回決算型),iシフト,三菱UFJｱｾｯﾄ,先進国株式（広域）-為替ヘッジ無し,株式,world,0.06,0.62,0.11,False,False,False,False,False,none,1.98,309.62,12.0,4,4,2,3,31.12,72.47,41.44,15.44,20.63,17.97,2.5,1.51,0.6,0.79,22.63,24.87,32.01,28.88,True,2026-05-08,very_high_risk
JP90C000JAJ6,ﾋﾞｯｸﾞﾃﾞｰﾀ新興国小型株ﾌｧﾝﾄﾞ(1年決算型),,ｱﾓｰｳﾞｧAM,新興国株式（広域）-為替ヘッジ無し,株式,em,0.0,0.0,1.0,False,False,False,False,False,none,1.892,55.23,7.0,1,2,5,,29.65,45.38,24.86,18.75,,19.2,2.77,1.59,1.16,,13.65,14.43,15.73,,True,2026-05-08,em_centric|high_risk
JP90C000Q7U5,One/ﾌｨﾃﾞﾘﾃｨ･ﾌﾞﾙｰﾁｯﾌﾟ･ｸﾞﾛｰｽ株式ﾌｧﾝﾄﾞ(隔月決算･予想分配金提示型),,AMOne,米国株式-為替ヘッジ無し,株式,world,0.06,0.62,0.11,False,False,False,False,False,none,1.727,575.38,1.5,4,,,,17.86,57.08,,,,29.6,2.42,,,,19.19,,,,True,2026-05-08,medium_risk
JP90C0000SC9,三菱ＵＦＪ 日本株アクティブ・ファンド,凄腕,三菱UFJｱｾｯﾄ,国内株式,株式,japan,1.0,0.0,0.0,False,False,False,False,False,none,1.65,140.97,12.0,3,4,5,3,37.33,53.02,27.94,19.37,14.46,7.46,2.92,1.45,1.12,0.82,14.8,17.9,16.98,18.54,True,2026-05-08,active_diversified|high_risk|japan_centric
JP90C0009319,シェール関連株オープン,,SBI岡三,米国株式-為替ヘッジ無し,株式,world,0.06,0.62,0.11,False,False,False,False,False,none,1.705,16.65,12.0,3,2,4,2,81.26,51.58,20.25,25.2,10.21,7.06,2.71,0.92,1.01,0.49,15.61,22.61,25.47,28.51,True,2026-05-08,very_high_risk
JP90C0007DQ6,野村インデックスファンド・新興国株式,Ｆｕｎｄｓ-ｉ 新興国株式,野村,新興国株式（広域）-為替ヘッジ無し,株式,em,0.0,0.0,1.0,True,False,False,False,False,none,0.66,133.24,12.0,3,3,3,4,35.52,57.75,25.61,13.61,13.22,8.5,2.92,1.41,0.8,0.74,15.86,16.97,17.59,19.05,True,2026-05-08,em_centric|high_risk|passive_index
JP90C000EU19,ｸﾞﾛｰﾊﾞﾙ自動運転関連株式ﾌｧﾝﾄﾞ(為替ﾍｯｼﾞなし),,三井住友DS,先進国株式（広域）-為替ヘッジ無し,株式,world,0.06,0.62,0.11,False,False,False,False,False,none,1.903,724.13,7.0,5,3,3,,60.54,78.05,26.47,17.53,,15.83,3.15,1.19,0.8,,18.73,21.53,23.52,,True,2026-05-08,very_high_risk
JP90C0002L91,エス・ビー・日本株オープン２２５,,三井住友DS,国内株式,株式,japan,1.0,0.0,0.0,False,False,False,False,False,none,0.396,553.36,12.0,4,3,2,4,30.4,63.58,28.46,16.74,15.6,,2.66,1.33,0.9,0.83,19.03,20.21,18.97,19.75,True,2026-05-08,high_risk|japan_centric
JP90C000PTU0,ﾋﾟｸﾃ･ｸﾞﾛｰﾊﾞﾙ･ｲﾝｶﾑ債券ﾌｧﾝﾄﾞ(1年決算型),,ﾋﾟｸﾃ,先進国債券（広域・高格付）-為替ヘッジ無し,債券,world,0.06,0.62,0.11,False,False,False,False,False,none,1.2518,25.77,1.5,5,,,,2.88,12.89,,,,8.04,1.57,,,,7.51,,,,True,2026-05-08,low_risk
JP90C000QTV6,ｲﾝﾍﾞｽｺ S&amp;P500ｲｺｰﾙ･ｳｪｲﾄ･ﾌｧﾝﾄﾞ,均等力,ｲﾝﾍﾞｽｺ,米国株式-為替ヘッジ無し,株式,world,0.06,0.62,0.11,False,False,False,False,False,none,0.53,8.19,1.5,2,,,,23.57,30.82,,,,12.76,2.14,,,,12.64,,,,True,2026-05-08,medium_risk
JP90C000A022,ザ・２０２０ビジョン,,ｺﾓﾝｽﾞ,国内株式,株式,world,0.06,0.62,0.11,False,False,False,False,False,none,1.265,122.05,12.0,2,1,1,2,28.29,38.49,18.81,9.57,12.7,11.48,2.43,1.04,0.57,0.68,13.58,17.83,18.76,20.71,True,2026-05-08,high_risk
JP90C00055Z7,SMTｸﾞﾛｰﾊﾞﾙ債券ｲﾝﾃﾞｯｸｽ･ｵｰﾌﾟﾝ,,三井住友TAM,先進国債券（広域・高格付）-為替ヘッジ無し,債券,world,0.06,0.62,0.11,False,False,False,False,False,none,0.55,289.86,12.0,2,3,2,3,5.81,11.39,7.75,5.32,3.91,3.14,1.51,1.02,0.71,0.55,6.91,7.27,7.41,7.31,True,2026-05-08,low_risk
JP90C000QQB4,ﾆｯｾｲｺﾞｰﾙﾄﾞﾌｧﾝﾄﾞ(為替ﾍｯｼﾞあり)&lt;購入･換金手数料なし&gt;,,ﾆｯｾｲ,金関連-為替ヘッジ有り,株式,world,0.06,0.62,0.11,False,False,False,False,False,none,0.375,7.83,1.5,1,,,,26.18,36.01,,,,31.45,1.28,,,,26.26,,,,True,2026-05-08,medium_risk
JP90C000DJ98,ﾀﾞｲﾜFEｸﾞﾛｰﾊﾞﾙ･ﾊﾞﾘｭｰ(為替ﾍｯｼﾞなし),,大和,先進国株式（広域）-為替ヘッジ無し,株式,world,0.06,0.62,0.11,False,False,False,False,False,none,1.8725,440.23,7.0,3,2,3,,24.71,37.52,21.02,17.2,,13.3,3.09,1.67,1.31,,10.3,11.69,12.57,,True,2026-05-08,medium_risk
JP90C0007EN1,アムンディ・日経平均オープン,,ｱﾑﾝﾃﾞｨ,国内株式,株式,japan,1.0,0.0,0.0,True,False,False,False,False,none,0.473,178.4,12.0,4,4,2,4,30.46,63.56,28.56,16.83,15.66,13.53,2.66,1.33,0.91,0.83,18.97,20.2,18.97,19.78,True,2026-05-08,high_risk|japan_centric|passive_index
JP90C000J8W8,ＳＭＴ　ＭＩＲＡＩｎｄｅｘ　エコ,,三井住友TAM,先進国株式（広域）-為替ヘッジ無し,株式,world,0.06,0.62,0.11,False,False,False,False,False,none,0.77,12.96,7.0,4,2,3,,36.6,51.45,20.26,17.9,,22.82,2.87,1.09,0.91,,14.67,18.21,20.04,,True,2026-05-08,high_risk
JP90C0006K23,外国株式指数ファンド,,三井住友DS,先進国株式（広域）-為替ヘッジ無し,株式,world,0.06,0.62,0.11,False,False,False,False,False,none,0.55,163.59,12.0,3,4,4,4,18.25,38.16,24.85,19.5,17.28,14.66,2.75,1.54,1.16,0.95,11.8,14.97,16.44,18.65,True,2026-05-08,high_risk
JP90C000N512,My SMT S&amp;P500ｲﾝﾃﾞｯｸｽ(ﾉｰﾛｰﾄﾞ),,三井住友TAM,米国株式-為替ヘッジ無し,株式,world,0.06,0.62,0.11,False,False,False,False,False,none,0.0968,1609.6,4.0,3,4,,,17.23,39.79,26.71,,,20.07,2.61,1.53,,,12.95,16.18,,,True,2026-05-08,high_risk
JP90C000EHC7,グローバルＡＩファンド（為替ヘッジあり）,,三井住友DS,先進国株式（広域）-為替ヘッジ有り,株式,world,0.06,0.62,0.11,False,False,False,True,False,none,1.925,393.41,7.0,5,4,2,,25.61,49.83,24.02,2.95,,13.81,2.12,1.08,0.24,,19.78,21.99,27.24,,True,2026-05-08,global_diversified|very_high_risk
JP90C000PWV2,ﾗｻｰﾙ･ｸﾞﾛｰﾊﾞﾙREITﾌｧﾝﾄﾞ(奇数月分配型),,ｱﾓｰｳﾞｧAM,海外REIT（含む北米）-為替ヘッジ無し,不動産,world,0.06,0.62,0.11,False,False,False,False,False,none,1.65,2.11,1.5,2,,,,29.67,23.61,,,,14.41,1.85,,,,11.51,,,,True,2026-05-08,medium_risk|tech_heavy
JP90C000SCK1,GS Plusゴールド（為替ヘッジなし）,,ｺﾞｰﾙﾄﾞﾏﾝ,金関連-為替ヘッジ無し,株式,world,0.06,0.62,0.11,False,False,False,False,False,none,0.3461,11.5,,,,,,,,,,,,,,,,,,,,True,2026-05-08,medium_risk
JP90C00030Y3,ＭＨＡＭ新興成長株オープン,Ｊ-フロンティア,AMOne,国内株式（中小型）,株式,world,0.06,0.62,0.11,False,False,False,False,False,none,1.87,298.28,12.0,2,1,1,2,15.72,27.97,3.81,0.55,10.31,5.51,1.61,0.27,0.13,0.53,15.69,20.19,22.07,23.91,True,2026-05-08,active_diversified|growth_focused|very_high_risk
JP90C000FD92,ﾌﾞﾗｯｸﾛｯｸ･つみたて･ｸﾞﾛｰﾊﾞﾙﾊﾞﾗﾝｽﾌｧﾝﾄﾞ,,ﾌﾞﾗｯｸﾛｯｸ,バランス（固定配分・中リスク）-為替ヘッジ無し,バランス,world,0.06,0.62,0.11,False,False,False,False,False,none,0.6378,596.2,7.0,3,4,4,,17.96,26.51,16.36,11.73,,7.86,2.84,1.47,1.09,,8.19,10.48,10.53,,True,2026-05-08,medium_risk
JP90C000F5Z1,iTrustプレミアム・ブランド,,ﾋﾟｸﾃ,先進国株式（広域）-為替ヘッジ無し,株式,world,0.06,0.62,0.11,False,False,False,False,False,none,0.99,19.61,7.0,1,1,1,,-6.45,10.99,6.43,9.51,,12.46,0.67,0.43,0.55,,16.62,17.28,19.6,,True,2026-05-08,high_risk
JP90C000AG03,インド株式フォーカス（奇数月分配型）,,ｱﾓｰｳﾞｧAM,インド株式-為替ヘッジ無し,株式,em,0.0,0.0,1.0,False,False,False,False,False,none,1.8,23.03,12.0,2,2,1,1,-22.04,-3.08,9.85,9.86,10.48,9.01,-0.13,0.65,0.64,0.63,17.53,16.06,16.74,18.63,True,2026-05-08,em_centric|high_risk|thematic
JP90C000H985,UBS MSCI先進国ESG株式ｲﾝﾃﾞｯｸｽ･ﾌｧﾝﾄﾞ,みらいゲート・先進国ＥＳＧ,ＵＢＳ,先進国株式（広域）-為替ヘッジ無し,株式,world,0.06,0.62,0.11,True,False,False,False,False,none,0.4345,19.73,7.0,1,2,3,,9.14,30.41,21.01,16.18,,17.24,2.2,1.28,0.92,,12.16,15.58,17.9,,True,2026-05-08,developed_only|high_risk|passive_index|thematic
JP90C0002MC8,日本好配当株オープン,,三井住友DS,国内株式,株式,japan,1.0,0.0,0.0,False,False,False,False,False,none,1.188,233.41,12.0,2,2,3,3,29.98,33.51,23.94,18.2,14.35,7.21,2.25,1.67,1.26,0.87,12.98,13.2,13.89,17.06,True,2026-05-08,dividend_focused|japan_centric|medium_risk
JP90C00030W7,ＭＨＡＭ株式オープン,,AMOne,国内株式,株式,world,0.06,0.62,0.11,False,False,False,False,False,none,0.825,187.7,12.0,3,1,1,3,44.36,52.92,21.53,14.09,13.63,,2.88,1.18,0.83,0.79,14.98,17.54,17.56,18.28,True,2026-05-08,high_risk
JP90C000HU16,ﾍﾞｲﾘｰ･ｷﾞﾌｫｰﾄﾞｲﾝﾊﾟｸﾄ投資ﾌｧﾝﾄﾞ,ポジティブ・チェンジ,三菱UFJｱｾｯﾄ,先進国株式（広域）-為替ヘッジ無し,株式,world,0.06,0.62,0.11,False,False,False,False,False,none,1.518,886.07,7.0,2,1,1,,-5.64,24.3,14.02,7.01,,18.4,1.4,0.8,0.4,,16.01,18.06,23.62,,True,2026-05-08,very_high_risk
JP90C00021D6,インデックスファンド２２５（日本株式）,ＤＣ ２２５,ｱﾓｰｳﾞｧAM,国内株式,株式,japan,1.0,0.0,0.0,True,False,False,False,False,none,0.253,431.58,12.0,4,4,3,4,30.88,64.04,28.88,17.14,15.71,8.64,2.68,1.34,0.92,0.83,18.98,20.19,18.97,19.8,True,2026-05-08,high_risk|japan_centric|passive_index
JP90C000HBL4,アクティブ元年・日本株ファンド,,三井住友DS,国内株式,株式,japan,1.0,0.0,0.0,False,False,False,False,False,none,1.078,31.65,7.0,3,3,3,,47.55,50.42,24.79,18.18,,20.88,3.05,1.5,1.09,,13.54,15.43,16.35,,True,2026-05-08,active_diversified|high_risk|japan_centric
JP90C000BYE4,GS日本ﾌｫｰｶｽ･ｸﾞﾛｰｽ年2回決算ｺｰｽ,,ｺﾞｰﾙﾄﾞﾏﾝ,国内株式,株式,japan,1.0,0.0,0.0,False,False,False,False,False,none,1.683,437.48,12.0,1,1,1,3,8.67,23.36,18.21,11.91,13.7,10.92,1.38,0.98,0.69,0.77,15.61,18.41,18.63,18.77,True,2026-05-08,high_risk|japan_centric
JP90C000AMY9,メディカル・サイエンス・ファンド,医療の未来,AMOne,先進国株式（広域）-為替ヘッジ無し,株式,world,0.06,0.62,0.11,False,False,False,False,False,none,1.98,458.34,12.0,2,2,2,2,17.49,31.21,12.86,13.56,12.51,11.63,1.67,0.82,0.82,0.7,16.78,15.95,17.03,19.3,True,2026-05-08,high_risk
JP90C000S370,ｼﾞｬﾊﾟﾝ･ｸﾘｴｲﾃｨﾌﾞｺﾝﾃﾝﾂ関連株ﾌｧﾝﾄﾞ,エンタメ∞ニッポン,SBI岡三,国内株式,株式,world,0.06,0.62,0.11,False,False,False,False,False,none,1.628,122.62,,,,,,-37.46,,,,,-33.68,,,,,,,,,True,2026-05-08,medium_risk
JP90C000HR45,ｅＭＡＸＩＳ Ｎｅｏ フィンテック,,三菱UFJｱｾｯﾄ,先進国・新興国株式（広域）-為替ヘッジ無し,株式,world,0.06,0.62,0.11,False,False,False,False,False,none,0.792,28.85,7.0,3,4,2,,-28.31,38.88,30.8,9.08,,14.67,1.15,1.05,0.43,,32.66,29.25,31.41,,True,2026-05-08,tech_heavy|very_high_risk
JP90C0001UU5,ﾊｯﾋﾟｰｴｲｼﾞﾝｸﾞ･ﾌｧﾝﾄﾞ ﾊｯﾋﾟｰｴｲｼﾞﾝｸﾞ 20,,SOMPO,バランス（固定配分・高リスク）-為替ヘッジ無し,バランス,world,0.06,0.62,0.11,False,False,False,False,False,none,1.617,416.48,12.0,2,5,5,3,28.17,34.99,22.95,17.33,13.51,5.32,2.82,1.72,1.33,0.88,10.64,12.29,12.45,15.67,True,2026-05-08,medium_risk
JP90C0005879,ダイワ・ダイナミック・インド株ファンド,,大和,インド株式-為替ヘッジ無し,株式,em,0.0,0.0,1.0,False,False,False,False,False,none,1.848,1998.35,12.0,3,3,3,4,-20.72,-4.87,11.08,13.84,12.02,2.95,-0.24,0.71,0.83,0.67,17.31,16.17,17.23,19.97,True,2026-05-08,em_centric|high_risk|thematic
JP90C000RGS7,ベトナム成長株ファンド（年１回決算型）,,キャピタルAM,新興国株式（その他単一国）-為替ヘッジ無し,株式,world,0.06,0.62,0.11,False,False,False,False,False,none,1.881,9.8,1.5,3,,,,10.99,40.15,,,,17.17,1.8,,,,19.52,,,,True,2026-05-08,active_diversified|growth_focused|medium_risk
JP90C0009657,GS米国成長株集中投資ﾌｧﾝﾄﾞ年4回決算ｺｰｽ,,ｺﾞｰﾙﾄﾞﾏﾝ,米国株式-為替ヘッジ無し,株式,us,0.0,1.0,0.0,False,False,False,False,False,none,2.0075,225.7,12.0,2,3,2,3,2.83,32.61,23.85,15.15,15.53,13.21,1.69,1.2,0.72,0.76,17.22,19.19,23.08,22.04,True,2026-05-08,active_concentrated|growth_focused|us_centric|very_high_risk
JP90C000A519,ﾆｯｾｲJPX日経400ｱｸﾃｨﾌﾞﾌｧﾝﾄﾞ,ＲＯＥ革命,ﾆｯｾｲ,国内株式,株式,japan,1.0,0.0,0.0,True,False,False,False,False,none,1.584,736.98,12.0,3,3,3,3,36.55,46.24,25.18,17.37,13.93,13.6,2.42,1.28,0.97,0.78,16.02,18.72,18.12,18.87,True,2026-05-08,high_risk|japan_centric|passive_index
JP90C0004MX0,ｼｭﾛｰﾀﾞｰ･ｴﾏｰｼﾞﾝｸﾞ株式ﾌｧﾝﾄﾞ(1年決算型),,ｼｭﾛｰﾀﾞｰ,新興国株式（広域）-為替ヘッジ無し,株式,world,0.06,0.62,0.11,False,False,False,False,False,none,1.7908,274.32,12.0,5,5,2,5,47.8,72.82,27.94,13.17,13.91,6.13,3.23,1.45,0.76,0.76,17.26,17.92,18.37,19.53,True,2026-05-08,high_risk
JP90C000MNF1,楽天J-REIT･ｵﾙﾀﾅﾃｨﾌﾞﾃﾞｰﾀ･ﾌｧﾝﾄﾞ,アクティブＪ-ＲＥＩＴ,楽天,国内REIT,不動産,world,0.06,0.62,0.11,False,False,False,False,False,none,0.9075,1.37,4.0,1,1,,,-7.45,8.15,1.82,,,1.23,0.86,0.21,,,8.82,9.14,,,True,2026-05-08,medium_risk|tech_heavy
JP90C0000DQ1,明治安田欧州株式ファンド,ファザーン,明治安田ＡＭ,欧州株式-為替ヘッジ無し,株式,world,0.06,0.62,0.11,False,False,False,False,False,none,1.43,15.84,12.0,4,3,4,5,20.99,29.01,17.5,14.42,10.98,4.57,2.17,1.24,0.93,0.64,11.8,13.46,15.55,19.04,True,2026-05-08,high_risk
JP90C000CGC3,eMAXISJAPANｸｵﾘﾃｨ150ｲﾝﾃﾞｯｸｽ,,三菱UFJｱｾｯﾄ,国内株式,株式,world,0.06,0.62,0.11,False,False,False,False,False,none,0.44,32.52,12.0,1,1,1,2,13.56,29.88,19.66,12.85,12.72,10.32,2.03,1.17,0.81,0.78,13.0,16.21,16.34,17.23,True,2026-05-08,high_risk
JP90C000FDM2,三井住友･DCつみたてNISA･世界分散ﾌｧﾝﾄﾞ,,三井住友DS,バランス（固定配分・中リスク）-為替リスク低減,バランス,world,0.06,0.62,0.11,False,False,False,False,False,none,0.231,61.09,7.0,4,4,3,,13.21,21.95,13.08,9.29,,7.89,2.83,1.44,0.98,,6.89,8.6,9.32,,True,2026-05-08,global_diversified|medium_risk
JP90C0009H17,ﾆｯｾｲ日本ｲﾝｶﾑｵｰﾌﾟﾝ(年1回決算型),Ｊボンド（年１回決算型）,ﾆｯｾｲ,国内債券,債券,japan,1.0,0.0,0.0,False,False,False,False,False,none,0.935,44.94,12.0,4,4,5,5,-4.63,-3.32,-1.64,-1.21,-0.55,-0.19,-2.51,-1.04,-0.85,-0.45,1.59,1.87,1.64,1.36,True,2026-05-08,japan_centric|low_risk
JP90C0004MR2,世界好配当ｲﾝﾌﾗ株ﾌｧﾝﾄﾞ(偶数月分配型),,ｱﾓｰｳﾞｧAM,先進国株式（広域）-為替ヘッジ無し,株式,world,0.06,0.62,0.11,False,False,False,False,False,none,1.705,98.04,12.0,2,2,3,1,29.29,30.14,16.0,16.98,12.02,6.36,2.78,1.27,1.22,0.75,9.43,12.0,13.45,16.92,True,2026-05-08,dividend_focused|global_diversified|medium_risk
JP90C00055Y0,SMT 国内債券インデックス・オープン,,三井住友TAM,国内債券,債券,japan,1.0,0.0,0.0,True,False,False,False,False,none,0.407,172.56,12.0,1,1,1,1,-9.09,-6.85,-4.63,-3.57,-2.03,-0.08,-2.88,-1.47,-1.24,-0.83,2.67,3.39,3.03,2.52,True,2026-05-08,japan_centric|low_risk|passive_index
JP90C000HBG4,楽天･全世界債券ｲﾝﾃﾞｯｸｽ(為替ﾍｯｼﾞ)ﾌｧﾝﾄﾞ,楽天全世界債券,楽天,先進国・新興国債券（広域）-為替ヘッジ有り,債券,world,0.06,0.62,0.11,False,False,False,False,False,none,0.232,6.45,7.0,1,1,1,,-3.72,-1.07,-1.43,-3.93,,-1.92,-0.58,-0.39,-0.83,,2.85,4.3,4.9,,True,2026-05-08,global_diversified|low_risk
JP90C000MSN4,ＳＯＭＰＯ１２３　先進国株式,,SOMPO,先進国株式（広域）-為替ヘッジ無し,株式,world,0.06,0.62,0.11,False,False,False,False,False,none,0.077,53.91,4.0,4,4,,,21.36,39.78,24.74,,,19.26,2.96,1.59,,,11.33,14.39,,,True,2026-05-08,developed_only|medium_risk
JP90C000GPG6,中国人民元ソブリンオープン,夢元,SBI岡三,新興国債券（その他単一国）-為替ヘッジ無し,債券,em,0.0,0.0,1.0,False,False,False,False,False,none,1.254,66.48,7.0,,,,,12.63,13.61,7.99,9.15,,7.3,1.46,0.89,1.03,,8.56,8.74,8.74,,True,2026-05-08,em_centric|medium_risk
JP90C000N546,My SMT ｸﾞﾛｰﾊﾞﾙ債券ｲﾝﾃﾞｯｸｽ(ﾉｰﾛｰﾄﾞ),,三井住友TAM,先進国債券（広域・高格付）-為替ヘッジ無し,債券,world,0.06,0.62,0.11,False,False,False,False,False,none,0.154,75.1,4.0,3,4,,,6.22,11.82,8.16,,,6.74,1.56,1.07,,,6.9,7.26,,,True,2026-05-08,low_risk
JP90C0003RS1,ダイワ・ライフ・バランス５０,,大和,バランス（固定配分・中リスク）-為替ヘッジ無し,バランス,world,0.06,0.62,0.11,False,False,False,False,False,none,0.22,447.02,12.0,2,2,3,4,8.55,17.26,10.9,8.02,7.38,5.49,2.5,1.32,0.99,0.84,6.2,7.83,7.93,8.81,True,2026-05-08,broad_market|low_risk
JP90C000QQ52,iFreeWallet 米ドル（USD）,,大和,北米債券-為替ヘッジ無し,債券,world,0.06,0.62,0.11,False,False,False,False,False,none,0.198,2.11,1.5,2,,,,7.39,11.15,,,,4.65,1.15,,,,8.99,,,,True,2026-05-08,medium_risk
JP90C000EED2,ベトナム株ファンド,,大和,新興国株式（その他単一国）-為替ヘッジ無し,株式,world,0.06,0.62,0.11,False,False,False,False,False,none,1.793,97.75,7.0,2,3,2,,5.15,34.67,14.62,11.02,,10.12,1.59,0.75,0.58,,19.55,20.5,21.87,,True,2026-05-08,high_risk
JP90C0001KV4,Ｏｎｅ小型株オープン,波物語,AMOne,国内株式（中小型）,株式,world,0.06,0.62,0.11,False,False,False,False,False,none,1.76,36.21,12.0,3,2,2,5,53.32,55.66,17.8,8.7,14.83,10.38,2.69,0.94,0.52,0.76,16.81,18.97,19.5,21.08,True,2026-05-08,high_risk
JP90C000Q044,アセアン・ギガトレンド株式ファンド,,ｱﾓｰｳﾞｧAM,東南アジア株式-為替ヘッジ無し,株式,world,0.06,0.62,0.11,False,False,False,False,False,none,1.628,41.44,1.5,,,,,37.64,42.44,,,,24.87,3.08,,,,11.52,,,,True,2026-05-08,medium_risk
JP90C000HF64,Ｏｎｅ国内株オープン（年２回決算型）,自由演技（年２回）,AMOne,国内株式,株式,japan,1.0,0.0,0.0,False,False,False,False,False,none,1.727,27.66,7.0,4,3,4,,28.48,50.38,24.48,17.12,,17.15,2.79,1.31,0.99,,14.82,17.74,17.28,,True,2026-05-08,high_risk|japan_centric
JP90C0001BP5,ＨＳＢＣ インド オープン,,ＨＳＢＣ,インド株式-為替ヘッジ無し,株式,em,0.0,0.0,1.0,False,False,False,False,False,none,2.2,1081.76,12.0,3,2,2,2,-17.41,-1.45,10.15,12.39,11.03,7.46,-0.06,0.67,0.76,0.62,15.6,15.74,17.11,19.98,True,2026-05-08,em_centric|high_risk|thematic
JP90C000RF21,一歩先いく華麗なるｲﾝﾄﾞ･ﾄｯﾌﾟ10+ｲﾝﾃﾞｯｸｽ,,大和,インド株式-為替ヘッジ無し,株式,world,0.06,0.62,0.11,False,False,False,False,False,none,0.495,4.89,1.5,2,,,,-24.9,-7.66,,,,-9.29,-0.42,,,,17.08,,,,True,2026-05-08,medium_risk
JP90C0002LA4,三井住友ＤＳ日本債券ファンド,ベガ,三井住友DS,国内債券,債券,japan,1.0,0.0,0.0,False,False,False,False,False,none,0.902,97.62,12.0,1,1,2,3,-10.28,-7.74,-5.26,-3.78,-1.72,0.22,-3.0,-1.48,-1.17,-0.63,2.88,3.82,3.41,2.81,True,2026-05-08,japan_centric|low_risk
JP90C000MZM1,ﾌｨﾃﾞﾘﾃｨ･ﾀｰｹﾞｯﾄ･ﾃﾞｰﾄ･ﾌｧﾝﾄﾞ(ﾍﾞｰｼｯｸ)2070,将来設計（ベーシック）,ﾌｨﾃﾞﾘﾃｨ,バランス（固定配分・高リスク）-為替リスク低減,バランス,world,0.06,0.62,0.11,False,False,False,False,False,none,0.39,9.52,4.0,5,4,,,20.04,39.56,24.81,,,21.81,3.1,1.62,,,10.76,14.1,,,True,2026-05-08,medium_risk
JP90C0008Q33,投資のソムリエ,,AMOne,バランス（可変配分）-為替リスク低減,バランス,world,0.06,0.62,0.11,False,False,False,False,False,none,1.54,2172.38,12.0,2,1,1,2,-1.2,6.84,1.38,-1.73,0.58,1.18,1.52,0.26,-0.43,0.15,4.01,4.39,4.25,3.96,True,2026-05-08,low_risk
JP90C000NM91,楽天･資産づくりﾌｧﾝﾄﾞぷらす+(しっかりｺｰｽ),,楽天,バランス（固定配分・高リスク）-為替リスク低減,バランス,world,0.06,0.62,0.11,False,False,False,False,False,none,0.9975,3.01,4.0,1,1,,,10.6,19.77,13.99,,,11.18,2.28,1.34,,,7.79,9.92,,,True,2026-05-08,medium_risk
JP90C0002PN8,リサーチ・アクティブ・オープン,,野村,国内株式,株式,world,0.06,0.62,0.11,False,False,False,False,False,none,1.122,47.84,12.0,2,2,2,2,32.57,44.54,23.56,14.62,13.37,,2.5,1.2,0.83,0.75,14.98,18.9,18.38,19.13,True,2026-05-08,active_diversified|high_risk
JP90C000CTE2,ｅＭＡＸＩＳ 豪州リートインデックス,,三菱UFJｱｾｯﾄ,海外REIT（除く北米）-為替ヘッジ無し,不動産,world,0.06,0.62,0.11,True,False,False,False,False,none,0.66,12.61,12.0,3,5,5,4,-2.14,17.28,15.57,10.97,7.98,8.28,1.0,0.8,0.57,0.44,16.62,20.17,22.39,24.04,True,2026-05-08,passive_index|very_high_risk
JP90C0007DM5,野村インデックスファンド・TOPIX,Ｆｕｎｄｓ-ｉ ＴＯＰＩＸ,野村,国内株式,株式,japan,1.0,0.0,0.0,True,False,False,False,False,none,0.44,116.73,12.0,2,2,3,2,27.59,41.33,23.92,16.34,13.29,11.82,2.55,1.36,1.02,0.8,13.73,16.65,15.93,17.51,True,2026-05-08,high_risk|japan_centric|passive_index
JP90C000F8N1,つみたて先進国株式（為替ヘッジあり）,,三菱UFJｱｾｯﾄ,先進国株式（広域）-為替ヘッジ有り,株式,world,0.06,0.62,0.11,False,False,False,True,False,none,0.22,38.67,7.0,3,4,5,,9.15,23.55,13.81,7.53,,9.73,1.97,1.1,0.57,,10.75,12.11,14.16,,True,2026-05-08,developed_only|medium_risk
JP90C000QG62,楽天･ﾓｰﾆﾝｸﾞｽﾀｰ･ﾜｲﾄﾞ･ﾓｰﾄ･ﾌｫｰｶｽ･ｲﾝﾃﾞｯｸｽ･ﾌｧﾝﾄﾞ,楽天・ワイド・モート,楽天,米国株式-為替ヘッジ無し,株式,world,0.06,0.62,0.11,False,False,False,False,False,none,0.55,3.95,1.5,2,,,,5.24,27.4,,,,11.03,1.61,,,,15.4,,,,True,2026-05-08,medium_risk
JP90C000SJN0,(ｱﾑﾝﾃﾞｨ･ｲﾝﾃﾞｯｸｽｼﾘｰｽﾞ)欧州･戦略的自律株,でかユーロ,ｱﾑﾝﾃﾞｨ,欧州株式-為替ヘッジ無し,株式,world,0.06,0.62,0.11,False,False,False,False,False,none,0.6255,2.22,,,,,,,,,,,,,,,,,,,,True,2026-05-08,medium_risk
JP90C000CLL4,ｸﾞﾛｰﾊﾞﾙ･ｾｷｭﾘﾃｨ株式ﾌｧﾝﾄﾞ(3ヵ月決算型),,AMOne,先進国株式（広域）-為替ヘッジ無し,株式,world,0.06,0.62,0.11,False,False,False,False,False,none,1.892,635.62,12.0,1,1,1,2,-12.89,7.85,14.47,11.74,14.6,12.7,0.56,0.89,0.68,0.78,14.01,16.28,18.71,19.93,True,2026-05-08,high_risk
JP90C00091C1,ＥＸＥ‐ｉ 先進国株式ファンド,,SBI,先進国株式（広域）-為替ヘッジ無し,株式,world,0.06,0.62,0.11,False,False,False,False,False,none,0.286,476.66,12.0,5,5,5,4,21.43,40.13,24.75,19.65,17.35,14.74,2.85,1.55,1.18,0.94,11.9,14.83,16.15,18.81,True,2026-05-08,developed_only|high_risk
JP90C0004526,世界ダブルハイインカム（奇数月決算型）,,三井住友TAM,バランス（固定配分・中リスク）-為替ヘッジ無し,バランス,world,0.06,0.62,0.11,False,True,False,False,False,none,1.32,37.38,12.0,5,4,3,2,11.7,18.91,12.24,9.3,7.07,4.57,2.49,1.33,0.98,0.73,6.8,8.72,9.32,9.88,True,2026-05-08,dividend_focused|global_diversified|leverage_warning|very_high_risk
JP90C000FFC8,野村６資産均等バランス,,野村,バランス（固定配分・中リスク）-為替ヘッジ無し,バランス,world,0.06,0.62,0.11,False,False,False,False,False,none,0.242,1542.65,7.0,3,3,2,,10.89,19.75,12.02,8.89,,7.96,2.62,1.36,0.94,,6.74,8.37,9.29,,True,2026-05-08,broad_market|medium_risk
JP90C000DVV0,ｉＦｒｅｅ Ｊ-ＲＥＩＴインデックス,,大和,国内REIT,不動産,world,0.06,0.62,0.11,True,False,False,False,False,none,0.319,18.66,7.0,4,3,3,,-4.58,11.94,4.65,2.14,,4.21,1.21,0.48,0.23,,9.14,9.78,11.21,,True,2026-05-08,medium_risk|passive_index
JP90C0009JY3,みずほUSﾊｲｲｰﾙﾄﾞｵｰﾌﾟﾝ(年1回決算型)為替ﾍｯｼﾞなし,,AMOne,ハイイールド債券（低格付）-為替ヘッジ無し,債券,world,0.06,0.62,0.11,False,False,False,False,False,none,1.485,864.61,12.0,5,3,2,4,8.55,16.83,12.25,10.32,8.64,8.04,1.81,1.26,1.05,0.84,8.48,9.25,9.65,10.43,True,2026-05-08,medium_risk
JP90C000QAH5,ｽﾃｰﾄ･ｽﾄﾘｰﾄ全世界株式ｲﾝﾃﾞｯｸｽ･ｵｰﾌﾟﾝ,,ｽﾃｰﾄｽﾄﾘｰﾄ,先進国・新興国株式（広域）-為替ヘッジ無し,株式,world,0.06,0.62,0.11,False,False,False,False,False,none,0.0748,2.66,1.5,2,,,,20.74,40.69,,,,23.78,2.98,,,,11.52,,,,True,2026-05-08,global_diversified|medium_risk
JP90C0008030,ｅＭＡＸＩＳ バランス（波乗り型）,,三菱UFJｱｾｯﾄ,バランス（可変配分）-為替ヘッジ無し,バランス,world,0.06,0.62,0.11,False,False,False,False,False,none,0.55,50.69,12.0,2,2,1,1,10.46,21.34,11.69,6.31,6.14,7.81,2.52,1.25,0.67,0.58,7.55,8.96,9.63,11.14,True,2026-05-08,broad_market|medium_risk
JP90C000GB28,世界６資産分散ファンド,コアシックス,野村,バランス（固定配分・中リスク）-為替ヘッジ無し,バランス,world,0.06,0.62,0.11,False,False,False,False,False,none,0.5445,23.81,7.0,4,4,4,,14.45,25.5,14.6,10.01,,8.42,2.99,1.49,1.03,,7.5,9.25,9.5,,True,2026-05-08,global_diversified|medium_risk
JP90C00057A6,ｲｰｽﾄｽﾌﾟﾘﾝｸﾞ･ｲﾝﾄﾞ株式ｵｰﾌﾟﾝ(3ヵ月決算･予想分配金提示型),,ｲｰｽﾄｽﾌﾟﾘﾝｸﾞ,インド株式-為替ヘッジ無し,株式,world,0.06,0.62,0.11,False,False,False,False,False,none,1.9497,306.63,12.0,3,3,2,2,-18.82,-2.53,10.62,12.54,11.39,3.67,-0.14,0.74,0.82,0.68,15.13,14.79,15.66,18.23,True,2026-05-08,high_risk
JP90C0002629,シュローダーＢＩＣｓ株式ファンド,,ｼｭﾛｰﾀﾞｰ,新興国株式（広域）-為替ヘッジ無し,株式,world,0.06,0.62,0.11,False,False,False,False,False,none,2.068,79.62,12.0,1,1,1,1,-13.05,18.97,11.08,2.0,9.11,4.87,1.23,0.68,0.19,0.53,14.5,17.28,19.45,20.36,True,2026-05-08,high_risk
JP90C00099K7,ﾌﾗﾝｸﾘﾝ･ﾃﾝﾌﾟﾙﾄﾝ･ｵｰｽﾄﾗﾘｱ高配当株ﾌｧﾝﾄﾞ(年2回決算型),,ﾌﾗﾝｸﾘﾝ･ﾃﾝﾌﾟﾙﾄﾝ,オーストラリア株式-為替ヘッジ無し,株式,world,0.06,0.62,0.11,False,False,False,False,False,none,1.826,344.11,12.0,5,5,4,,31.1,36.76,17.78,13.99,9.32,8.37,3.04,1.27,0.88,0.56,10.29,13.37,16.11,19.08,True,2026-05-08,active_diversified|dividend_focused|high_risk
JP90C000DC04,マイ・ウェイ・ジャパン,,三井住友DS,分類対象外,株式,world,0.06,0.62,0.11,False,False,False,False,False,none,0.869,63.44,7.0,,,,,2.53,3.05,3.66,2.48,,1.79,1.05,1.34,0.91,,2.3,2.48,2.52,,True,2026-05-08,low_risk
JP90C000NS04,ｲﾝﾃﾞｯｸｽﾌｧﾝﾄﾞS&amp;P500(ｱﾒﾘｶ株式),,ｱﾓｰｳﾞｧAM,米国株式-為替ヘッジ無し,株式,world,0.06,0.62,0.11,False,False,False,False,False,none,0.4785,1242.88,4.0,3,3,,,16.67,39.18,26.26,,,20.93,2.57,1.5,,,12.96,16.2,,,True,2026-05-08,high_risk
JP90C00061V4,マニュライフ・カナダ株式ファンド,,ﾏﾆｭﾗｲﾌ,先進国株式（その他単一国）-為替ヘッジ無し,株式,world,0.06,0.62,0.11,False,False,False,False,False,none,1.947,22.44,12.0,3,4,3,2,21.3,31.84,17.06,14.97,12.21,11.65,2.27,1.13,0.91,0.69,12.23,14.61,16.73,19.29,True,2026-05-08,high_risk
JP90C0001F66,ｸﾞﾛｰﾊﾞﾙ･ﾍﾙｽｹｱ&amp;ﾊﾞｲｵ･ｵｰﾌﾟﾝ Bｺｰｽ(為替ﾍｯｼﾞなし),健太,三菱UFJｱｾｯﾄ,先進国株式（広域）-為替ヘッジ無し,株式,world,0.06,0.62,0.11,False,False,False,False,False,none,2.42,91.63,12.0,2,1,1,1,11.05,21.69,7.89,9.22,9.26,9.43,1.18,0.55,0.61,0.57,17.47,15.34,16.36,18.32,True,2026-05-08,high_risk
JP90C000JUK2,NZAM･ﾍﾞｰﾀ 米国2資産(株式+REIT),,農中全共連,米国株式-為替ヘッジ無し,不動産,us,0.0,1.0,0.0,False,False,False,False,False,none,0.407,15.74,7.0,1,2,3,,25.98,33.44,21.4,17.2,,15.3,2.65,1.41,1.03,,10.92,14.32,16.66,,True,2026-05-08,high_risk|tech_heavy|us_centric
JP90C0001BN0,ＨＳＢＣ中国株式ファンド(３ヶ月決算型),,ＨＳＢＣ,中国・香港株式-為替ヘッジ無し,株式,em,0.0,0.0,1.0,False,False,False,False,False,none,1.9579,41.66,12.0,1,3,3,2,-8.08,26.18,12.53,1.38,7.79,6.16,1.28,0.59,0.17,0.43,19.1,24.42,24.71,23.87,True,2026-05-08,em_centric|very_high_risk
JP90C000DVS6,ｉＦｒｅｅ 日本債券インデックス,,大和,国内債券,債券,japan,1.0,0.0,0.0,True,False,False,False,False,none,0.242,23.79,7.0,1,1,2,,-8.89,-6.65,-4.44,-3.35,,-1.73,-2.79,-1.42,-1.17,,2.67,3.38,3.02,,True,2026-05-08,japan_centric|low_risk|passive_index
JP90C0009L03,野村ｲﾝﾃﾞｯｸｽﾌｧﾝﾄﾞ･海外5資産ﾊﾞﾗﾝｽ,Funds-i 海外5資産バランス,野村,バランス（固定配分・高リスク）-為替ヘッジ無し,バランス,world,0.06,0.62,0.11,False,False,False,False,False,none,0.66,93.05,12.0,4,2,1,1,21.16,29.07,16.63,12.0,9.77,8.71,2.85,1.42,0.97,0.72,8.89,11.06,12.33,14.18,True,2026-05-08,medium_risk
JP90C000PU32,ﾌｨﾃﾞﾘﾃｨ･USﾊｲ･ｲｰﾙﾄﾞ･ﾌｧﾝﾄﾞ(隔月決算型)(為替ﾍｯｼﾞなし),,ﾌｨﾃﾞﾘﾃｨ,ハイイールド債券（低格付）-為替ヘッジ無し,債券,world,0.06,0.62,0.11,False,False,False,False,False,none,1.65,16.77,1.5,5,,,,9.75,17.42,,,,10.98,1.83,,,,8.64,,,,True,2026-05-08,medium_risk
JP90C0007818,ｅＭＡＸＩＳ 新興国債券インデックス,,三菱UFJｱｾｯﾄ,新興国債券（広域・新興国通貨建）-為替ヘッジ無し,債券,em,0.0,0.0,1.0,True,False,False,False,False,none,0.66,91.86,12.0,2,2,2,3,10.02,18.93,11.47,8.74,5.85,4.46,2.16,1.23,0.91,0.58,7.9,8.88,9.57,10.56,True,2026-05-08,em_centric|medium_risk|passive_index
JP90C000CUQ4,ﾛﾎﾞｯﾄ･ﾃｸﾉﾛｼﾞｰ関連株ﾌｧﾝﾄﾞ(年1回決算型)-ﾛﾎﾞﾃｯｸ(年1回)-,,大和,先進国株式（広域）-為替ヘッジ無し,株式,world,0.06,0.62,0.11,False,False,False,False,False,none,1.815,238.74,12.0,3,2,2,3,29.2,51.84,20.51,13.22,17.39,17.01,2.32,0.95,0.64,0.8,18.57,21.71,23.27,23.49,True,2026-05-08,very_high_risk
JP90C0009YY2,SMTｸﾞﾛｰﾊﾞﾙ債券ｲﾝﾃﾞｯｸｽ･ｵｰﾌﾟﾝ(為替ﾍｯｼﾞあり),,三井住友TAM,先進国債券（広域・高格付）-為替ヘッジ有り,債券,world,0.06,0.62,0.11,False,False,False,False,False,none,0.55,47.33,12.0,1,1,1,1,-3.56,-1.86,-2.23,-4.84,-2.16,-0.85,-0.89,-0.57,-0.96,-0.46,2.77,4.31,5.23,4.68,True,2026-05-08,low_risk
JP90C000DVT4,ｉＦｒｅｅ 外国債券インデックス,,大和,先進国債券（広域・高格付）-為替ヘッジ無し,債券,world,0.06,0.62,0.11,True,False,False,False,False,none,0.198,48.78,7.0,3,4,4,,6.18,11.79,8.12,5.67,,4.93,1.56,1.07,0.75,,6.91,7.27,7.44,,True,2026-05-08,low_risk|passive_index
JP90C00031X3,ＭＨＡＭ物価連動国債ファンド,未来予想,AMOne,国内債券,債券,world,0.06,0.62,0.11,False,False,False,False,False,none,0.66,283.33,12.0,4,4,5,5,-3.47,-2.17,0.33,1.61,0.39,1.06,-1.14,0.02,0.55,0.14,2.44,2.66,2.65,2.49,True,2026-05-08,low_risk
JP90C000HEX3,SMT MIRAIndex ﾊﾞｲｵ･ﾒﾃﾞｨｶﾙ,,三井住友TAM,先進国株式（広域）-為替ヘッジ無し,株式,world,0.06,0.62,0.11,True,False,False,False,False,none,0.77,8.88,7.0,2,1,1,,17.49,26.76,14.3,10.17,,12.71,1.57,0.89,0.6,,15.49,16.07,18.61,,True,2026-05-08,high_risk|passive_index
JP90C0009CS0,ＪＰＭグローバル医療関連株式ファンド,,JPﾓﾙｶﾞﾝ,先進国株式（広域）-為替ヘッジ無し,株式,world,0.06,0.62,0.11,False,False,False,False,False,none,1.85,628.47,12.0,2,1,1,1,3.49,15.78,6.33,8.79,10.73,10.93,0.93,0.46,0.56,0.63,16.49,15.22,17.47,19.06,True,2026-05-08,global_diversified|high_risk
JP90C000NLK3,ｸﾞﾛｰﾊﾞﾙ･ｱｸﾞﾘｶﾙﾁｬｰ&amp;ﾌｰﾄﾞ株式ﾌｧﾝﾄﾞ,,ｱﾓｰｳﾞｧAM,先進国株式（広域）-為替ヘッジ無し,株式,world,0.06,0.62,0.11,False,False,False,False,False,none,1.8205,47.04,4.0,2,1,,,35.64,23.82,3.44,,,1.98,1.7,0.28,,,12.68,14.5,,,True,2026-05-08,medium_risk
JP90C0001BM2,ＨＳＢＣ チャイナ オープン,,ＨＳＢＣ,中国・香港株式-為替ヘッジ無し,株式,world,0.06,0.62,0.11,False,False,False,False,False,none,1.9799,99.11,12.0,1,3,3,3,-7.77,26.51,12.62,1.46,7.86,8.73,1.3,0.6,0.17,0.43,19.1,24.44,24.73,23.9,True,2026-05-08,very_high_risk
JP90C0003YW9,ミュータント,,ｱﾓｰｳﾞｧAM,国内株式,株式,world,0.06,0.62,0.11,False,False,False,False,False,none,1.749,146.89,12.0,3,1,1,1,27.72,59.38,14.6,9.87,10.79,6.93,2.53,0.79,0.55,0.57,18.95,19.09,20.78,22.18,True,2026-05-08,high_risk
JP90C0003RT9,ダイワ・ライフ・バランス７０,,大和,バランス（固定配分・高リスク）-為替ヘッジ無し,バランス,world,0.06,0.62,0.11,False,False,False,False,False,none,0.242,386.66,12.0,2,2,3,4,15.58,26.94,16.68,12.16,10.62,7.07,2.86,1.47,1.1,0.88,8.26,10.69,10.79,12.19,True,2026-05-08,broad_market|medium_risk
JP90C0009VC4,イタリア株式ファンド,,ｶﾚﾗAM,先進国株式（その他単一国）-為替ヘッジ無し,株式,world,0.06,0.62,0.11,False,False,False,False,False,none,1.661,14.15,12.0,5,5,5,4,30.81,43.58,30.3,24.12,15.81,12.33,2.68,1.78,1.26,0.77,13.67,15.44,18.45,22.19,True,2026-05-08,high_risk
JP90C0009TY2,J-REIT･ﾘｻｰﾁ･ｵｰﾌﾟﾝ(年2回決算型),,三井住友TAM,国内REIT,不動産,world,0.06,0.62,0.11,False,False,False,False,False,none,1.1,831.87,12.0,2,2,2,4,-4.05,11.51,4.14,1.59,4.24,6.1,1.21,0.44,0.18,0.3,8.8,9.46,10.98,20.34,True,2026-05-08,medium_risk|tech_heavy
JP90C000JYN8,ＮＺＡＭ・ベータ　米国ＲＥＩＴ,,農中全共連,北米REIT-為替ヘッジ無し,不動産,us,0.0,1.0,0.0,False,False,False,False,False,none,0.473,7.65,7.0,5,5,3,,35.1,27.09,15.96,13.15,,19.66,2.0,1.03,0.76,,12.06,15.17,18.36,,True,2026-05-08,high_risk|us_centric
JP90C000J5T0,東京海上ﾀｰｹﾞｯﾄ･ｲﾔｰ･ﾌｧﾝﾄﾞ2035,年金コンパス,東京海上,バランス（固定配分・中リスク）-為替ヘッジ無し,バランス,world,0.06,0.62,0.11,False,False,False,False,False,none,0.308,87.35,7.0,3,3,4,,10.64,21.24,13.54,10.18,,10.58,2.73,1.41,1.06,,6.94,9.05,9.38,,True,2026-05-08,medium_risk
JP90C000PL66,iFreePlus米国配当王(資産成長型),,大和,米国株式-為替ヘッジ無し,株式,us,0.0,1.0,0.0,False,False,False,False,False,none,0.286,15.29,1.5,1,,,,22.61,18.72,,,,11.22,1.28,,,,13.61,,,,True,2026-05-08,dividend_focused|medium_risk|us_centric
JP90C000A154,Ｊ-ＲＥＩＴオープン（資産成長型）,,野村,国内REIT,不動産,world,0.06,0.62,0.11,False,False,False,False,False,none,1.1,84.82,12.0,3,3,5,5,-4.69,12.62,5.21,3.11,4.82,7.11,1.26,0.54,0.31,0.33,9.29,9.74,11.25,20.08,True,2026-05-08,medium_risk
JP90C0009S30,世界経済ｲﾝﾃﾞｯｸｽﾌｧﾝﾄﾞ(株式ｼﾌﾄ型),,三井住友TAM,バランス（固定配分・高リスク）-為替ヘッジ無し,バランス,world,0.06,0.62,0.11,False,False,False,False,False,none,0.605,85.02,12.0,5,3,2,3,19.91,36.28,20.69,14.45,12.85,10.52,3.12,1.57,1.1,0.9,9.9,12.26,12.88,14.5,True,2026-05-08,global_diversified|medium_risk
JP90C0001UV3,ﾊｯﾋﾟｰｴｲｼﾞﾝｸﾞ･ﾌｧﾝﾄﾞ ﾊｯﾋﾟｰｴｲｼﾞﾝｸﾞ 30,,SOMPO,バランス（固定配分・高リスク）-為替ヘッジ無し,バランス,world,0.06,0.62,0.11,False,False,False,False,False,none,1.485,378.71,12.0,2,5,5,3,22.9,28.88,18.66,13.94,10.87,4.67,2.79,1.69,1.31,0.86,9.04,10.27,10.27,12.82,True,2026-05-08,medium_risk
JP90C0007DG7,野村インデックスファンド・外国REIT,Ｆｕｎｄｓ-ｉ 外国ＲＥＩＴ,野村,海外REIT（含む北米）-為替ヘッジ無し,不動産,world,0.06,0.62,0.11,True,False,False,False,False,none,0.605,65.14,12.0,4,3,3,4,28.72,25.64,14.92,11.86,8.44,11.0,2.0,1.0,0.71,0.49,11.44,14.66,17.62,21.01,True,2026-05-08,high_risk|passive_index|tech_heavy
JP90C000PZ52,DCﾆｯｾｲ全世界株式ｲﾝﾃﾞｯｸｽｺﾚｸﾄ,,ﾆｯｾｲ,先進国・新興国株式（広域）-為替ヘッジ無し,株式,world,0.06,0.62,0.11,False,False,False,False,False,none,0.077,156.98,1.5,2,,,,21.05,40.82,,,,24.68,2.99,,,,11.49,,,,True,2026-05-08,global_diversified|medium_risk
JP90C0001RJ4,ﾆｯｾｲ日本勝ち組ﾌｧﾝﾄﾞ(3ヵ月決算型),,ﾆｯｾｲ,国内株式,株式,japan,1.0,0.0,0.0,False,False,False,False,False,none,1.1,80.96,12.0,1,1,2,1,23.75,33.14,21.29,14.45,12.3,5.37,2.07,1.2,0.88,0.71,14.02,17.03,16.64,18.79,True,2026-05-08,high_risk|japan_centric
JP90C000F9K5,Ｓｍａｒｔ-ｉ　新興国株式インデックス,,りそな,新興国株式（広域）-為替ヘッジ無し,株式,em,0.0,0.0,1.0,True,False,False,False,False,none,0.374,175.96,7.0,3,3,3,,35.42,57.75,25.58,13.45,,10.69,2.91,1.41,0.8,,15.93,16.93,17.55,,True,2026-05-08,em_centric|high_risk|passive_index
JP90C000AYS6,ﾌｨﾃﾞﾘﾃｨ･ﾀｰｹﾞｯﾄ･ﾃﾞｰﾄ･ﾌｧﾝﾄﾞ(ﾍﾞｰｼｯｸ)2050,将来設計（ベーシック）,ﾌｨﾃﾞﾘﾃｨ,バランス（固定配分・高リスク）-為替リスク低減,バランス,world,0.06,0.62,0.11,False,False,False,False,False,none,0.38,66.89,12.0,3,4,3,,15.55,31.42,20.52,14.76,13.82,11.88,3.04,1.64,1.09,0.88,8.92,11.65,13.35,16.06,True,2026-05-08,medium_risk
JP90C000D208,eMAXIS最適化ﾊﾞﾗﾝｽ(ﾏｲﾌｫﾜｰﾄﾞ),,三菱UFJｱｾｯﾄ,バランス（固定配分・高リスク）-為替ヘッジ無し,バランス,world,0.06,0.62,0.11,False,False,False,False,False,none,0.55,165.89,12.0,4,4,3,3,19.49,33.37,19.37,13.73,11.5,11.38,3.17,1.56,1.1,0.83,9.03,11.58,12.17,14.18,True,2026-05-08,medium_risk
JP90C000F9N9,Smart-i 先進国債券ｲﾝﾃﾞｯｸｽ(為替ﾍｯｼﾞなし),,りそな,先進国債券（広域・高格付）-為替ヘッジ無し,債券,world,0.06,0.62,0.11,False,False,False,False,False,none,0.187,89.67,7.0,3,3,4,,6.17,11.77,8.1,5.67,,4.42,1.55,1.07,0.75,,6.91,7.27,7.45,,True,2026-05-08,developed_only|low_risk
JP90C000K9Q5,楽天・日本株マイクロキャップ・ファンド,スモールジャイアント,楽天,国内株式（中小型）,株式,japan,1.0,0.0,0.0,False,False,False,False,False,none,0.968,3.56,7.0,3,2,3,,25.6,42.28,16.06,10.88,,13.14,2.53,1.06,0.77,,14.16,14.87,14.63,,True,2026-05-08,japan_centric|medium_risk
JP90C000N504,My SMT ﾀﾞｳ･ｼﾞｮｰﾝｽﾞ･ｲﾝﾃﾞｯｸｽ(ﾉｰﾛｰﾄﾞ),,三井住友TAM,米国株式-為替ヘッジ無し,株式,world,0.06,0.62,0.11,False,False,False,False,False,none,0.0968,106.37,4.0,2,2,,,15.05,32.99,20.38,,,17.61,2.29,1.29,,,12.53,15.04,,,True,2026-05-08,high_risk
JP90C0006YY8,日本株式インデックスｅ,,三井住友TAM,国内株式,株式,japan,1.0,0.0,0.0,True,False,False,False,False,none,0.407,55.97,12.0,2,2,3,2,27.64,41.38,23.95,16.36,13.31,10.69,2.55,1.36,1.02,0.8,13.73,16.64,15.92,17.5,True,2026-05-08,high_risk|japan_centric|passive_index
JP90C000S0U8,日本株式・ゴールドアロケーションファンド,ゴルアロ日本,りそな,バランス（可変配分）-為替ヘッジ無し,バランス,japan,1.0,0.0,0.0,False,False,False,False,False,none,0.688,6.35,,,,,,36.4,,,,,49.87,,,,,,,,,True,2026-05-08,japan_centric|medium_risk
JP90C00092E5,JPM北米高配当･成長株ﾌｧﾝﾄﾞ(為替ﾍｯｼﾞなし､年2回決算型),,JPﾓﾙｶﾞﾝ,米国株式-為替ヘッジ無し,株式,world,0.06,0.62,0.11,False,False,False,False,False,none,1.705,60.86,12.0,2,2,2,2,29.71,33.37,17.63,15.74,14.38,13.94,2.54,1.21,1.02,0.82,11.38,13.96,15.33,18.45,True,2026-05-08,active_diversified|dividend_focused|growth_focused|high_risk
JP90C000CPA8,世界ﾌﾟﾚﾐｱ企業債券ﾌｧﾝﾄﾞ(為替ﾍｯｼﾞあり),プレミア・コレクション,三菱UFJｱｾｯﾄ,先進国債券（広域・高格付）-為替ヘッジ有り,債券,world,0.06,0.62,0.11,False,False,False,False,False,none,0.814,91.34,12.0,4,5,5,4,-2.57,0.46,0.01,-2.95,-0.63,-0.41,-0.06,-0.07,-0.72,-0.15,2.41,3.4,4.25,4.07,True,2026-05-08,global_diversified|low_risk
JP90C000FQT9,GSﾋﾞｯｸﾞﾃﾞｰﾀ･ｽﾄﾗﾃｼﾞｰ(ｴﾏｰｼﾞﾝｸﾞ株),,ｺﾞｰﾙﾄﾞﾏﾝ,新興国株式（広域）-為替ヘッジ無し,株式,world,0.06,0.62,0.11,False,False,False,False,False,none,1.5675,39.46,7.0,4,3,3,,45.66,62.97,26.61,13.37,,10.22,3.14,1.46,0.79,,15.79,16.94,17.62,,True,2026-05-08,high_risk
JP90C0000LW2,エマージング株式オープン,,三井住友TAM,新興国株式（広域）-為替ヘッジ無し,株式,em,0.0,0.0,1.0,False,False,False,False,False,none,2.09,17.38,12.0,2,2,1,1,61.65,65.04,24.73,11.15,11.55,6.39,2.9,1.31,0.63,0.66,17.68,17.94,19.44,19.36,True,2026-05-08,em_centric|high_risk
JP90C000FF66,ＪＰＭザ・ジャパン（年４回決算型）,,JPﾓﾙｶﾞﾝ,国内株式,株式,world,0.06,0.62,0.11,False,False,False,False,False,none,1.87,209.92,7.0,1,1,1,,3.94,30.47,20.56,12.62,,9.89,1.68,1.13,0.74,,16.28,17.72,18.09,,True,2026-05-08,high_risk
JP90C000CUM3,iTrustバイオ,,ﾋﾟｸﾃ,米国株式-為替ヘッジ無し,株式,world,0.06,0.62,0.11,False,False,False,False,False,none,0.99,15.49,12.0,3,2,2,1,28.24,46.86,13.84,12.93,11.1,10.38,2.23,0.78,0.71,0.58,17.7,18.37,19.43,22.04,True,2026-05-08,high_risk
JP90C0009TR6,SMTﾀﾞｳ･ｼﾞｮｰﾝｽﾞｲﾝﾃﾞｯｸｽ･ｵｰﾌﾟﾝ,,三井住友TAM,米国株式-為替ヘッジ無し,株式,world,0.06,0.62,0.11,False,False,False,False,False,none,0.55,479.31,12.0,1,2,3,3,14.52,32.37,19.79,16.98,16.83,14.97,2.26,1.26,1.05,0.9,12.53,15.04,16.03,19.34,True,2026-05-08,high_risk
JP90C000FN25,たわらノーロード　バランス（堅実型）,,AMOne,バランス（固定配分・低リスク）-為替リスク低減,バランス,world,0.06,0.62,0.11,False,False,False,False,False,none,0.143,71.03,7.0,1,2,2,,-1.06,3.73,1.86,-0.17,,1.19,0.99,0.41,-0.06,,3.1,3.86,4.28,,True,2026-05-08,broad_market|low_risk
JP90C0000XV9,netWINGSﾃｸﾉﾛｼﾞｰ株式ﾌｧﾝﾄﾞAｺｰｽ(為替ﾍｯｼﾞあり),,ｺﾞｰﾙﾄﾞﾏﾝ,米国株式-為替ヘッジ有り,株式,world,0.06,0.62,0.11,False,False,False,False,False,none,2.09,1543.71,12.0,3,4,3,4,3.39,32.28,23.25,7.48,15.18,4.53,1.44,1.08,0.41,0.74,20.43,21.18,24.26,22.28,True,2026-05-08,very_high_risk
JP90C0002C27,インベスコ　店頭・成長株オープン,,ｲﾝﾍﾞｽｺ,国内株式（中小型）,株式,world,0.06,0.62,0.11,False,False,False,False,False,none,1.1,135.36,12.0,4,4,3,3,56.67,56.93,23.75,11.85,11.65,,2.67,1.25,0.68,0.62,17.25,18.12,18.7,21.5,True,2026-05-08,active_diversified|growth_focused|high_risk
JP90C000DG34,ｅＭＡＸＩＳ 豪州債券インデックス,,三菱UFJｱｾｯﾄ,オセアニア債券-為替ヘッジ無し,債券,world,0.06,0.62,0.11,True,False,False,False,False,none,0.66,4.74,7.0,2,1,1,,17.84,18.3,7.5,3.9,,4.15,1.8,0.74,0.39,,9.23,10.11,11.05,,True,2026-05-08,medium_risk|passive_index
JP90C0003MU8,スパークス・アクティブ・ジャパン,キョウソウのバトン,ｽﾊﾟｰｸｽ,国内株式,株式,world,0.06,0.62,0.11,False,False,False,False,False,none,1.518,25.6,12.0,2,2,1,2,28.36,36.9,22.31,12.74,13.45,8.45,2.35,1.32,0.8,0.81,13.52,15.98,16.45,17.49,True,2026-05-08,active_diversified|high_risk
JP90C000Q7S9,たわらノーロード　ＮＡＳＤＡＱ１００,,AMOne,米国株式-為替ヘッジ無し,株式,world,0.06,0.62,0.11,False,False,False,False,False,none,0.44,7.95,1.5,4,,,,17.57,48.64,,,,28.6,2.52,,,,16.04,,,,True,2026-05-08,medium_risk
JP90C0001VA5,トルコ株式オープン,メルハバ,SOMPO,新興国株式（その他単一国）-為替ヘッジ無し,株式,world,0.06,0.62,0.11,False,False,False,False,False,none,1.98,44.26,12.0,2,2,5,,46.64,38.15,17.71,23.14,6.64,4.24,1.45,0.76,0.85,0.36,23.86,25.36,29.34,31.15,True,2026-05-08,very_high_risk
JP90C000EGY3,ｸﾞﾛｰﾊﾞﾙ･ﾛﾎﾞﾃｨｸｽ株式ﾌｧﾝﾄﾞ(為替ﾍｯｼﾞあり･年2回決算型),,ｱﾓｰｳﾞｧAM,先進国株式（広域）-為替ヘッジ有り,株式,world,0.06,0.62,0.11,False,False,False,False,False,none,1.936,134.25,7.0,4,3,3,,28.63,49.3,17.7,8.83,,12.66,2.34,0.92,0.5,,17.6,19.57,20.98,,True,2026-05-08,high_risk
JP90C0000PC5,三菱ＵＦＪトピックスインデックスオープン,,三菱UFJｱｾｯﾄ,国内株式,株式,world,0.06,0.62,0.11,True,False,False,False,False,none,0.55,298.83,12.0,1,2,3,2,27.46,41.17,23.8,16.2,13.17,4.67,2.54,1.35,1.01,0.79,13.73,16.64,15.93,17.51,True,2026-05-08,high_risk|passive_index
JP90C000SJM2,(ｱﾑﾝﾃﾞｨ･ｲﾝﾃﾞｯｸｽｼﾘｰｽﾞ)欧州株,,ｱﾑﾝﾃﾞｨ,欧州株式-為替ヘッジ無し,株式,world,0.06,0.62,0.11,False,False,False,False,False,none,0.235,1.58,,,,,,,,,,,,,,,,,,,,True,2026-05-08,medium_risk
JP90C00072J6,ベトナム株式ファンド,,三井住友DS,新興国株式（その他単一国）-為替ヘッジ無し,株式,world,0.06,0.62,0.11,False,False,False,False,False,none,1.958,118.53,12.0,2,3,2,,10.08,36.06,15.59,12.77,12.12,9.35,1.69,0.84,0.68,0.63,18.89,18.94,20.38,22.05,True,2026-05-08,high_risk
JP90C000G466,次世代ﾓﾋﾞﾘﾃｨｵｰﾌﾟﾝ(為替ﾍｯｼﾞなし),,SBI岡三,先進国株式（広域）-為替ヘッジ無し,株式,world,0.06,0.62,0.11,False,False,False,False,False,none,1.804,124.48,7.0,4,3,2,,27.36,54.19,22.47,14.0,,14.83,2.48,1.0,0.65,,17.94,22.51,24.87,,True,2026-05-08,very_high_risk
JP90C0005LQ3,ダイワ・インド株ファンド,パワフル・インド,大和,インド株式-為替ヘッジ無し,株式,em,0.0,0.0,1.0,False,False,False,False,False,none,1.848,735.95,12.0,2,2,3,1,-22.03,-5.12,10.2,12.86,10.39,6.04,-0.26,0.67,0.8,0.6,17.19,15.86,16.75,19.35,True,2026-05-08,em_centric|high_risk|thematic
JP90C00091G2,ＥＸＥ‐ｉ 全世界ＲＥＩＴファンド,,SBI,海外REIT（含む北米）-為替ヘッジ無し,不動産,world,0.06,0.62,0.11,False,False,False,False,False,none,0.2035,56.35,12.0,2,2,2,2,27.14,22.87,13.69,9.77,7.03,7.02,1.82,0.97,0.65,0.45,11.34,13.84,16.15,19.25,True,2026-05-08,global_diversified|high_risk
JP90C0002ZU2,ｽﾊﾟｰｸｽ･ｼﾞｬﾊﾟﾝ･ｽﾓｰﾙ･ｷｬｯﾌﾟ･ﾌｧﾝﾄﾞ,ライジング・サン,ｽﾊﾟｰｸｽ,国内株式（中小型）,株式,world,0.06,0.62,0.11,False,False,False,False,False,none,1.87,51.68,12.0,1,2,2,3,13.04,26.86,15.77,6.93,11.36,9.28,1.82,1.0,0.47,0.67,13.21,15.52,16.79,18.36,True,2026-05-08,high_risk
JP90C00086B3,ﾓﾙｶﾞﾝ･ｽﾀﾝﾚｰｸﾞﾛｰﾊﾞﾙ･ﾌﾟﾚﾐｱﾑ株式ｵｰﾌﾟﾝ(為替ﾍｯｼﾞあり),,三菱UFJｱｾｯﾄ,先進国株式（広域）-為替ヘッジ有り,株式,world,0.06,0.62,0.11,False,False,False,False,False,none,1.98,315.56,12.0,1,1,1,1,-18.74,-13.67,-3.53,-2.24,4.66,5.85,-1.34,-0.33,-0.13,0.41,11.0,10.31,12.57,13.24,True,2026-05-08,medium_risk
JP90C0007XK7,ﾊｰﾍﾞｽﾄ ｱｼﾞｱﾌﾛﾝﾃｨｱ株式ﾌｧﾝﾄﾞ,,SBI,アジア株式-為替ヘッジ無し,株式,world,0.06,0.62,0.11,False,False,False,False,False,none,2.124,75.99,12.0,2,3,3,2,30.59,58.77,24.86,12.91,9.48,9.86,2.7,1.36,0.78,0.62,17.51,17.16,17.31,16.79,True,2026-05-08,high_risk
JP90C000J5W4,東京海上ﾀｰｹﾞｯﾄ･ｲﾔｰ･ﾌｧﾝﾄﾞ2065,年金コンパス,東京海上,バランス（固定配分・中リスク）-為替ヘッジ無し,バランス,world,0.06,0.62,0.11,False,False,False,False,False,none,0.308,44.85,7.0,3,5,5,,13.76,25.46,16.27,12.19,,12.49,2.89,1.49,1.12,,7.76,10.26,10.67,,True,2026-05-08,medium_risk
JP90C00025G0,ｱﾗｲｱﾝｽ･ﾊﾞｰﾝｽﾀｲﾝ･新興国成長株投信Bｺｰｽ(為替ﾍｯｼﾞなし),,ｱﾗｲｱﾝｽ,新興国株式（広域）-為替ヘッジ無し,株式,em,0.0,0.0,1.0,False,False,False,False,False,none,1.848,111.33,12.0,3,2,2,2,51.44,58.89,24.18,11.3,12.04,7.31,2.78,1.27,0.64,0.66,17.02,18.2,19.2,20.07,True,2026-05-08,active_diversified|em_centric|growth_focused|high_risk
JP90C000L9T8,野村ｲﾝﾃﾞｯｸｽﾌｧﾝﾄﾞ･先進国ESG株式,Funds-i 先進国ESG株式,野村,先進国株式（広域）-為替ヘッジ無し,株式,world,0.06,0.62,0.11,False,False,False,False,False,none,0.297,37.71,7.0,4,4,4,,18.53,48.07,28.5,23.25,,24.85,2.98,1.6,1.31,,13.3,16.38,16.9,,True,2026-05-08,developed_only|high_risk|thematic
JP90C000C7T3,インバウンド関連日本株ファンド,ビジット・ジャパン,三井住友TAM,国内株式,株式,japan,1.0,0.0,0.0,False,False,False,False,False,none,1.705,487.52,12.0,1,1,1,1,-2.86,14.14,14.87,10.7,8.71,7.36,0.99,0.93,0.72,0.56,13.64,15.95,15.66,17.46,True,2026-05-08,high_risk|japan_centric
JP90C000DPT6,SMT米国株配当貴族ｲﾝﾃﾞｯｸｽ･ｵｰﾌﾟﾝ,,三井住友TAM,米国株式-為替ヘッジ無し,株式,us,0.0,1.0,0.0,False,False,False,False,False,none,0.605,108.8,7.0,2,1,2,,20.2,21.96,11.76,12.84,,13.85,1.58,0.87,0.85,,12.72,13.44,15.37,,True,2026-05-08,dividend_focused|high_risk|us_centric
JP90C000AZT1,ＭＡＳＡＭＩＴＳＵ日本株戦略ファンド,,ﾌｧｲﾌﾞｽﾀｰ,国内株式,株式,japan,1.0,0.0,0.0,False,False,False,False,False,none,1.859,36.54,12.0,1,1,1,2,19.89,37.72,19.65,10.91,13.17,12.61,2.4,1.19,0.72,0.79,13.49,15.84,15.88,17.54,True,2026-05-08,high_risk|japan_centric
JP90C000N231,ｅＭＡＸＩＳＮｅｏコミュニケーションＤＸ,,三菱UFJｱｾｯﾄ,米国株式-為替ヘッジ無し,株式,world,0.06,0.62,0.11,False,False,False,False,False,none,0.792,4.55,4.0,1,1,,,-14.36,7.42,12.47,,,1.51,0.41,0.57,,,21.83,25.74,,,True,2026-05-08,very_high_risk
JP90C0001BQ3,ＨＳＢＣ ブラジル オープン,,ＨＳＢＣ,ブラジル・中南米株式-為替ヘッジ無し,株式,world,0.06,0.62,0.11,False,False,False,False,False,none,2.09,217.26,12.0,2,3,1,,67.32,60.67,22.26,12.17,8.12,1.57,2.39,1.01,0.54,0.41,20.56,22.03,28.24,31.97,True,2026-05-08,very_high_risk
JP90C0000UT9,三菱ＵＦＪ チャイナオープン,,三菱UFJｱｾｯﾄ,中国・香港株式-為替ヘッジ無し,株式,world,0.06,0.62,0.11,False,False,False,False,False,none,1.672,61.2,12.0,4,4,2,2,3.82,42.86,14.18,0.57,7.89,,2.25,0.66,0.14,0.44,16.22,23.81,25.11,23.72,True,2026-05-08,very_high_risk
JP90C0000P81,三菱ＵＦＪ 日本株アクティブオープン,ファーブル先生,三菱UFJｱｾｯﾄ,国内株式,株式,japan,1.0,0.0,0.0,False,False,False,False,False,none,1.705,192.48,12.0,5,5,3,5,57.68,78.78,29.93,17.25,15.36,6.02,3.19,1.37,0.9,0.81,18.67,20.49,19.78,20.22,True,2026-05-08,active_diversified|high_risk|japan_centric
JP90C0004MW2,ｼｭﾛｰﾀﾞｰ･ｴﾏｰｼﾞﾝｸﾞ株式ﾌｧﾝﾄﾞ(3ヵ月決算型),,ｼｭﾛｰﾀﾞｰ,新興国株式（広域）-為替ヘッジ無し,株式,world,0.06,0.62,0.11,False,False,False,False,False,none,1.7908,4.26,12.0,5,5,2,5,47.69,72.54,27.84,13.12,13.87,6.09,3.23,1.45,0.76,0.76,17.21,17.88,18.31,19.47,True,2026-05-08,high_risk
JP90C00061P6,三菱ＵＦＪ 国内債券インデックスファンド,,三菱UFJｱｾｯﾄ,国内債券,債券,japan,1.0,0.0,0.0,True,False,False,False,False,none,0.385,15.25,12.0,1,1,1,1,-9.15,-6.87,-4.64,-3.55,-2.01,-0.17,-2.89,-1.47,-1.23,-0.82,2.67,3.4,3.04,2.53,True,2026-05-08,japan_centric|low_risk|passive_index
JP90C00027X1,日本新興株オープン,,ｱﾓｰｳﾞｧAM,国内株式（中小型）,株式,japan,1.0,0.0,0.0,False,False,False,False,False,none,1.672,162.09,12.0,3,2,2,4,33.23,58.12,17.44,9.65,13.3,,2.45,0.86,0.53,0.65,19.26,21.04,21.54,23.27,True,2026-05-08,high_risk|japan_centric
JP90C000SCJ3,GS Plusゴールド（為替ヘッジあり）,,ｺﾞｰﾙﾄﾞﾏﾝ,金関連-為替ヘッジ有り,株式,world,0.06,0.62,0.11,False,False,False,True,False,none,0.3461,3.55,,,,,,,,,,,,,,,,,,,,True,2026-05-08,medium_risk
JP90C000N7L7,Smart-i Select 全世界株式ｲﾝﾃﾞｯｸｽ(除く日本),,りそな,先進国・新興国株式（広域）-為替ヘッジ無し,株式,world,0.06,0.62,0.11,False,False,False,False,False,none,0.1144,78.48,4.0,3,4,,,20.53,40.67,25.36,,,20.54,2.92,1.59,,,11.74,14.77,,,True,2026-05-08,global_diversified|japan_centric|medium_risk
JP90C0000T87,三菱UFJJﾘｰﾄｵｰﾌﾟﾝ(3ヵ月決算型),,三菱UFJｱｾｯﾄ,国内REIT,不動産,world,0.06,0.62,0.11,False,False,False,False,False,none,1.1,430.57,12.0,2,2,2,2,-4.32,11.3,4.3,1.9,3.05,5.59,1.16,0.46,0.21,0.25,9.02,9.55,10.96,19.25,True,2026-05-08,medium_risk
JP90C000E7M6,ひとくふう先進国リートファンド,,三井住友DS,海外REIT（含む北米）-為替ヘッジ無し,不動産,world,0.06,0.62,0.11,False,False,False,False,False,none,0.33,10.19,7.0,1,1,1,,24.22,14.24,6.87,7.93,,7.04,1.14,0.53,0.53,,11.79,13.59,16.86,,True,2026-05-08,developed_only|high_risk
JP90C000K104,東京海上・インド・オーナーズ株式オープン,,東京海上,インド株式-為替ヘッジ無し,株式,em,0.0,0.0,1.0,False,False,False,False,False,none,1.903,82.34,7.0,3,4,3,,-17.11,-0.88,13.57,13.18,,19.77,0.01,0.8,0.76,,18.38,17.46,18.22,,True,2026-05-08,em_centric|high_risk|thematic
JP90C000JES9,のむﾗｯﾌﾟ･ﾌｧﾝﾄﾞ(普通型)年6%目標分配金受取型,,野村,バランス（固定配分・中リスク）-為替ヘッジ無し,バランス,world,0.06,0.62,0.11,False,False,False,False,False,none,1.44,449.97,7.0,2,2,2,,10.44,19.27,10.93,7.88,,7.87,2.49,1.28,0.85,,6.92,8.13,9.21,,True,2026-05-08,medium_risk
JP90C000BFM6,あおぞら・徹底分散グローバル株式ファンド,てつさん,あおぞら,先進国株式（広域）-為替ヘッジ無し,株式,world,0.06,0.62,0.11,False,False,False,False,False,none,0.8355,210.2,12.0,5,3,3,2,27.54,44.01,22.97,17.06,14.67,11.19,3.1,1.54,1.1,0.84,11.83,13.89,15.27,18.12,True,2026-05-08,global_diversified|high_risk
JP90C0004MB6,Ｏｎｅ　ＶＩＰフォーカス・ファンド,アジアン倶楽部,AMOne,東南アジア株式-為替ヘッジ無し,株式,world,0.06,0.62,0.11,False,False,False,False,False,none,1.87,84.99,12.0,,,,,-13.85,4.01,5.38,8.74,7.66,4.39,0.28,0.38,0.57,0.5,16.91,16.41,16.72,17.7,True,2026-05-08,high_risk
JP90C000D3L8,フィリピン株式ファンド,,ｶﾚﾗAM,新興国株式（その他単一国）-為替ヘッジ無し,株式,world,0.06,0.62,0.11,False,False,False,False,False,none,1.529,3.61,12.0,1,1,1,,-12.7,-11.68,-3.08,1.76,-1.01,-1.01,-0.63,-0.11,0.18,0.03,18.19,17.42,17.39,18.69,True,2026-05-08,high_risk
JP90C000AAA4,ｲﾝﾃﾞｯｸｽﾌｧﾝﾄﾞNYﾀﾞｳ30(ｱﾒﾘｶ株式),,ｱﾓｰｳﾞｧAM,米国株式-為替ヘッジ無し,株式,world,0.06,0.62,0.11,False,False,False,False,False,none,0.682,164.07,12.0,1,1,2,3,14.26,32.06,19.47,16.65,16.44,14.95,2.24,1.24,1.03,0.88,12.54,15.04,16.03,19.37,True,2026-05-08,high_risk
JP90C000PBR4,NZAM･ﾍﾞｰﾀ 先進国2資産(株式+REIT),,農中全共連,先進国株式（広域）-為替ヘッジ無し,不動産,world,0.06,0.62,0.11,False,False,False,False,False,none,0.242,5.55,4.0,2,2,,,23.33,31.85,19.64,,,21.1,2.68,1.37,,,10.31,13.54,,,True,2026-05-08,developed_only|medium_risk|tech_heavy
JP90C000EK60,GSｸﾞﾛｰﾊﾞﾙ･ﾋﾞｯｸﾞﾃﾞｰﾀ投資戦略Bｺｰｽ(為替ﾍｯｼﾞなし),,ｺﾞｰﾙﾄﾞﾏﾝ,先進国株式（広域）-為替ヘッジ無し,株式,world,0.06,0.62,0.11,False,False,False,False,False,none,1.3475,1572.47,7.0,5,4,4,,18.32,44.23,25.86,18.79,,14.65,3.23,1.57,1.06,,11.37,15.2,17.55,,True,2026-05-08,high_risk
JP90C000GEF2,ハリス世界株ファンド（資産成長型）,,朝日ﾗｲﾌ,先進国株式（広域）-為替ヘッジ無し,株式,world,0.06,0.62,0.11,False,False,False,False,False,none,1.65,9.14,7.0,1,1,1,,9.69,22.76,13.29,10.98,,10.88,1.52,0.88,0.68,,13.73,15.2,17.19,,True,2026-05-08,global_diversified|high_risk
JP90C000A1N1,ニッポン中小型株ファンド,,三井住友DS,国内株式（中小型）,株式,world,0.06,0.62,0.11,False,False,False,False,False,none,1.815,329.39,12.0,2,2,4,4,15.83,26.89,19.62,15.97,14.46,14.24,2.27,1.42,1.21,0.86,10.49,12.99,12.79,17.53,True,2026-05-08,medium_risk
JP90C00011H8,Ｊオープン（小型株）,,三菱UFJｱｾｯﾄ,国内株式（中小型）,株式,world,0.06,0.62,0.11,False,False,False,False,False,none,1.342,72.69,12.0,5,3,2,4,51.31,56.55,18.83,9.17,12.68,,2.99,1.09,0.56,0.67,15.21,16.91,18.2,21.02,True,2026-05-08,high_risk
JP90C000CUN1,iTrust世界株式,世界代表～勝ち組企業厳選～,ﾋﾟｸﾃ,先進国株式（広域）-為替ヘッジ無し,株式,world,0.06,0.62,0.11,False,False,False,False,False,none,0.913,123.52,12.0,1,1,1,1,-0.6,17.88,13.71,11.69,12.93,12.43,1.24,0.89,0.75,0.75,13.52,15.53,16.34,18.36,True,2026-05-08,global_diversified|high_risk
JP90C000S3Y4,ﾌｨﾃﾞﾘﾃｨ･ｱｸﾃｨﾌﾞ･ﾗｯﾌﾟﾌｧﾝﾄﾞ(ｱｸﾞﾚｯｼﾌﾞ),フィデラップ,ﾌｨﾃﾞﾘﾃｨ,バランス（固定配分・高リスク）-為替リスク低減,バランス,world,0.06,0.62,0.11,False,False,False,False,False,none,1.65,32.9,,,,,,19.75,,,,,21.9,,,,,,,,,True,2026-05-08,medium_risk
JP90C000QB83,ｽﾃｰﾄ･ｽﾄﾘｰﾄ国内債券ｲﾝﾃﾞｯｸｽ･ｵｰﾌﾟﾝ(隔月分配型),,ｽﾃｰﾄｽﾄﾘｰﾄ,国内債券,債券,japan,1.0,0.0,0.0,False,False,False,False,False,none,0.1078,0.17,1.5,1,,,,-8.95,-6.76,,,,-4.96,-2.83,,,,2.68,,,,True,2026-05-08,japan_centric|low_risk
JP90C0009517,ﾌｨﾃﾞﾘﾃｨ･ｽﾄﾗﾃｼﾞｯｸ･ｲﾝｶﾑ･ﾌｧﾝﾄﾞ(資産成長型)Dｺｰｽ(為替ﾍｯｼﾞなし),悠々債券,ﾌｨﾃﾞﾘﾃｨ,先進国債券（広域・複合格付）-為替ヘッジ無し,債券,world,0.06,0.62,0.11,False,False,False,False,False,none,1.551,182.94,12.0,3,2,2,3,7.19,15.12,10.4,8.94,6.54,5.5,1.75,1.22,1.07,0.78,7.86,8.12,8.19,8.46,True,2026-05-08,medium_risk
JP90C0009S48,世界経済ｲﾝﾃﾞｯｸｽﾌｧﾝﾄﾞ(債券ｼﾌﾄ型),,三井住友TAM,バランス（固定配分・低リスク）-為替ヘッジ無し,債券,world,0.06,0.62,0.11,False,False,False,False,False,none,0.495,11.48,12.0,5,5,5,5,10.38,20.0,12.25,8.73,7.14,5.95,2.58,1.4,1.01,0.8,6.92,8.26,8.48,9.03,True,2026-05-08,global_diversified|medium_risk
JP90C00070R3,フィリピン株ファンド,,キャピタルAM,新興国株式（その他単一国）-為替ヘッジ無し,株式,world,0.06,0.62,0.11,False,False,False,False,False,none,1.606,4.9,12.0,1,1,1,,-7.18,-8.41,-0.03,2.73,-0.29,5.95,-0.42,0.07,0.23,0.08,18.56,18.07,18.56,20.19,True,2026-05-08,high_risk
JP90C0006EK9,楽天グローバル・バランス（安定型）,豊饒の木,楽天,バランス（固定配分・低リスク）-為替ヘッジ無し,バランス,world,0.06,0.62,0.11,False,False,False,False,False,none,1.023,2.0,12.0,4,4,4,3,7.93,15.96,9.48,6.8,5.46,4.52,2.04,1.08,0.8,0.64,7.07,8.42,8.47,8.84,True,2026-05-08,broad_market|global_diversified|medium_risk
JP90C000HR60,ｅＭＡＸＩＳ Ｎｅｏ ウェアラブル,,三菱UFJｱｾｯﾄ,先進国株式（広域）-為替ヘッジ無し,株式,world,0.06,0.62,0.11,False,True,False,False,False,none,0.792,9.27,7.0,1,1,1,,-21.65,2.24,2.17,1.36,,15.42,0.18,0.19,0.17,,21.36,20.97,23.78,,True,2026-05-08,leverage_warning|very_high_risk
JP90C00095F5,野村ｲﾝﾃﾞｯｸｽﾌｧﾝﾄﾞ･外国株式･為替ﾍｯｼﾞ型,Ｆｕｎｄｓ-ｉ 外国株式・為替ヘッジ型,野村,先進国株式（広域）-為替ヘッジ有り,株式,world,0.06,0.62,0.11,False,False,False,False,False,none,0.605,104.88,12.0,3,4,4,5,8.42,22.92,13.38,7.18,10.15,9.24,1.92,1.07,0.55,0.7,10.75,12.11,14.17,15.47,True,2026-05-08,medium_risk
JP90C000B2X7,SMT新興国REITｲﾝﾃﾞｯｸｽ･ｵｰﾌﾟﾝ,,三井住友TAM,海外REIT（除く北米）-為替ヘッジ無し,不動産,em,0.0,0.0,1.0,False,False,False,False,False,none,0.66,5.12,12.0,5,5,5,1,23.32,41.08,18.88,15.65,4.67,1.84,2.76,1.36,1.11,0.33,12.56,13.17,13.84,18.94,True,2026-05-08,em_centric|medium_risk|tech_heavy
JP90C0000JU0,明治安田日本債券ファンド,ホワイトウィング,明治安田ＡＭ,国内債券,債券,japan,1.0,0.0,0.0,False,False,False,False,False,none,0.605,304.49,12.0,3,3,3,3,-11.34,-8.07,-5.68,-4.72,-2.25,0.36,-2.48,-1.28,-1.16,-0.67,3.62,4.73,4.23,3.42,True,2026-05-08,japan_centric|low_risk
JP90C000N7M5,Smart-i Select 全世界株式ｲﾝﾃﾞｯｸｽ,,りそな,先進国・新興国株式（広域）-為替ヘッジ無し,株式,world,0.06,0.62,0.11,False,False,False,False,False,none,0.1144,272.87,4.0,2,4,,,20.84,40.76,25.32,,,20.54,2.98,1.6,,,11.51,14.65,,,True,2026-05-08,global_diversified|medium_risk
JP90C000J5V6,東京海上ﾀｰｹﾞｯﾄ･ｲﾔｰ･ﾌｧﾝﾄﾞ2055,年金コンパス,東京海上,バランス（固定配分・中リスク）-為替ヘッジ無し,バランス,world,0.06,0.62,0.11,False,False,False,False,False,none,0.308,32.59,7.0,3,4,5,,13.09,24.46,15.42,11.5,,11.88,2.86,1.47,1.1,,7.56,9.91,10.21,,True,2026-05-08,medium_risk
JP90C0001555,ハイブリッド・セレクション,変幻自在,AMOne,国内株式,株式,world,0.06,0.62,0.11,False,False,False,False,False,none,1.188,334.23,12.0,3,5,3,5,31.15,50.2,28.6,16.52,14.96,10.63,2.68,1.48,0.96,0.84,15.46,17.92,17.37,18.73,True,2026-05-08,high_risk
JP90C000CTG7,先進国好配当株式ファンド（年２回決算型）,,三菱UFJｱｾｯﾄ,先進国株式（広域）-為替ヘッジ無し,株式,world,0.06,0.62,0.11,False,False,False,False,False,none,1.375,303.89,12.0,4,3,4,3,23.9,41.46,22.54,20.5,16.06,15.74,3.12,1.49,1.31,0.91,11.16,14.1,15.03,18.06,True,2026-05-08,developed_only|dividend_focused|high_risk
JP90C000F8K7,SMT世界経済ｲﾝﾃﾞｯｸｽ･ｵｰﾌﾟﾝ(株式ｼﾌﾄ型),,三井住友TAM,バランス（固定配分・高リスク）-為替ヘッジ無し,バランス,world,0.06,0.62,0.11,False,False,False,False,False,none,0.605,380.66,7.0,5,3,2,,20.69,37.56,20.94,14.3,,11.89,3.11,1.56,1.08,,10.26,12.49,13.05,,True,2026-05-08,global_diversified|medium_risk
JP90C000KQ41,ﾌｨﾃﾞﾘﾃｨ･ﾀｰｹﾞｯﾄ･ﾃﾞｰﾄ･ﾌｧﾝﾄﾞ(ﾍﾞｰｼｯｸ)2055,将来設計（ベーシック）,ﾌｨﾃﾞﾘﾃｨ,バランス（固定配分・高リスク）-為替リスク低減,バランス,world,0.06,0.62,0.11,False,False,False,False,False,none,0.39,7.57,7.0,3,5,4,,17.15,34.72,22.67,16.56,,19.03,3.08,1.66,1.12,,9.65,12.63,14.42,,True,2026-05-08,medium_risk
JP90C000EJR1,米国ｲﾝﾌﾗ関連株式ﾌｧﾝﾄﾞ&lt;為替ﾍｯｼﾞあり&gt;,グレート・アメリカ＜為替ヘッジあり＞,AMOne,米国株式-為替ヘッジ有り,株式,us,0.0,1.0,0.0,False,False,False,False,False,none,1.705,23.33,7.0,4,3,4,,43.04,45.86,18.72,10.54,,11.54,2.49,1.08,0.63,,15.46,17.03,18.47,,True,2026-05-08,high_risk|us_centric
JP90C000C9Z6,ｽﾊﾟｰｸｽ･ﾌﾟﾚﾐｱﾑ･日本超小型株式ﾌｧﾝﾄﾞ,価値発掘,ｽﾊﾟｰｸｽ,国内株式（中小型）,株式,japan,1.0,0.0,0.0,False,False,False,False,False,none,1.914,106.76,12.0,1,1,3,4,14.43,27.83,11.82,10.45,13.48,13.11,2.18,0.9,0.83,0.82,11.27,12.97,12.74,17.29,True,2026-05-08,japan_centric|medium_risk
JP90C0002EA9,ＪＰＭワールド・ＣＢ・オープン,,JPﾓﾙｶﾞﾝ,先進国転換社債-為替リスク低減,株式,world,0.06,0.62,0.11,False,False,False,False,False,none,1.65,94.9,12.0,,,,,3.43,15.27,6.79,-0.34,3.87,4.36,2.16,0.95,0.02,0.36,6.38,6.85,12.21,12.28,True,2026-05-08,medium_risk
JP90C000FXA5,たわらﾉｰﾛｰﾄﾞ 最適化ﾊﾞﾗﾝｽ(成長型),,AMOne,バランス（可変配分）-為替リスク低減,バランス,world,0.06,0.62,0.11,False,False,False,False,False,none,0.55,6.38,7.0,4,4,4,,12.09,22.28,12.78,8.5,,7.43,2.82,1.42,0.93,,7.0,8.51,9.05,,True,2026-05-08,medium_risk
JP90C0001V90,好配当ジャパン・オープン,株式時代,SOMPO,国内株式,株式,world,0.06,0.62,0.11,False,False,False,False,False,none,1.21,42.05,12.0,3,3,4,3,46.23,47.64,27.01,20.6,14.15,7.67,2.67,1.73,1.43,0.84,14.84,14.25,13.64,17.46,True,2026-05-08,dividend_focused|medium_risk
JP90C000H084,ﾆｯｾｲ宇宙関連ｸﾞﾛｰﾊﾞﾙ株式ﾌｧﾝﾄﾞ(年2回決算型･為替ﾍｯｼﾞあり),スペース革命,ﾆｯｾｲ,先進国株式（広域）-為替ヘッジ有り,株式,world,0.06,0.62,0.11,False,False,False,False,False,none,1.8975,27.25,7.0,1,3,3,,-13.66,10.35,12.18,5.79,,9.54,0.7,0.85,0.41,,14.74,14.32,16.73,,True,2026-05-08,high_risk
JP90C000CHX7,日本連続増配成長株オープン,,SBI岡三,国内株式,株式,japan,1.0,0.0,0.0,False,False,False,False,False,none,1.584,51.3,12.0,1,1,1,1,19.73,30.3,17.18,9.95,8.79,8.2,1.86,1.08,0.7,0.61,14.47,15.6,14.77,15.89,True,2026-05-08,active_diversified|growth_focused|japan_centric|medium_risk
JP90C0008527,明治安田米国中小型成長株式ファンド,,明治安田ＡＭ,米国株式-為替ヘッジ無し,株式,us,0.0,1.0,0.0,False,False,False,False,False,none,2.09,273.3,12.0,2,2,1,2,23.9,40.28,18.68,8.91,15.19,14.65,1.76,0.9,0.47,0.68,20.07,21.32,24.46,25.7,True,2026-05-08,active_diversified|growth_focused|us_centric|very_high_risk
JP90C000PBP8,ＮＺＡＭ・ベータ　先進国株式,,農中全共連,先進国株式（広域）-為替ヘッジ無し,株式,world,0.06,0.62,0.11,False,False,False,False,False,none,0.22,66.42,4.0,3,4,,,17.94,38.14,24.74,,,26.13,2.74,1.54,,,11.83,14.88,,,True,2026-05-08,developed_only|medium_risk
JP90C00002W6,外国株式インデックスファンド,,三井住友TAM,先進国株式（広域）-為替ヘッジ無し,株式,world,0.06,0.62,0.11,True,False,False,False,False,none,0.55,128.1,12.0,3,4,4,4,18.16,38.04,24.6,19.17,16.9,8.54,2.75,1.53,1.14,0.93,11.76,14.93,16.4,18.61,True,2026-05-08,high_risk|passive_index
JP90C00055G7,アセアン成長国株ファンド,,三井住友DS,東南アジア株式-為替ヘッジ無し,株式,world,0.06,0.62,0.11,False,False,False,False,False,none,1.903,12.09,12.0,,,,,2.51,13.75,6.25,8.88,5.39,2.8,1.06,0.5,0.69,0.43,12.29,13.45,13.41,14.73,True,2026-05-08,medium_risk
JP90C000PDG3,米国超長期ﾌﾟﾗｲﾑ社債ﾌｧﾝﾄﾞ(奇数月分配型),ＵＳプライム,ｱﾓｰｳﾞｧAM,北米債券-為替ヘッジ無し,債券,us,0.0,1.0,0.0,False,False,False,False,False,none,0.759,55.22,4.0,2,2,,,-2.14,12.82,5.56,,,6.88,1.17,0.5,,,10.22,11.55,,,True,2026-05-08,medium_risk|us_centric
JP90C000D1Y5,eMAXIS最適化ﾊﾞﾗﾝｽ(ﾏｲﾃﾞｨﾌｪﾝﾀﾞｰ),,三菱UFJｱｾｯﾄ,バランス（固定配分・中リスク）-為替ヘッジ無し,バランス,world,0.06,0.62,0.11,False,False,False,False,False,none,0.55,70.86,12.0,2,2,2,3,6.92,14.91,9.15,6.61,5.89,5.84,2.44,1.27,0.91,0.74,5.51,6.83,7.15,8.11,True,2026-05-08,low_risk
JP90C0005UP6,One高格付ｲﾝｶﾑ･ｵｰﾌﾟﾝ(1年決算ｺｰｽ),ハッピークローバー１年,AMOne,先進国債券（広域・高格付）-為替ヘッジ無し,債券,world,0.06,0.62,0.11,False,False,False,False,False,none,1.1,9.68,12.0,4,2,2,2,13.01,14.2,6.76,3.91,3.53,4.29,1.72,0.77,0.44,0.4,7.55,8.6,9.28,9.48,True,2026-05-08,medium_risk
JP90C00015U2,ドルマネーファンド,,AMOne,北米債券-為替ヘッジ無し,債券,world,0.06,0.62,0.11,False,False,False,False,False,none,1.045,55.44,12.0,,,,,6.75,10.83,8.38,10.03,5.15,1.58,1.1,0.85,1.01,0.59,9.14,9.65,9.74,9.05,True,2026-05-08,medium_risk
JP90C0008SA6,ﾛｯｸﾌｪﾗｰ･ｵｰﾙｱﾒﾘｶ株式ﾌｧﾝﾄﾞ,ビバ・アメリカズ,ｱﾓｰｳﾞｧAM,米国株式-為替ヘッジ無し,株式,world,0.06,0.62,0.11,False,False,False,False,False,none,1.958,99.31,12.0,4,5,4,4,23.62,43.05,28.43,20.69,17.48,15.69,2.63,1.56,1.12,0.92,13.75,16.78,18.17,19.61,True,2026-05-08,high_risk
JP90C0001ED5,Ｊ・エクイティ,Ｋ２０００,三菱UFJｱｾｯﾄ,国内株式,株式,world,0.06,0.62,0.11,False,False,False,False,False,none,1.76,93.24,12.0,5,4,2,4,48.52,97.1,34.13,17.38,16.64,4.51,2.92,1.33,0.81,0.82,24.13,24.18,22.85,21.55,True,2026-05-08,very_high_risk
JP90C000QBU6,ｲﾝﾃﾞｯｸｽﾌｧﾝﾄﾞJﾘｰﾄ(東証REIT指数)偶数月分配型,,ｱﾓｰｳﾞｧAM,国内REIT,不動産,world,0.06,0.62,0.11,False,False,False,False,False,none,0.715,9.09,1.5,1,,,,-5.08,11.37,,,,5.59,1.16,,,,9.13,,,,True,2026-05-08,medium_risk|tech_heavy
JP90C00025H8,ｱﾗｲｱﾝｽ･ﾊﾞｰﾝｽﾀｲﾝ･米国成長株投信Aｺｰｽ(為替ﾍｯｼﾞあり),,ｱﾗｲｱﾝｽ,米国株式-為替ヘッジ有り,株式,us,0.0,1.0,0.0,False,False,False,False,False,none,1.727,1039.42,12.0,1,2,2,3,-3.49,12.72,11.5,4.46,11.8,8.33,0.88,0.76,0.32,0.71,14.09,15.48,18.48,17.79,True,2026-05-08,active_diversified|growth_focused|high_risk|us_centric
JP90C00027K8,ﾋﾟｸﾃ･ﾌﾟﾚﾐｱﾑ･ﾌﾞﾗﾝﾄﾞ･ﾌｧﾝﾄﾞ(3ヵ月決算型),,ﾋﾟｸﾃ,先進国株式（広域）-為替ヘッジ無し,株式,world,0.06,0.62,0.11,False,False,False,False,False,none,1.65,373.69,12.0,1,1,1,2,-7.05,10.29,6.04,9.21,12.68,8.69,0.63,0.41,0.54,0.67,16.63,17.28,19.6,21.12,True,2026-05-08,high_risk
JP90C000G7S1,ﾆｯｾｲ･ｲﾝﾄﾞ厳選株式ﾌｧﾝﾄﾞ(資産成長型),,ﾆｯｾｲ,インド株式-為替ヘッジ無し,株式,world,0.06,0.62,0.11,False,False,False,False,False,none,1.925,4.55,7.0,3,1,2,,-19.83,-2.41,8.48,12.46,,8.13,-0.11,0.58,0.77,,16.16,15.75,16.83,,True,2026-05-08,active_concentrated|high_risk
JP90C000GHC2,北米リート・ファンド,,SBI岡三,北米REIT-為替ヘッジ無し,不動産,world,0.06,0.62,0.11,False,False,False,False,False,none,1.65,21.27,7.0,4,3,2,,34.57,24.93,15.78,12.3,,9.9,1.95,1.07,0.75,,11.46,14.41,17.12,,True,2026-05-08,high_risk
JP90C000E7E3,のむラップ・ファンド（やや積極型）,,野村,バランス（固定配分・高リスク）-為替ヘッジ無し,バランス,world,0.06,0.62,0.11,False,False,False,False,False,none,1.4355,1341.73,7.0,3,1,1,,12.86,24.11,15.3,11.44,,9.74,2.72,1.41,1.01,,7.83,10.3,11.18,,True,2026-05-08,medium_risk
JP90C0009L37,野村ｲﾝﾃﾞｯｸｽﾌｧﾝﾄﾞ･内外7資産ﾊﾞﾗﾝｽ･為替ﾍｯｼﾞ型,Funds-i 内外7資産バランス・為替ヘッジ型,野村,バランス（固定配分・中リスク）-為替ヘッジ有り,バランス,world,0.06,0.62,0.11,False,False,False,False,False,none,0.55,160.34,12.0,1,1,1,1,6.65,13.71,7.24,3.0,4.4,5.03,2.05,0.94,0.36,0.45,6.06,7.43,8.63,10.57,True,2026-05-08,medium_risk
JP90C000RNC7,ﾌｨﾃﾞﾘﾃｨ･欧州割安成長株投信 Bｺｰｽ(為替ﾍｯｼﾞなし),テンバガー・ハンター・ヨーロッパ,ﾌｨﾃﾞﾘﾃｨ,欧州株式-為替ヘッジ無し,株式,world,0.06,0.62,0.11,False,False,False,False,False,none,1.6445,699.22,1.5,2,,,,19.18,22.15,,,,19.98,1.66,,,,12.16,,,,True,2026-05-08,active_diversified|growth_focused|medium_risk|value_focused
JP90C000R6P6,りそなﾀｰｹﾞｯﾄ･ｲﾔｰ･ﾌｧﾝﾄﾞ2035(運用継続型),,りそな,バランス（固定配分・中リスク）-為替リスク低減,バランス,world,0.06,0.62,0.11,False,False,False,False,False,none,0.308,0.33,1.5,2,,,,6.44,14.74,,,,8.23,2.45,,,,5.41,,,,True,2026-05-08,medium_risk
JP90C0002AB5,ＡＬＡＭＣＯ クオンツ 日本株オープン,,朝日ﾗｲﾌ,国内株式,株式,japan,1.0,0.0,0.0,False,False,False,False,False,none,1.32,47.57,12.0,3,5,5,4,36.13,49.45,28.84,18.89,14.42,5.33,3.0,1.61,1.16,0.85,13.54,16.37,15.8,17.52,True,2026-05-08,high_risk|japan_centric
JP90C000PE32,ﾌｧｲﾌﾞｽﾀｰ日経225ﾆｭｰﾄﾗﾙﾌｧﾝﾄﾞ,,ﾌｧｲﾌﾞｽﾀｰ,分類対象外,株式,japan,1.0,0.0,0.0,True,False,False,False,False,none,0.99,0.42,4.0,,,,,-0.83,-1.51,0.88,,,0.89,-0.43,0.15,,,4.77,4.53,,,True,2026-05-08,japan_centric|low_risk|passive_index
JP90C000NPY5,お金のﾃﾞｻﾞｲﾝ･ｴｯｾﾝｼｬﾙ･ﾌﾟﾛﾀﾞｸﾂ･ﾌｧﾝﾄﾞ,明日への礎,お金のﾃﾞｻﾞｲﾝ,先進国株式（広域）-為替ヘッジ無し,株式,world,0.06,0.62,0.11,False,False,False,False,False,none,1.65,48.2,4.0,4,2,,,41.87,57.64,15.4,,,11.59,3.54,0.97,,,12.98,15.66,,,True,2026-05-08,high_risk
JP90C00012M6,ＤＬＩＢＪ公社債オープン（中期コース）,,AMOne,国内債券,債券,world,0.06,0.62,0.11,False,False,False,False,False,none,0.715,302.75,12.0,5,4,4,4,-5.79,-4.41,-3.32,-2.67,-1.41,0.74,-2.29,-1.28,-1.14,-0.66,2.23,2.85,2.5,2.21,True,2026-05-08,low_risk
JP90C000F070,UBS公益･金融社債ﾌｧﾝﾄﾞ(年1回決算型･為替ﾍｯｼﾞなし),めばえ年１,ＵＢＳ,先進国債券（広域・高格付）-為替ヘッジ無し,債券,world,0.06,0.62,0.11,False,False,False,False,False,none,1.155,13.64,7.0,5,4,4,,4.22,13.15,9.21,6.51,,5.22,1.64,1.14,0.81,,7.33,7.74,7.98,,True,2026-05-08,low_risk
JP90C0004CS1,スパークス・Ｍ＆Ｓ・ジャパン・ファンド,華咲く中小型,ｽﾊﾟｰｸｽ,国内株式（中小型）,株式,world,0.06,0.62,0.11,False,False,False,False,False,none,2.057,177.41,12.0,3,3,4,4,36.57,42.53,20.68,12.97,14.08,10.27,2.57,1.32,0.87,0.82,13.98,14.89,15.24,17.98,True,2026-05-08,high_risk
JP90C000GMV2,楽天･ｲﾝｶﾑ戦略ﾎﾟｰﾄﾌｫﾘｵ･ｱﾙﾌｧ(奇数月決算型),みのたけ,楽天,バランス（固定配分・低リスク）-為替リスク低減,バランス,world,0.06,0.62,0.11,False,False,False,False,False,none,1.517,26.02,7.0,5,3,4,,6.39,11.08,6.52,3.75,,4.06,1.76,0.86,0.46,,5.72,7.32,8.34,,True,2026-05-08,medium_risk
JP90C000B2T5,SMT インデックスバランス・オープン,,三井住友TAM,バランス（固定配分・中リスク）-為替ヘッジ無し,バランス,world,0.06,0.62,0.11,True,False,False,False,False,none,0.55,33.05,12.0,4,5,4,3,16.79,28.41,16.26,11.78,9.58,7.0,3.0,1.51,1.06,0.79,8.27,10.16,10.9,12.46,True,2026-05-08,broad_market|medium_risk|passive_index
JP90C000N561,My SMT J-REITｲﾝﾃﾞｯｸｽ(ﾉｰﾛｰﾄﾞ),,三井住友TAM,国内REIT,不動産,world,0.06,0.62,0.11,False,False,False,False,False,none,0.275,62.87,4.0,4,4,,,-4.53,11.98,4.71,,,2.95,1.22,0.49,,,9.13,9.77,,,True,2026-05-08,medium_risk|tech_heavy
JP90C000PAP0,東京海上･米国短期国債ﾌｧﾝﾄﾞ(年1回決算型),コメタン,東京海上,北米債券-為替ヘッジ無し,債券,us,0.0,1.0,0.0,False,False,False,False,False,none,0.462,1.27,4.0,2,4,,,7.42,11.43,8.9,,,10.33,1.16,0.9,,,9.13,9.66,,,True,2026-05-08,medium_risk|us_centric
JP90C000RD56,ｸﾞﾛｰﾊﾞﾙCoCo債ﾌｧﾝﾄﾞ(為替ﾍｯｼﾞあり･1年決算型),,ｱﾓｰｳﾞｧAM,ハイイールド債券（低格付）-為替ヘッジ有り,債券,world,0.06,0.62,0.11,False,False,False,False,False,none,1.785,2.71,1.5,2,,,,-0.76,4.11,,,,2.95,1.25,,,,2.75,,,,True,2026-05-08,medium_risk
JP90C000J5U8,東京海上ﾀｰｹﾞｯﾄ･ｲﾔｰ･ﾌｧﾝﾄﾞ2045,年金コンパス,東京海上,バランス（固定配分・中リスク）-為替ヘッジ無し,バランス,world,0.06,0.62,0.11,False,False,False,False,False,none,0.308,52.0,7.0,3,4,4,,11.75,22.47,14.48,10.87,,11.2,2.78,1.43,1.08,,7.16,9.55,9.87,,True,2026-05-08,medium_risk
JP90C000D1X7,eMAXIS最適化ﾊﾞﾗﾝｽ(ﾏｲｺﾞｰﾙｷｰﾊﾟｰ),,三菱UFJｱｾｯﾄ,バランス（固定配分・低リスク）-為替ヘッジ無し,バランス,world,0.06,0.62,0.11,False,False,False,False,False,none,0.55,74.43,12.0,3,3,3,3,1.59,7.23,4.6,3.31,3.2,3.17,1.56,0.88,0.63,0.6,4.14,4.91,5.05,5.39,True,2026-05-08,low_risk
JP90C000HXJ2,ＳＭＴ　ＭＩＲＡＩｎｄｅｘ　ｅビジネス,,三井住友TAM,先進国・新興国株式（広域）-為替ヘッジ無し,株式,world,0.06,0.62,0.11,False,False,False,False,False,none,0.77,5.42,7.0,2,3,1,,-17.94,14.87,24.31,3.96,,12.56,0.81,1.19,0.27,,18.36,19.65,25.23,,True,2026-05-08,very_high_risk
JP90C000KXG2,HSBCESG米国株式ｲﾝﾃﾞｯｸｽﾌｧﾝﾄﾞ,,ＨＳＢＣ,米国株式-為替ヘッジ無し,株式,us,0.0,1.0,0.0,False,False,False,False,False,none,0.2465,27.98,7.0,4,3,4,,18.54,41.68,24.13,19.34,,21.54,2.78,1.42,1.1,,12.65,15.93,17.23,,True,2026-05-08,high_risk|thematic|us_centric
JP90C000NWH6,Smart-i 世界株式気候変動ｲﾝﾃﾞｯｸｽ,,りそな,先進国株式（広域）-為替ヘッジ無し,株式,world,0.06,0.62,0.11,False,False,False,False,False,none,0.308,9.81,4.0,3,4,,,14.18,38.0,27.1,,,25.48,2.61,1.57,,,12.4,15.93,,,True,2026-05-08,global_diversified|high_risk
JP90C0001UW1,ﾊｯﾋﾟｰｴｲｼﾞﾝｸﾞ･ﾌｧﾝﾄﾞ ﾊｯﾋﾟｰｴｲｼﾞﾝｸﾞ 40,,SOMPO,バランス（固定配分・中リスク）-為替ヘッジ無し,バランス,world,0.06,0.62,0.11,False,False,False,False,False,none,1.32,378.05,12.0,1,4,5,4,13.71,18.32,11.78,8.72,7.17,3.56,2.46,1.51,1.15,0.8,6.68,7.36,7.34,9.11,True,2026-05-08,low_risk
JP90C0006ZD9,野村ｸﾗｳﾄﾞ関連株式投信Aｺｰｽ(為替ﾍｯｼﾞあり),,野村,米国株式-為替ヘッジ有り,株式,world,0.06,0.62,0.11,False,False,False,False,False,none,1.837,71.44,12.0,5,5,4,5,76.95,88.99,35.15,13.43,19.9,13.85,2.63,1.31,0.59,0.81,25.3,25.14,27.76,26.74,True,2026-05-08,very_high_risk
JP90C0001V58,みずほ好配当日本株オープン,,SOMPO,国内株式,株式,japan,1.0,0.0,0.0,False,False,False,False,False,none,1.21,411.82,12.0,3,3,4,3,46.43,47.78,26.98,20.58,14.16,8.6,2.66,1.72,1.42,0.84,14.91,14.32,13.72,17.57,True,2026-05-08,dividend_focused|japan_centric|medium_risk
JP90C0006G37,野村世界業種別投資ｼﾘｰｽﾞ(世界ﾍﾙｽｹｱ株投資),,野村,先進国株式（広域）-為替ヘッジ無し,株式,world,0.06,0.62,0.11,False,False,False,False,False,none,1.65,79.43,12.0,1,1,2,1,3.03,11.97,6.45,11.16,10.71,12.14,0.74,0.48,0.76,0.68,16.16,14.78,15.13,16.89,True,2026-05-08,global_diversified|high_risk
JP90C000FZ21,ﾆｯｾｲ･ｲﾝﾃﾞｯｸｽﾊﾞﾗﾝｽﾌｧﾝﾄﾞ(8資産均等型)&lt;購入･換金手数料なし&gt;,,ﾆｯｾｲ,バランス（固定配分・中リスク）-為替ヘッジ無し,バランス,world,0.06,0.62,0.11,False,False,False,False,False,none,0.1749,10.97,7.0,4,4,3,,12.89,23.69,13.45,9.18,,8.59,2.89,1.45,0.95,,7.25,8.78,9.5,,True,2026-05-08,broad_market|medium_risk
JP90C000SLW7,ｲｰｽﾄｽﾌﾟﾘﾝｸﾞ･ｸﾞﾛｰﾊﾞﾙ･ﾀﾞｲﾅﾐｯｸ株式ﾌｧﾝﾄﾞ(年2回決算型),,ｲｰｽﾄｽﾌﾟﾘﾝｸﾞ,先進国・新興国株式（広域）-為替ヘッジ無し,株式,world,0.06,0.62,0.11,False,False,False,False,False,none,1.72,4.22,,,,,,,,,,,,,,,,,,,,True,2026-05-08,medium_risk
JP90C0002181,日興中小型グロース・ファンド,,ｱﾓｰｳﾞｧAM,国内株式（中小型）,株式,world,0.06,0.62,0.11,False,False,False,False,False,none,2.057,128.76,12.0,4,4,4,4,47.48,58.99,21.44,12.99,13.29,7.99,2.8,1.15,0.77,0.72,16.92,18.12,17.63,19.95,True,2026-05-08,growth_focused|high_risk
JP90C000EA47,次世代米国代表株ﾌｧﾝﾄﾞ(為替ﾍｯｼﾞあり),メジャー・リーダー（ヘッジあり）,三菱UFJｱｾｯﾄ,米国株式-為替ヘッジ有り,株式,us,0.0,1.0,0.0,False,False,False,False,False,none,1.595,14.69,7.0,2,2,3,,0.84,23.19,12.93,5.52,,8.94,1.42,0.86,0.39,,15.05,15.08,17.03,,True,2026-05-08,high_risk|us_centric
JP90C000Q9Y3,SMTAMｲﾝﾄﾞ株式ｲﾝﾃﾞｯｸｽ･ｵｰﾌﾟﾝ,,三井住友TAM,インド株式-為替ヘッジ無し,株式,world,0.06,0.62,0.11,False,False,False,False,False,none,0.308,73.49,1.5,2,,,,-22.17,-5.25,,,,2.89,-0.28,,,,16.6,,,,True,2026-05-08,medium_risk
JP90C0006331,キャピタル日本株式ファンド,,ｷｬﾋﾟﾀﾙ,国内株式,株式,japan,1.0,0.0,0.0,False,False,False,False,False,none,1.584,564.67,12.0,1,1,1,1,17.36,31.26,16.44,11.01,11.56,11.94,2.07,0.99,0.72,0.7,13.26,16.36,16.08,17.85,True,2026-05-08,high_risk|japan_centric
JP90C0009Q24,OneJ-REITｲﾝﾃﾞｯｸｽﾌｧﾝﾄﾞ(年1回決算型),ビルオーナー（年１回決算型）,AMOne,国内REIT,不動産,world,0.06,0.62,0.11,False,False,False,False,False,none,0.715,65.14,12.0,2,2,2,2,-4.9,11.62,4.32,1.85,3.46,5.44,1.18,0.45,0.2,0.27,9.13,9.76,11.19,19.59,True,2026-05-08,medium_risk|tech_heavy
JP90C0009YM7,みずほ好配当日本株ｵｰﾌﾟﾝ(年1回決算型),,SOMPO,国内株式,株式,japan,1.0,0.0,0.0,False,False,False,False,False,none,1.21,47.11,12.0,3,3,4,3,46.22,47.53,26.85,20.48,14.17,12.44,2.67,1.73,1.42,0.84,14.8,14.22,13.63,17.48,True,2026-05-08,dividend_focused|japan_centric|medium_risk
JP90C0001V66,損保ｼﾞｬﾊﾟﾝ外国債券ﾌｧﾝﾄﾞ(為替ﾍｯｼﾞなし),,SOMPO,先進国債券（広域・高格付）-為替ヘッジ無し,債券,world,0.06,0.62,0.11,False,False,False,False,False,none,0.99,11.42,12.0,1,1,1,2,4.11,9.97,6.75,4.48,3.42,2.98,1.37,0.92,0.61,0.5,6.67,7.07,7.29,7.13,True,2026-05-08,low_risk
JP90C0009616,Ｏｎｅ新興企業日本株ファンド,,AMOne,国内株式,株式,japan,1.0,0.0,0.0,False,False,False,False,False,none,1.738,93.73,12.0,1,1,1,1,-10.2,7.71,6.78,-0.24,5.63,6.5,0.53,0.44,0.07,0.38,15.01,18.11,19.15,19.48,True,2026-05-08,high_risk|japan_centric
JP90C0005580,Ｏｎｅ新興市場日本株ファンド,,AMOne,国内株式（中小型）,株式,japan,1.0,0.0,0.0,False,False,False,False,False,none,1.672,93.97,12.0,1,1,1,3,14.29,16.31,2.8,0.42,12.74,18.56,0.88,0.22,0.13,0.59,18.4,22.88,24.06,25.78,True,2026-05-08,japan_centric|very_high_risk
JP90C000Q9X5,ﾆｯｾｲ･S米国連続増配株式ｲﾝﾃﾞｯｸｽﾌｧﾝﾄﾞ&lt;購入･換金手数料なし&gt;,,ﾆｯｾｲ,米国株式-為替ヘッジ無し,株式,us,0.0,1.0,0.0,False,False,False,False,False,none,0.11,4.98,1.5,1,,,,19.57,20.22,,,,12.08,1.44,,,,12.95,,,,True,2026-05-08,medium_risk|us_centric
JP90C000FPY1,ﾌｨﾃﾞﾘﾃｨ･USﾊｲ･ｲｰﾙﾄﾞ･ﾌｧﾝﾄﾞ(資産成長型)C(為替ﾍｯｼﾞあり),,ﾌｨﾃﾞﾘﾃｨ,ハイイールド債券（低格付）-為替ヘッジ有り,債券,world,0.06,0.62,0.11,False,False,False,False,False,none,1.65,30.33,7.0,5,4,5,,2.22,5.4,2.63,0.24,,1.39,1.89,0.63,0.04,,2.47,3.75,5.59,,True,2026-05-08,low_risk
JP90C000CTD4,ｅＭＡＸＩＳ 欧州リートインデックス,,三菱UFJｱｾｯﾄ,海外REIT（除く北米）-為替ヘッジ無し,不動産,world,0.06,0.62,0.11,True,False,False,False,False,none,0.66,9.18,12.0,2,3,3,1,13.94,18.04,11.09,5.58,2.36,1.95,1.09,0.64,0.35,0.22,15.87,18.75,21.61,25.27,True,2026-05-08,high_risk|passive_index
JP90C000R7M1,ﾆｯｾｲS&amp;P500ﾘｶﾊﾞﾘｰ戦略株式ﾌｧﾝﾄﾞ,,ﾆｯｾｲ,米国株式-為替ヘッジ無し,株式,world,0.06,0.62,0.11,False,False,False,False,False,none,1.7825,65.59,1.5,4,,,,41.28,61.26,,,,25.23,2.53,,,,19.47,,,,True,2026-05-08,medium_risk
JP90C000NM83,楽天･資産づくりﾌｧﾝﾄﾞぷらす+(なかなかｺｰｽ),,楽天,バランス（固定配分・中リスク）-為替リスク低減,バランス,world,0.06,0.62,0.11,False,False,False,False,False,none,0.9975,2.84,4.0,3,3,,,8.07,16.09,11.26,,,8.66,2.15,1.25,,,6.75,8.56,,,True,2026-05-08,medium_risk
JP90C00002X4,外国債券インデックスファンド,,三井住友TAM,先進国債券（広域・高格付）-為替ヘッジ無し,債券,world,0.06,0.62,0.11,True,False,False,False,False,none,0.55,58.42,12.0,2,2,2,2,5.84,11.43,7.66,5.18,3.76,4.19,1.51,1.01,0.7,0.53,6.91,7.27,7.41,7.31,True,2026-05-08,low_risk|passive_index
JP90C0002173,日興キャッシュリッチ・ファンド,,ｱﾓｰｳﾞｧAM,国内株式,株式,world,0.06,0.62,0.11,False,False,False,False,False,none,2.057,254.68,12.0,3,4,4,5,47.6,53.78,27.72,17.89,15.34,10.51,3.16,1.66,1.15,0.92,13.79,15.31,15.11,17.13,True,2026-05-08,high_risk
JP90C0009RM1,ﾗｻｰﾙ･ｸﾞﾛｰﾊﾞﾙREITﾌｧﾝﾄﾞ(1年決算型),,ｱﾓｰｳﾞｧAM,海外REIT（含む北米）-為替ヘッジ無し,不動産,world,0.06,0.62,0.11,False,False,False,False,False,none,1.65,64.38,12.0,2,3,5,3,29.93,23.79,14.31,12.31,8.03,8.9,1.85,1.01,0.78,0.49,11.61,13.85,16.41,19.56,True,2026-05-08,high_risk|tech_heavy
JP90C000DDP0,日本金融ﾊｲﾌﾞﾘｯﾄﾞ証券ｵｰﾌﾟﾝ(年1回決算型) 円ﾍｯｼﾞなしｺｰｽ,ジェイブリッド年１,SOMPO,ハイブリッド証券（高格付）-為替ヘッジ無し,株式,japan,1.0,0.0,0.0,False,False,False,False,False,none,0.924,6.21,7.0,,,,,3.18,14.13,9.72,8.49,,7.16,1.51,1.07,0.91,,8.58,8.74,9.24,,True,2026-05-08,japan_centric|medium_risk
JP90C000FJY4,つみたてバランスファンド,,りそな,バランス（固定配分・高リスク）-為替ヘッジ無し,バランス,world,0.06,0.62,0.11,False,False,False,False,False,none,0.237,994.1,7.0,1,2,2,,13.06,24.35,14.73,10.56,,8.63,2.87,1.47,1.05,,7.48,9.47,9.88,,True,2026-05-08,broad_market|medium_risk
JP90C0005JD5,ニッセイ健康応援ファンド,,ﾆｯｾｲ,国内株式,株式,world,0.06,0.62,0.11,False,False,False,False,False,none,1.6115,183.67,12.0,1,1,1,1,27.05,31.54,9.78,4.45,7.23,8.71,2.06,0.66,0.35,0.49,13.46,15.53,15.51,17.12,True,2026-05-08,high_risk
JP90C000N579,My SMT ｸﾞﾛｰﾊﾞﾙREITｲﾝﾃﾞｯｸｽ(ﾉｰﾛｰﾄﾞ),,三井住友TAM,海外REIT（含む北米）-為替ヘッジ無し,不動産,world,0.06,0.62,0.11,False,False,False,False,False,none,0.297,27.2,4.0,5,5,,,29.16,26.05,15.32,,,7.78,2.03,1.03,,,11.43,14.62,,,True,2026-05-08,medium_risk|tech_heavy
JP90C0009DB4,DWSｸﾞﾛｰﾊﾞﾙ公益債券ﾌｧﾝﾄﾞ(年1回決算型)Cｺｰｽ(為替ﾍｯｼﾞあり),,ﾄﾞｲﾁｪ,先進国債券（広域・高格付）-為替ヘッジ有り,債券,world,0.06,0.62,0.11,False,False,False,False,False,none,1.584,40.93,12.0,4,3,2,3,-3.92,0.55,-1.12,-4.55,-1.34,-0.56,-0.01,-0.28,-0.84,-0.22,3.07,4.75,5.54,5.65,True,2026-05-08,low_risk
JP90C0006EM5,楽天グローバル・バランス（成長型）,豊饒の木,楽天,バランス（固定配分・中リスク）-為替ヘッジ無し,バランス,world,0.06,0.62,0.11,False,False,False,False,False,none,1.023,6.77,12.0,5,4,4,3,18.03,25.52,14.4,11.02,8.81,7.16,2.88,1.37,1.04,0.77,7.79,9.97,10.44,11.79,True,2026-05-08,broad_market|global_diversified|medium_risk
JP90C000RBJ7,HSBCｲﾝﾄﾞﾃｯｸ株式ｲﾝﾃﾞｯｸｽﾌｧﾝﾄﾞ,,ＨＳＢＣ,インド株式-為替ヘッジ無し,株式,world,0.06,0.62,0.11,False,False,False,False,False,none,0.7765,5.51,1.5,3,,,,-33.65,-12.61,,,,-21.89,-0.57,,,,20.99,,,,True,2026-05-08,medium_risk
JP90C000MWA3,セゾン共創日本ファンド,,ｾｿﾞﾝ,国内株式,株式,japan,1.0,0.0,0.0,False,False,False,False,False,none,1.012,78.86,4.0,2,1,,,29.57,34.66,14.95,,,13.05,2.23,0.96,,,13.5,15.4,,,True,2026-05-08,high_risk|japan_centric
JP90C000Q2M3,ﾀﾞｲﾜJ-REITｵｰﾌﾟﾝ(奇数月決算型),,大和,国内REIT,不動産,world,0.06,0.62,0.11,False,False,False,False,False,none,0.737,5.31,1.5,2,,,,-4.98,11.47,,,,4.99,1.17,,,,9.14,,,,True,2026-05-08,medium_risk|tech_heavy
JP90C000NM75,楽天･資産づくりﾌｧﾝﾄﾞぷらす+(じっくりｺｰｽ),,楽天,バランス（固定配分・中リスク）-為替リスク低減,バランス,world,0.06,0.62,0.11,False,False,False,False,False,none,0.9975,0.77,4.0,1,1,,,3.77,10.24,7.16,,,4.84,1.83,1.04,,,5.06,6.56,,,True,2026-05-08,low_risk
JP90C000PX05,ﾋﾟｸﾃ･ｸﾞﾛｰﾊﾞﾙ･ｲﾝｶﾑ株式ﾌｧﾝﾄﾞ(隔月分配型),,ﾋﾟｸﾃ,先進国株式（広域）-為替ヘッジ無し,株式,world,0.06,0.62,0.11,False,False,False,False,False,none,1.81,54.88,1.5,2,,,,28.76,36.59,,,,27.48,2.53,,,,12.39,,,,True,2026-05-08,medium_risk
JP90C000H9M9,ｸﾞﾛｰﾊﾞﾙ全生物ｹﾞﾉﾑ株式ﾌｧﾝﾄﾞ(1年決算型),,ｱﾓｰｳﾞｧAM,先進国株式（広域）-為替ヘッジ無し,株式,world,0.06,0.62,0.11,False,False,False,False,False,none,1.804,154.76,7.0,2,1,1,,1.78,45.58,6.75,-8.98,,2.86,1.3,0.35,-0.09,,32.41,32.95,35.95,,True,2026-05-08,very_high_risk
JP90C00092C9,JPM北米高配当･成長株ﾌｧﾝﾄﾞ(為替ﾍｯｼﾞなし､3ヵ月決算型),,JPﾓﾙｶﾞﾝ,米国株式-為替ヘッジ無し,株式,world,0.06,0.62,0.11,False,False,False,False,False,none,1.705,72.59,12.0,2,2,2,2,29.61,33.25,17.58,15.71,14.35,13.92,2.53,1.21,1.02,0.82,11.37,13.94,15.31,18.42,True,2026-05-08,active_diversified|dividend_focused|growth_focused|high_risk
JP90C0000X99,ＧＳ 日本小型株ファンド,,ｺﾞｰﾙﾄﾞﾏﾝ,国内株式（中小型）,株式,japan,1.0,0.0,0.0,False,False,False,False,False,none,2.178,36.88,12.0,3,3,3,2,35.93,44.69,19.79,10.68,10.62,5.0,2.63,1.21,0.66,0.63,14.24,15.77,17.29,18.87,True,2026-05-08,high_risk|japan_centric
JP90C0001VX7,ＭＨＡＭ日本成長株オープン,,AMOne,国内株式,株式,japan,1.0,0.0,0.0,False,False,False,False,False,none,1.705,106.49,12.0,3,1,1,1,40.79,44.27,6.0,1.69,8.84,3.45,2.42,0.39,0.18,0.49,15.44,18.41,20.36,22.29,True,2026-05-08,active_diversified|growth_focused|high_risk|japan_centric
JP90C000KQ74,ｸﾞﾛｰﾊﾞﾙ全生物ｹﾞﾉﾑ株式ﾌｧﾝﾄﾞ(年2回決算型),,ｱﾓｰｳﾞｧAM,先進国株式（広域）-為替ヘッジ無し,株式,world,0.06,0.62,0.11,False,False,False,False,False,none,1.804,30.4,7.0,2,1,1,,1.55,45.42,6.67,-9.05,,-5.77,1.3,0.35,-0.09,,32.43,32.97,35.96,,True,2026-05-08,very_high_risk
JP90C000EGS5,米国ｲﾝﾌﾗ･ﾋﾞﾙﾀﾞｰ株式ﾌｧﾝﾄﾞ(為替ﾍｯｼﾞあり),,大和,米国株式-為替ヘッジ有り,株式,us,0.0,1.0,0.0,False,False,False,False,False,none,1.628,24.32,7.0,5,4,5,,48.78,52.21,23.68,12.14,,11.44,2.35,1.14,0.64,,18.37,20.1,21.35,,True,2026-05-08,high_risk|us_centric
JP90C0000LC4,次世代ファンド,次世代,三井住友TAM,国内株式,株式,world,0.06,0.62,0.11,False,False,False,False,False,none,1.65,56.79,12.0,5,2,1,3,69.25,73.92,23.33,13.18,15.25,5.31,3.63,1.2,0.75,0.81,15.45,18.68,18.76,19.95,True,2026-05-08,high_risk
JP90C0008HJ0,ﾜｰﾙﾄﾞ･ｲﾝﾌﾗ好配当株式ﾌｧﾝﾄﾞ(成長型),世界のかけ橋（成長型）,AMOne,先進国株式（広域）-為替ヘッジ無し,株式,world,0.06,0.62,0.11,False,False,False,False,False,none,1.848,46.8,12.0,2,2,3,1,29.54,25.17,15.28,17.04,11.48,12.32,2.39,1.21,1.17,0.66,9.35,12.13,14.2,19.43,True,2026-05-08,dividend_focused|medium_risk
JP90C0004P53,ＨＳＢＣ アジア・プラス,,ＨＳＢＣ,アジア株式-為替ヘッジ無し,株式,world,0.06,0.62,0.11,False,False,False,False,False,none,2.063,25.8,12.0,4,5,3,3,29.63,58.27,23.76,10.85,12.27,4.8,2.66,1.26,0.63,0.68,17.66,17.98,19.13,19.88,True,2026-05-08,high_risk
JP90C0000JW6,明治安田アメリカ株式ファンド,グレートイーグル,明治安田ＡＭ,米国株式-為替ヘッジ無し,株式,world,0.06,0.62,0.11,False,False,False,False,False,none,1.43,48.81,12.0,2,3,4,4,14.23,36.37,26.38,20.45,17.92,7.84,2.42,1.51,1.16,0.96,12.91,16.21,17.23,19.04,True,2026-05-08,high_risk
JP90C000S438,ﾌｨﾃﾞﾘﾃｨ･ｱｸﾃｨﾌﾞ･ﾗｯﾌﾟﾌｧﾝﾄﾞ(ｸﾞﾛｰｽ),フィデラップ,ﾌｨﾃﾞﾘﾃｨ,バランス（固定配分・中リスク）-為替リスク低減,バランス,world,0.06,0.62,0.11,False,False,False,False,False,none,1.65,13.24,,,,,,11.14,,,,,12.96,,,,,,,,,True,2026-05-08,medium_risk
JP90C000HZJ7,東京海上･がんとたたかう投信(為替ﾍｯｼﾞあり)(年1回決算型),,東京海上,先進国株式（広域）-為替ヘッジ有り,株式,world,0.06,0.62,0.11,False,False,False,False,False,none,1.877,2.05,7.0,2,1,1,,10.22,14.54,-0.86,-0.99,,4.13,0.83,0.0,0.0,,17.3,15.09,15.5,,True,2026-05-08,high_risk
JP90C0000JQ8,東海３県ファンド,,東京海上,国内株式,株式,world,0.06,0.62,0.11,False,False,False,False,False,none,1.078,97.72,12.0,3,2,2,1,42.7,47.57,23.65,14.85,11.07,7.97,2.58,1.27,0.88,0.64,15.35,17.72,17.23,19.3,True,2026-05-08,high_risk
JP90C0003510,ﾌｨﾃﾞﾘﾃｨ･欧州中小型株･ｵｰﾌﾟﾝBｺｰｽ(為替ﾍｯｼﾞなし),,ﾌｨﾃﾞﾘﾃｨ,欧州株式-為替ヘッジ無し,株式,world,0.06,0.62,0.11,False,False,False,False,False,none,1.683,150.94,12.0,3,2,1,2,3.68,20.31,11.02,6.9,9.3,,1.38,0.72,0.44,0.51,13.63,15.74,18.55,22.01,True,2026-05-08,high_risk
JP90C000GHX8,ｱﾑﾝﾃﾞｨ･次世代医療ﾃｸﾉﾛｼﾞｰ･ﾌｧﾝﾄﾞ(年2回決算型),みらいメディカル,ｱﾑﾝﾃﾞｨ,先進国株式（広域）-為替ヘッジ無し,株式,world,0.06,0.62,0.11,False,False,False,False,False,none,1.793,341.58,7.0,1,1,1,,-27.54,-8.78,1.65,3.42,,6.83,-0.53,0.16,0.27,,16.14,15.95,18.15,,True,2026-05-08,high_risk
JP90C000PQM3,ﾌｨﾃﾞﾘﾃｨ･Jﾘｰﾄ･ｱｸﾃｨﾌﾞ･ﾌｧﾝﾄﾞ(隔月決算型),,ﾌｨﾃﾞﾘﾃｨ,国内REIT,不動産,world,0.06,0.62,0.11,False,False,False,False,False,none,1.045,2.23,1.5,3,,,,-4.34,12.31,,,,5.38,1.24,,,,9.19,,,,True,2026-05-08,medium_risk
JP90C0006YX0,日本債券インデックスｅ,,三井住友TAM,国内債券,債券,japan,1.0,0.0,0.0,True,False,False,False,False,none,0.407,8.94,12.0,1,1,1,1,-9.14,-6.89,-4.69,-3.62,-2.07,-0.36,-2.91,-1.49,-1.26,-0.85,2.66,3.39,3.03,2.52,True,2026-05-08,japan_centric|low_risk|passive_index
JP90C000ERF9,たわらﾉｰﾛｰﾄﾞ 先進国ﾘｰﾄ&lt;為替ﾍｯｼﾞあり&gt;,,AMOne,海外REIT（含む北米）-為替ヘッジ有り,不動産,world,0.06,0.62,0.11,False,False,False,False,False,none,0.385,5.99,7.0,4,4,4,,17.7,11.5,3.89,-0.01,,1.84,0.97,0.31,0.07,,11.23,14.62,16.95,,True,2026-05-08,developed_only|high_risk
JP90C000RB74,米国株式・研究開発リバランスファンド,ＴＨＥ Ｒ＆Ｄ,Ｔ＆Ｄ,米国株式-為替ヘッジ無し,バランス,us,0.0,1.0,0.0,False,False,False,False,False,none,1.573,26.06,1.5,3,,,,34.39,43.62,,,,15.79,2.41,,,,15.26,,,,True,2026-05-08,broad_market|medium_risk|us_centric
JP90C0000LF7,中小型株式オープン,投資満々,三井住友TAM,国内株式（中小型）,株式,world,0.06,0.62,0.11,False,False,False,False,False,none,1.65,158.57,12.0,2,2,2,1,34.84,37.87,15.47,7.3,8.96,5.79,2.42,0.93,0.47,0.52,13.39,16.73,18.0,20.4,True,2026-05-08,high_risk
JP90C000LUR3,アジアＧＸ関連株式ファンド,Ｔｈｅ　Ａｓｉａ　ＧＸ,三井住友DS,先進国・新興国株式（広域）-為替ヘッジ無し,株式,world,0.06,0.62,0.11,False,False,False,False,False,none,1.584,2.13,4.0,5,1,,,55.13,70.62,14.36,,,7.03,3.66,0.84,,,14.8,17.38,,,True,2026-05-08,high_risk
JP90C0009B54,米国国債ﾌｧﾝﾄﾞ 為替ﾍｯｼﾞなし(年1回決算型),,大和,北米債券-為替ヘッジ無し,債券,us,0.0,1.0,0.0,False,False,False,False,False,none,1.144,48.77,12.0,1,1,1,1,3.12,9.76,6.19,6.28,4.22,4.43,1.04,0.73,0.77,0.58,8.68,8.24,8.14,7.53,True,2026-05-08,medium_risk|us_centric
JP90C0001Q97,ニッセイ／パトナム・インカムオープン,,ﾆｯｾｲ,北米債券-為替ヘッジ無し,債券,world,0.06,0.62,0.11,False,False,False,False,False,none,1.65,568.89,12.0,2,3,3,3,3.88,11.47,7.73,6.92,4.89,3.21,1.25,0.9,0.82,0.64,8.45,8.33,8.34,7.87,True,2026-05-08,dividend_focused|medium_risk
JP90C0009B47,米国国債ﾌｧﾝﾄﾞ 為替ﾍｯｼﾞあり(年1回決算型),,大和,北米債券-為替ヘッジ有り,債券,us,0.0,1.0,0.0,False,False,False,False,False,none,1.144,24.16,12.0,1,1,1,1,-4.03,-1.67,-3.2,-4.97,-2.57,-1.58,-0.59,-0.6,-0.83,-0.47,3.79,5.69,6.12,5.41,True,2026-05-08,low_risk|us_centric
JP90C000EV34,ﾀﾞｲﾜ･ｸﾞﾛｰﾊﾞﾙIoT関連株ﾌｧﾝﾄﾞ-AI新時代-(為替ﾍｯｼﾞなし),,大和,先進国株式（広域）-為替ヘッジ無し,株式,world,0.06,0.62,0.11,False,False,False,False,False,none,1.8051,445.79,7.0,3,3,2,,14.18,39.31,22.59,14.56,,16.19,2.0,1.05,0.69,,17.04,21.32,23.3,,True,2026-05-08,very_high_risk
JP90C00069U9,ｱﾗｲｱﾝｽ･ﾊﾞｰﾝｽﾀｲﾝ･財産設計 2030,,ｱﾗｲｱﾝｽ,バランス（可変配分）-為替リスク低減,バランス,world,0.06,0.62,0.11,False,False,False,False,False,none,1.36,28.45,12.0,2,2,3,3,5.76,18.42,8.77,4.23,5.45,6.63,2.2,0.91,0.42,0.46,7.55,9.41,10.78,13.22,True,2026-05-08,medium_risk
JP90C000FNL3,ﾆｯｾｲ･ｲﾝﾃﾞｯｸｽﾊﾟｯｹｰｼﾞ(内外･株式/ﾘｰﾄ),ファンドパック５,ﾆｯｾｲ,先進国・新興国株式（広域）-為替ヘッジ無し,株式,world,0.06,0.62,0.11,False,False,False,False,False,none,0.3564,4.17,7.0,1,1,2,,20.58,34.37,18.88,12.9,,10.74,3.13,1.52,1.01,,9.42,11.64,12.68,,True,2026-05-08,medium_risk
JP90C000JYM0,ＮＺＡＭ・ベータ　日本ＲＥＩＴ,,農中全共連,国内REIT,不動産,japan,1.0,0.0,0.0,False,False,False,False,False,none,0.264,6.19,7.0,4,4,3,,-4.55,11.97,4.69,2.19,,12.55,1.22,0.49,0.23,,9.12,9.76,11.2,,True,2026-05-08,japan_centric|medium_risk
JP90C000FEQ1,ｸﾞﾛｰﾊﾞﾙ･ﾌｨﾝﾃｯｸ株式ﾌｧﾝﾄﾞ(為替ﾍｯｼﾞあり),,ｱﾓｰｳﾞｧAM,先進国株式（広域）-為替ヘッジ有り,株式,world,0.06,0.62,0.11,False,False,False,False,False,none,1.925,76.22,7.0,2,3,1,,-44.57,4.42,22.26,-9.12,,5.04,0.28,0.78,-0.05,,33.61,32.22,39.0,,True,2026-05-08,very_high_risk
JP90C000Q3R0,OneJ-REITｲﾝﾃﾞｯｸｽﾌｧﾝﾄﾞ(隔月決算型),ビルオーナー（隔月決算型）,AMOne,国内REIT,不動産,world,0.06,0.62,0.11,False,False,False,False,False,none,0.715,1.46,1.5,2,,,,-4.86,11.58,,,,5.1,1.18,,,,9.11,,,,True,2026-05-08,medium_risk|tech_heavy
JP90C000H498,NWQﾌﾚｷｼﾌﾞﾙ･ｲﾝｶﾑﾌｧﾝﾄﾞ 為替ﾍｯｼﾞなし(年1回決算型),,三井住友TAM,バランス（可変配分）-為替ヘッジ無し,バランス,world,0.06,0.62,0.11,False,False,False,False,False,none,1.6775,1661.13,7.0,5,3,3,,14.99,23.33,12.51,9.73,,8.58,2.35,1.27,0.94,,8.82,9.4,10.25,,True,2026-05-08,medium_risk
JP90C0008EU4,新興国連続増配成長株オープン,,SBI岡三,新興国株式（広域）-為替ヘッジ無し,株式,em,0.0,0.0,1.0,False,False,False,False,False,none,1.815,84.36,12.0,1,1,2,1,14.39,28.91,16.12,10.39,9.84,8.72,2.14,1.1,0.73,0.63,11.91,14.18,14.77,17.07,True,2026-05-08,active_diversified|em_centric|growth_focused|medium_risk
JP90C0005YG7,世界高配当株式ファンド（資産成長型）,,ｱﾓｰｳﾞｧAM,先進国株式（広域）-為替ヘッジ無し,株式,world,0.06,0.62,0.11,False,False,False,False,False,none,1.21,18.51,12.0,3,3,3,1,35.6,39.01,22.6,18.37,12.73,12.93,3.29,1.69,1.3,0.82,10.0,12.32,13.51,16.17,True,2026-05-08,active_diversified|dividend_focused|global_diversified|medium_risk
JP90C00099T8,ﾌﾗﾝｸﾘﾝ･ﾃﾝﾌﾟﾙﾄﾝ･ｱﾒﾘｶ高配当株ﾌｧﾝﾄﾞ(3ヵ月決算型),,ﾌﾗﾝｸﾘﾝ･ﾃﾝﾌﾟﾙﾄﾝ,米国株式-為替ヘッジ無し,株式,world,0.06,0.62,0.11,False,False,False,False,False,none,1.914,151.16,12.0,1,2,3,1,15.74,24.44,18.29,17.86,13.14,10.57,2.1,1.27,1.13,0.77,10.38,13.74,15.55,18.28,True,2026-05-08,active_diversified|dividend_focused|high_risk
JP90C00002V8,日本債券インデックスファンド,,三井住友TAM,国内債券,債券,japan,1.0,0.0,0.0,True,False,False,False,False,none,0.407,8.26,12.0,1,1,1,1,-9.1,-6.85,-4.7,-3.67,-2.14,0.11,-2.89,-1.5,-1.28,-0.88,2.66,3.39,3.03,2.52,True,2026-05-08,japan_centric|low_risk|passive_index
JP90C000ASZ3,ニッセイ・インド厳選株式ファンド,,ﾆｯｾｲ,インド株式-為替ヘッジ無し,株式,em,0.0,0.0,1.0,False,False,False,False,False,none,1.925,101.67,12.0,3,1,2,1,-19.83,-2.4,8.45,12.3,10.21,6.47,-0.11,0.58,0.77,0.58,16.16,15.7,16.77,19.96,True,2026-05-08,active_concentrated|em_centric|high_risk|thematic
JP90C000EZH8,げんせん投信,,ﾆｯｾｲ,国内株式,株式,world,0.06,0.62,0.11,False,False,False,False,False,none,1.0175,2.73,7.0,1,1,1,,35.99,29.43,15.18,8.9,,9.43,2.56,1.01,0.64,,10.03,14.76,14.66,,True,2026-05-08,medium_risk
JP90C000FV09,モビリティ・イノベーション・ファンド,,BNYﾒﾛﾝ,先進国・新興国株式（広域）-為替ヘッジ無し,株式,world,0.06,0.62,0.11,False,False,False,False,False,none,1.7985,877.47,7.0,5,4,3,,43.9,72.64,26.2,14.95,,13.79,3.33,1.27,0.72,,16.71,19.67,22.66,,True,2026-05-08,very_high_risk
JP90C000CW68,ﾆｯｾｲJPX日経400ｱｸﾃｨﾌﾞﾌｧﾝﾄﾞ(資産成長型),ＲＯＥ革命,ﾆｯｾｲ,国内株式,株式,japan,1.0,0.0,0.0,True,False,False,False,False,none,1.584,74.49,12.0,3,3,3,3,36.0,46.04,24.73,17.05,13.76,13.3,2.4,1.25,0.95,0.77,16.08,18.85,18.21,18.91,True,2026-05-08,high_risk|japan_centric|passive_index
JP90C000GFL7,ﾆｯｾｲSDGsｸﾞﾛｰﾊﾞﾙｾﾚｸﾄﾌｧﾝﾄﾞ(資産成長型･為替ﾍｯｼﾞなし),,ﾆｯｾｲ,先進国株式（広域）-為替ヘッジ無し,株式,world,0.06,0.62,0.11,False,False,False,False,False,none,1.584,549.92,7.0,2,2,1,,15.51,34.15,20.04,11.88,,13.88,2.12,1.19,0.69,,14.05,16.19,18.7,,True,2026-05-08,high_risk
JP90C0004XZ2,UBS気候変動関連ｸﾞﾛｰﾊﾞﾙ成長株式ﾌｧﾝﾄﾞ,クールアース,ＵＢＳ,先進国株式（広域）-為替ヘッジ無し,株式,world,0.06,0.62,0.11,False,False,False,False,False,none,1.837,32.68,12.0,3,1,1,2,18.72,39.35,18.64,13.07,14.33,3.45,2.6,1.16,0.78,0.76,12.86,15.56,17.59,20.39,True,2026-05-08,active_diversified|growth_focused|high_risk
JP90C000BSW8,日本３資産ファンド（年１回決算型）,円のめぐみ（年１回決算型）,AMOne,バランス（固定配分・中リスク）-為替ヘッジ有り,バランス,japan,1.0,0.0,0.0,False,False,False,False,False,none,0.99,1.14,12.0,1,3,4,3,9.18,15.58,9.16,6.41,5.2,4.7,2.19,1.24,0.9,0.59,6.44,7.04,7.01,9.16,True,2026-05-08,japan_centric|low_risk
JP90C00030S5,Ｏｎｅ　６資産バランスファンド,六花選,AMOne,バランス（固定配分・中リスク）-為替ヘッジ無し,バランス,world,0.06,0.62,0.11,False,False,False,False,False,none,1.265,40.54,12.0,3,3,3,2,13.7,18.88,11.48,8.29,6.93,5.55,2.53,1.34,0.92,0.68,6.69,8.12,8.89,10.61,True,2026-05-08,broad_market|medium_risk
JP90C00008V5,三井住友・ニュー・チャイナ・ファンド,,三井住友DS,中国・香港株式-為替ヘッジ無し,株式,world,0.06,0.62,0.11,False,False,False,False,False,none,1.98,156.67,12.0,2,1,1,1,-0.27,29.74,8.34,-1.19,6.45,8.57,1.56,0.44,0.06,0.39,17.24,23.59,23.54,22.0,True,2026-05-08,very_high_risk
JP90C0008K47,世界シェールガス株ファンド,,キャピタルAM,米国株式-為替ヘッジ無し,株式,world,0.06,0.62,0.11,False,False,False,False,False,none,1.826,8.08,12.0,3,2,3,2,87.52,54.32,19.04,23.5,13.05,11.86,2.49,0.87,0.93,0.58,17.91,22.74,26.1,27.95,True,2026-05-08,global_diversified|very_high_risk
JP90C0005085,HSBCｲﾝﾄﾞ株式ﾌｧﾝﾄﾞ(3ヶ月決算型),,ＨＳＢＣ,インド株式-為替ヘッジ無し,株式,world,0.06,0.62,0.11,False,False,False,False,False,none,2.2,56.31,12.0,3,2,3,2,-17.56,-1.48,10.32,12.67,11.35,2.82,-0.06,0.68,0.77,0.63,15.71,15.86,17.32,20.31,True,2026-05-08,high_risk
JP90C000EY64,スパークス・新・国際優良アジア株ファンド,アジア厳選投資,ｽﾊﾟｰｸｽ,アジア株式-為替ヘッジ無し,株式,world,0.06,0.62,0.11,False,False,False,False,False,none,1.925,6.61,7.0,3,3,1,,29.5,60.53,22.44,7.35,,8.95,2.51,1.2,0.45,,19.45,18.04,19.63,,True,2026-05-08,high_risk
JP90C0003V31,日興ジャパンオープン,ジパング,ｱﾓｰｳﾞｧAM,国内株式,株式,world,0.06,0.62,0.11,False,False,False,False,False,none,1.892,558.29,12.0,3,3,1,3,23.61,48.8,25.09,14.57,13.88,5.74,2.52,1.27,0.84,0.78,16.05,18.82,17.99,18.94,True,2026-05-08,high_risk
JP90C000HAZ6,グローバルＳＤＧｓ株式ファンド,,三井住友DS,先進国株式（広域）-為替ヘッジ無し,株式,world,0.06,0.62,0.11,False,False,False,False,False,none,1.694,267.79,7.0,1,1,2,,11.08,24.16,16.43,13.45,,13.75,1.85,1.24,0.96,,11.77,12.67,14.03,,True,2026-05-08,global_diversified|medium_risk
JP90C0004G96,アジア好配当株ファンド,,三井住友DS,アジア株式-為替ヘッジ無し,株式,world,0.06,0.62,0.11,False,False,False,False,False,none,1.496,144.8,12.0,2,3,5,3,26.29,53.19,20.95,14.21,11.52,5.52,3.26,1.29,0.92,0.74,13.23,15.43,15.54,16.63,True,2026-05-08,dividend_focused|high_risk
JP90C0005YH5,高金利先進国債券オープン（資産成長型）,月桂樹（資産成長型）,ｱﾓｰｳﾞｧAM,先進国債券（広域・高格付）-為替ヘッジ無し,債券,world,0.06,0.62,0.11,False,False,False,False,False,none,1.3448,51.51,12.0,2,2,2,2,9.06,13.19,6.63,4.02,3.14,5.18,1.6,0.75,0.44,0.38,7.54,8.66,9.69,8.94,True,2026-05-08,developed_only|medium_risk
JP90C000FVL6,UBS中国新時代株式ﾌｧﾝﾄﾞ(年2回決算型),,ＵＢＳ,中国・香港株式-為替ヘッジ無し,株式,em,0.0,0.0,1.0,False,False,False,False,False,none,2.043,22.03,7.0,2,2,2,,-10.36,21.36,8.02,-1.06,,4.09,1.32,0.43,0.08,,15.08,23.85,25.57,,True,2026-05-08,em_centric|very_high_risk
JP90C000EG41,野村ｲﾝﾃﾞｯｸｽﾌｧﾝﾄﾞ･米国株式配当貴族･為替ﾍｯｼﾞ型,Ｆｕｎｄｓ-ｉフォーカス米株式配当貴族Ｈ,野村,米国株式-為替ヘッジ有り,株式,us,0.0,1.0,0.0,False,False,False,False,False,none,0.55,45.63,7.0,2,1,1,,11.54,9.57,1.59,0.71,,6.19,0.83,0.17,0.11,,10.93,11.58,13.77,,True,2026-05-08,dividend_focused|medium_risk|us_centric
JP90C0003KJ5,ダイワ金融新時代ファンド,,大和,国内株式,株式,world,0.06,0.62,0.11,False,False,False,False,False,none,1.672,1455.91,12.0,3,4,4,3,53.94,56.46,39.95,28.73,17.16,4.4,2.21,1.53,1.28,0.81,21.05,23.64,21.45,22.67,True,2026-05-08,high_risk
JP90C00020W8,日興アクティブバリュー,,ｱﾓｰｳﾞｧAM,国内株式,株式,world,0.06,0.62,0.11,False,False,False,False,False,none,1.672,130.77,12.0,3,4,4,4,40.39,52.99,28.9,18.74,15.04,,2.92,1.55,1.13,0.86,14.76,17.12,16.19,18.11,True,2026-05-08,active_diversified|high_risk|value_focused
JP90C000EK52,GSｸﾞﾛｰﾊﾞﾙ･ﾋﾞｯｸﾞﾃﾞｰﾀ投資戦略Aｺｰｽ(為替ﾍｯｼﾞあり),,ｺﾞｰﾙﾄﾞﾏﾝ,先進国株式（広域）-為替ヘッジ有り,株式,world,0.06,0.62,0.11,False,False,False,False,False,none,1.3475,203.9,7.0,5,5,4,,9.61,29.52,15.67,7.94,,8.54,2.61,1.21,0.56,,9.87,12.44,15.39,,True,2026-05-08,high_risk
JP90C000G458,次世代ﾓﾋﾞﾘﾃｨｵｰﾌﾟﾝ(為替ﾍｯｼﾞあり),,SBI岡三,先進国株式（広域）-為替ヘッジ有り,株式,world,0.06,0.62,0.11,False,False,False,False,False,none,1.804,22.08,7.0,4,3,2,,18.35,38.92,13.04,3.96,,8.0,1.81,0.68,0.28,,18.84,20.93,23.73,,True,2026-05-08,very_high_risk
JP90C0009TE4,日本Ｊリートオープン（1年決算型）,,SBI岡三,国内REIT,不動産,japan,1.0,0.0,0.0,False,False,False,False,False,none,1.045,6.09,12.0,1,1,2,1,-5.88,10.48,3.94,1.83,3.04,5.19,1.1,0.42,0.2,0.25,8.84,9.49,10.86,19.01,True,2026-05-08,japan_centric|medium_risk
JP90C000DLF4,野村ｲﾝﾃﾞｯｸｽﾌｧﾝﾄﾞ･米国ﾊｲ･ｲｰﾙﾄﾞ債券,Ｆｕｎｄｓ-ｉ フォーカス 米国ＨＹ債券,野村,ハイイールド債券（低格付）-為替ヘッジ無し,債券,us,0.0,1.0,0.0,False,False,False,False,False,none,0.88,13.33,7.0,4,3,2,,8.24,16.11,12.39,10.42,,7.88,1.71,1.27,1.03,,8.58,9.34,9.94,,True,2026-05-08,medium_risk|us_centric
JP90C000Q3L3,ﾌﾗﾝｸﾘﾝ･ﾃﾝﾌﾟﾙﾄﾝ･ｱﾒﾘｶ地方債ﾌｧﾝﾄﾞ(為替ﾍｯｼﾞなし)(隔月分配型),ムニボン,ﾌﾗﾝｸﾘﾝ･ﾃﾝﾌﾟﾙﾄﾝ,北米債券-為替ヘッジ無し,債券,world,0.06,0.62,0.11,False,False,False,False,False,none,0.9075,4.25,1.5,4,,,,4.57,13.15,,,,9.04,1.37,,,,8.85,,,,True,2026-05-08,medium_risk
JP90C000A2Z3,インデックスファンドＪＰＸ日経４００,,ｱﾓｰｳﾞｧAM,国内株式,株式,japan,1.0,0.0,0.0,True,False,False,False,False,none,0.605,159.99,12.0,1,2,3,2,29.29,41.37,24.11,16.33,13.1,11.57,2.56,1.36,1.01,0.79,13.67,16.76,16.15,17.54,True,2026-05-08,high_risk|japan_centric|passive_index
JP90C0003VU9,ＪＰＭインド株アクティブ・オープン,,JPﾓﾙｶﾞﾝ,インド株式-為替ヘッジ無し,株式,em,0.0,0.0,1.0,False,False,False,False,False,none,1.815,201.8,12.0,1,1,1,1,-26.08,-11.01,4.21,7.68,6.63,5.86,-0.73,0.33,0.53,0.43,15.25,14.62,16.08,19.34,True,2026-05-08,active_diversified|em_centric|high_risk|thematic
JP90C000CS49,りそなラップ型ファンド（成長型）,Ｒ２４６（成長型）,りそな,バランス（固定配分・高リスク）-為替ヘッジ無し,バランス,world,0.06,0.62,0.11,False,False,False,False,False,none,1.21,1081.74,12.0,3,2,2,1,16.79,31.12,18.7,13.53,10.49,10.12,2.92,1.47,1.05,0.74,9.24,11.94,12.64,14.85,True,2026-05-08,medium_risk
JP90C000G8N0,ﾌｨﾃﾞﾘﾃｨ･米国株式ﾌｧﾝﾄﾞ Cｺｰｽ(分配重視型･為替ﾍｯｼﾞあり),,ﾌｨﾃﾞﾘﾃｨ,米国株式-為替ヘッジ有り,株式,us,0.0,1.0,0.0,False,False,False,False,False,none,1.65,36.0,7.0,3,4,5,,4.14,24.18,19.54,8.9,,11.46,1.57,1.23,0.57,,14.03,15.21,17.1,,True,2026-05-08,high_risk|us_centric
JP90C000LJU0,まるごとひふみ15,,ﾚｵｽ･ｷｬﾋﾟﾀﾙﾜｰｸｽ,バランス（固定配分・低リスク）-為替リスク低減,バランス,world,0.06,0.62,0.11,False,False,False,False,False,none,0.66264,40.14,7.0,2,1,1,,0.02,6.83,0.82,-1.21,,-1.2,1.17,0.11,-0.22,,5.22,5.93,5.56,,True,2026-05-08,active_diversified|low_risk|quality
JP90C000N660,ﾊﾞﾛﾝ･ｸﾞﾛｰﾊﾞﾙ･ﾌｭｰﾁｬｰ戦略ﾌｧﾝﾄﾞ(資産成長型),,三井住友DS,先進国・新興国株式（広域）-為替ヘッジ無し,株式,world,0.06,0.62,0.11,False,False,False,False,False,none,1.9645,40.15,4.0,2,3,,,-19.6,25.64,25.61,,,11.99,1.19,1.07,,,20.34,23.79,,,True,2026-05-08,very_high_risk
JP90C00093U9,みのりの投信,,ﾎﾟｰﾄﾌｫﾘｱ,国内株式,株式,world,0.06,0.62,0.11,False,False,False,False,False,none,1.925,219.13,12.0,1,1,2,1,24.06,20.36,16.33,11.87,6.95,7.08,2.09,1.58,1.14,0.51,8.77,9.7,10.17,15.24,True,2026-05-08,medium_risk
JP90C0001ZC2,インデックスファンドＴＳＰ,,ｱﾓｰｳﾞｧAM,国内株式,株式,world,0.06,0.62,0.11,True,False,False,False,False,none,0.572,421.48,12.0,1,2,3,2,27.42,41.14,23.75,16.17,13.11,,2.54,1.35,1.01,0.79,13.75,16.65,15.94,17.52,True,2026-05-08,high_risk|passive_index
JP90C0005Z84,SMT 新興国債券インデックス・オープン,,三井住友TAM,新興国債券（広域・新興国通貨建）-為替ヘッジ無し,債券,em,0.0,0.0,1.0,True,False,False,False,False,none,0.66,89.04,12.0,2,3,3,4,9.9,18.81,11.64,8.96,5.93,5.33,2.15,1.25,0.93,0.6,7.9,8.86,9.48,10.45,True,2026-05-08,em_centric|medium_risk|passive_index
JP90C000JBR7,米国IPOﾆｭｰｽﾃｰｼﾞ･ﾌｧﾝﾄﾞ&lt;為替ﾍｯｼﾞなし&gt;(年2回決算型),,三菱UFJｱｾｯﾄ,米国株式-為替ヘッジ無し,株式,us,0.0,1.0,0.0,False,False,False,False,False,none,1.7875,58.01,7.0,2,3,1,,-14.95,29.65,35.1,8.11,,18.82,0.93,1.08,0.39,,33.03,32.54,35.77,,True,2026-05-08,us_centric|very_high_risk
JP90C000GJE4,フューチャー・バイオテック,,三井住友DS,先進国株式（広域）-為替ヘッジ無し,株式,world,0.06,0.62,0.11,False,False,False,False,False,none,1.97874,429.67,7.0,3,2,2,,10.54,40.84,15.4,13.57,,12.79,2.07,0.92,0.75,,16.99,16.7,19.06,,True,2026-05-08,high_risk|tech_heavy
JP90C000FNM1,ﾆｯｾｲ･ｲﾝﾃﾞｯｸｽﾊﾟｯｹｰｼﾞ(内外･株式/ﾘｰﾄ/債券),ファンドパック７,ﾆｯｾｲ,バランス（固定配分・中リスク）-為替ヘッジ無し,債券,world,0.06,0.62,0.11,False,False,False,False,False,none,0.3564,2.36,7.0,3,2,2,,9.0,17.38,10.05,6.91,,6.07,2.56,1.31,0.88,,6.1,7.26,7.74,,True,2026-05-08,low_risk
JP90C0002A94,ＡＬＡＭＣＯ ＳＲＩ 社会貢献ファンド,あすのはね,朝日ﾗｲﾌ,国内株式,株式,world,0.06,0.62,0.11,False,False,False,False,False,none,1.958,51.73,12.0,3,2,1,1,44.02,51.04,22.44,12.34,10.03,5.23,2.51,1.3,0.81,0.64,16.76,16.35,15.8,17.18,True,2026-05-08,high_risk
JP90C000JYE7,ＮＺＡＭ・ベータ　ＮＡＳＤＡＱ１００,,農中全共連,米国株式-為替ヘッジ無し,株式,world,0.06,0.62,0.11,False,False,False,False,False,none,0.44,47.61,7.0,4,4,4,,18.56,49.53,33.32,23.78,,31.49,2.55,1.51,1.09,,16.06,20.27,21.58,,True,2026-05-08,high_risk
JP90C000R6S0,りそなﾀｰｹﾞｯﾄ･ｲﾔｰ･ﾌｧﾝﾄﾞ2050(運用継続型),,りそな,バランス（固定配分・高リスク）-為替リスク低減,バランス,world,0.06,0.62,0.11,False,False,False,False,False,none,0.385,0.1,1.5,2,,,,13.97,26.61,,,,15.16,2.91,,,,8.02,,,,True,2026-05-08,medium_risk
JP90C000E8C5,ＡＩプラスファンド,,AMOne,国内株式,株式,world,0.06,0.62,0.11,False,False,False,False,False,none,1.012,168.96,7.0,2,2,2,,26.65,36.78,22.73,15.05,,11.19,2.15,1.28,0.92,,14.81,16.84,16.46,,True,2026-05-08,high_risk
JP90C000GRP3,りそな日本中小型株式ファンド,ニホンノミライ,りそな,国内株式（中小型）,株式,japan,1.0,0.0,0.0,False,False,False,False,False,none,1.98,157.59,7.0,2,1,3,,35.73,37.06,12.24,11.06,,10.06,2.01,0.66,0.62,,16.07,20.23,19.98,,True,2026-05-08,high_risk|japan_centric
JP90C0001EM6,ｴﾏｰｼﾞﾝｸﾞ･ｿﾌﾞﾘﾝ･ｵｰﾌﾟﾝ(1年決算型),,三菱UFJｱｾｯﾄ,新興国債券（広域・米ドル建）-為替ヘッジ無し,債券,world,0.06,0.62,0.11,False,False,False,False,False,none,1.6082,206.77,12.0,4,3,3,3,10.41,22.27,14.47,9.19,7.13,6.9,2.21,1.46,0.93,0.71,9.03,9.33,9.78,10.28,True,2026-05-08,medium_risk
JP90C000QBX0,ハリス日本株ファンド（年４回決算型）,,朝日ﾗｲﾌ,国内株式,株式,japan,1.0,0.0,0.0,False,False,False,False,False,none,1.793,71.34,1.5,1,,,,10.7,20.42,,,,14.86,1.48,,,,12.65,,,,True,2026-05-08,japan_centric|medium_risk
JP90C0007DH5,野村インデックスファンド・国内債券,Ｆｕｎｄｓ-ｉ 国内債券,野村,国内債券,債券,japan,1.0,0.0,0.0,True,False,False,False,False,none,0.44,24.41,12.0,1,1,1,1,-9.12,-6.89,-4.66,-3.6,-2.06,-0.41,-2.91,-1.48,-1.25,-0.84,2.66,3.4,3.04,2.53,True,2026-05-08,japan_centric|low_risk|passive_index
JP90C000GKT0,明治安田日本債券オープン（年１回決算型）,しあわせ宣言（年１回決算型）,明治安田ＡＭ,国内債券,債券,japan,1.0,0.0,0.0,False,False,False,False,False,none,0.715,26.33,7.0,3,3,4,,-8.05,-5.91,-3.58,-3.08,,-1.41,-2.63,-1.17,-1.1,,2.55,3.33,2.97,,True,2026-05-08,japan_centric|low_risk
JP90C000JUQ9,楽天・新経連株価指数ファンド,JANEインデックス,楽天,国内株式,株式,world,0.06,0.62,0.11,False,False,False,False,False,none,0.495,1.43,7.0,1,1,1,,15.06,18.0,12.31,5.45,,10.11,1.35,0.9,0.41,,12.34,13.58,15.33,,True,2026-05-08,high_risk
JP90C000AC80,ｸﾞﾛｰﾊﾞﾙ変動金利債券ﾌｧﾝﾄﾞ 円ﾍｯｼﾞありｺｰｽ,ヘンリー,SOMPO,先進国債券（広域・高格付）-為替ヘッジ有り,債券,world,0.06,0.62,0.11,False,False,False,False,False,none,0.561,15.53,12.0,5,5,5,5,0.86,2.67,2.56,0.75,1.04,0.81,2.22,1.75,0.3,0.36,0.91,1.27,1.97,2.77,True,2026-05-08,low_risk
JP90C000HU40,世界ツーリズム株式ファンド,世界の旅,キャピタルAM,先進国株式（広域）-為替ヘッジ無し,株式,world,0.06,0.62,0.11,False,False,False,False,False,none,1.936,75.16,7.0,2,2,2,,8.4,29.12,14.84,11.12,,7.02,1.37,0.77,0.56,,19.68,20.43,23.84,,True,2026-05-08,global_diversified|very_high_risk
JP90C0009Y65,ﾀﾞｲﾜJ-REITｵｰﾌﾟﾝ(年1回決算型),,大和,国内REIT,不動産,world,0.06,0.62,0.11,False,False,False,False,False,none,0.737,29.68,12.0,2,1,1,1,-4.97,11.47,4.22,1.71,3.29,5.56,1.17,0.44,0.19,0.26,9.14,9.78,11.21,19.86,True,2026-05-08,medium_risk|tech_heavy
JP90C000G8E9,ﾌｨﾃﾞﾘﾃｨ･米国株式ﾌｧﾝﾄﾞ Aｺｰｽ(資産成長型･為替ﾍｯｼﾞあり),,ﾌｨﾃﾞﾘﾃｨ,米国株式-為替ヘッジ有り,株式,us,0.0,1.0,0.0,False,False,False,False,False,none,1.65,228.1,7.0,3,4,5,,4.02,24.26,19.78,8.97,,11.54,1.57,1.24,0.58,,14.12,15.3,17.19,,True,2026-05-08,high_risk|us_centric
JP90C000S8A3,SMT 米国高配当&amp;自社株買いﾌｧﾝﾄﾞ(年4回決算型),還元祭,三井住友TAM,米国株式-為替ヘッジ無し,株式,us,0.0,1.0,0.0,False,False,False,False,False,none,0.99,4.16,,,,,,31.61,,,,,31.9,,,,,,,,,True,2026-05-08,dividend_focused|medium_risk|us_centric
JP90C0003LW6,ダイワ・チャイナ・ファンド,,大和,中国・香港株式-為替ヘッジ無し,株式,world,0.06,0.62,0.11,False,False,False,False,False,none,1.672,40.96,12.0,2,3,1,2,-8.65,23.41,11.08,-2.47,7.19,7.12,1.36,0.54,0.01,0.4,15.93,24.13,24.84,24.63,True,2026-05-08,very_high_risk
JP90C00090W1,ファイン・ブレンド（資産成長型）,,ｱﾓｰｳﾞｧAM,バランス（可変配分）-為替ヘッジ無し,バランス,world,0.06,0.62,0.11,False,False,False,False,False,none,1.47175,322.99,12.0,1,2,2,2,7.17,12.02,7.72,5.1,3.61,3.66,1.76,1.11,0.8,0.63,6.22,6.63,6.28,5.74,True,2026-05-08,low_risk
JP90C0005YF9,日興ｸﾞﾛｰﾊﾞﾙREITﾌｧﾝﾄﾞ資産成長型(ﾍｯｼﾞなし),,ｱﾓｰｳﾞｧAM,海外REIT（含む北米）-為替ヘッジ無し,不動産,world,0.06,0.62,0.11,False,False,False,False,False,none,1.65,13.36,12.0,2,2,2,2,26.0,24.85,13.84,9.98,7.07,11.81,2.1,1.02,0.66,0.45,10.57,13.22,16.28,18.93,True,2026-05-08,high_risk|tech_heavy
JP90C00007U9,三井住友・げんきシニアライフ・オープン,,三井住友DS,国内株式,株式,world,0.06,0.62,0.11,False,False,False,False,False,none,1.65,175.41,12.0,2,1,1,1,18.43,24.64,17.99,8.88,8.46,4.47,1.66,1.28,0.65,0.55,13.47,13.39,14.35,17.42,True,2026-05-08,medium_risk
JP90C0005GH2,三菱UFJ世界国債ｲﾝﾃﾞｯｸｽﾌｧﾝﾄﾞ(年1回決算型),,三菱UFJｱｾｯﾄ,先進国債券（広域・高格付）-為替ヘッジ無し,債券,world,0.06,0.62,0.11,False,False,False,False,False,none,0.66,79.92,12.0,2,2,2,2,5.72,11.31,7.64,5.18,3.82,3.06,1.49,1.01,0.69,0.54,6.92,7.28,7.46,7.35,True,2026-05-08,global_diversified|low_risk
JP90C00020T4,利益還元成長株オープン,Ｊグロース,ｱﾓｰｳﾞｧAM,国内株式,株式,world,0.06,0.62,0.11,False,False,False,False,False,none,0.902,323.15,12.0,3,3,2,4,30.18,55.62,25.74,16.1,14.88,,2.61,1.28,0.9,0.82,17.37,19.19,18.35,19.01,True,2026-05-08,active_diversified|growth_focused|high_risk
JP90C0008RT8,スイス株式ファンド,,ｶﾚﾗAM,先進国株式（その他単一国）-為替ヘッジ無し,株式,world,0.06,0.62,0.11,False,False,False,False,False,none,1.6665,10.81,12.0,2,1,3,3,25.59,25.13,12.95,14.03,12.67,13.92,1.76,0.95,0.93,0.77,12.91,13.52,15.17,17.38,True,2026-05-08,high_risk
JP90C00020G1,低位株オープン,,ｱﾓｰｳﾞｧAM,国内株式,株式,world,0.06,0.62,0.11,False,False,False,False,False,none,1.012,98.34,12.0,3,2,3,3,34.94,41.47,21.46,18.48,13.72,,2.5,1.38,1.25,0.77,14.08,14.7,14.31,19.02,True,2026-05-08,medium_risk
JP90C00057W0,エマージング株式オープン,,三菱UFJｱｾｯﾄ,新興国株式（広域）-為替ヘッジ無し,株式,em,0.0,0.0,1.0,False,False,False,False,False,none,2.057,121.15,12.0,5,5,2,4,49.04,71.07,27.42,13.11,13.54,4.57,3.22,1.46,0.77,0.75,17.01,17.53,17.91,19.56,True,2026-05-08,em_centric|high_risk
JP90C00003J1,３資産バランスオープンアルファ,トリプルインカムアルファ,三井住友TAM,バランス（固定配分・中リスク）-為替ヘッジ無し,バランス,world,0.06,0.62,0.11,False,False,False,False,False,none,1.32,14.58,12.0,4,3,2,2,21.46,26.75,13.51,8.12,7.28,5.15,2.98,1.34,0.81,0.68,7.87,9.6,9.99,11.24,True,2026-05-08,broad_market|medium_risk
JP90C0001UP5,損保ジャパン・グリーン・オープン,ぶなの森,SOMPO,国内株式,株式,world,0.06,0.62,0.11,False,False,False,False,False,none,1.65,575.74,12.0,3,2,2,2,46.21,45.75,22.16,16.44,12.76,5.38,2.64,1.38,1.09,0.75,14.45,15.2,14.87,17.98,True,2026-05-08,medium_risk
JP90C000AXD0,日興ＵＳグローイング・ベンチャーファンド,,ｱﾓｰｳﾞｧAM,米国株式-為替ヘッジ無し,株式,world,0.06,0.62,0.11,False,False,False,False,False,none,1.892,67.45,12.0,4,3,1,3,25.01,48.91,27.79,13.5,15.4,13.28,1.97,1.2,0.63,0.69,21.08,22.28,24.71,25.46,True,2026-05-08,very_high_risk
JP90C000D1S7,グローバル新世代関連株式ファンド,,AMOne,先進国株式（広域）-為替ヘッジ無し,株式,world,0.06,0.62,0.11,False,False,False,False,False,none,1.925,84.84,12.0,2,2,1,2,0.19,28.35,18.83,8.8,14.99,14.56,1.71,1.07,0.52,0.78,14.88,17.29,19.71,20.42,True,2026-05-08,global_diversified|high_risk
JP90C000HJT0,日系外債オープン（為替ヘッジなし）,,SBI岡三,先進国債券（広域・高格付）-為替ヘッジ無し,債券,world,0.06,0.62,0.11,False,False,False,False,False,none,0.693,1.38,7.0,4,3,4,,4.05,13.1,8.79,8.09,,6.9,1.63,1.03,0.97,,7.36,8.19,8.23,,True,2026-05-08,medium_risk
JP90C000RV05,Smart-i 米国株式配当貴族ｲﾝﾃﾞｯｸｽ,,りそな,米国株式-為替ヘッジ無し,株式,us,0.0,1.0,0.0,False,False,False,False,False,none,0.308,0.34,,,,,,20.39,,,,,22.04,,,,,,,,,True,2026-05-08,dividend_focused|medium_risk|us_centric
JP90C000CLM2,ｸﾞﾛｰﾊﾞﾙ･ｾｷｭﾘﾃｨ株式ﾌｧﾝﾄﾞ(年1回決算型),,AMOne,先進国株式（広域）-為替ヘッジ無し,株式,world,0.06,0.62,0.11,False,False,False,False,False,none,1.892,19.16,12.0,1,1,1,2,-12.92,7.89,14.62,11.79,14.81,12.93,0.57,0.9,0.68,0.79,13.97,16.33,18.78,20.03,True,2026-05-08,high_risk
JP90C000LQN0,円建グローバル公社債ファンド,円咲,りそな,国内債券,債券,world,0.06,0.62,0.11,False,False,False,False,False,none,0.77,16.74,7.0,4,5,5,,-3.76,-1.98,-0.23,-0.57,,-0.57,-1.85,-0.32,-0.5,,1.41,1.68,1.48,,True,2026-05-08,global_diversified|low_risk
JP90C0009103,オランダ株式ファンド,,ｶﾚﾗAM,先進国株式（その他単一国）-為替ヘッジ無し,株式,world,0.06,0.62,0.11,False,False,False,False,False,none,1.6665,20.36,12.0,4,3,2,5,11.22,36.33,16.71,12.43,14.95,13.04,2.02,0.94,0.68,0.73,15.69,17.88,19.8,22.41,True,2026-05-08,high_risk
JP90C000KQ33,ﾌｨﾃﾞﾘﾃｨ･ﾀｰｹﾞｯﾄ･ﾃﾞｰﾄ･ﾌｧﾝﾄﾞ(ﾍﾞｰｼｯｸ)2045,将来設計（ベーシック）,ﾌｨﾃﾞﾘﾃｨ,バランス（固定配分・高リスク）-為替リスク低減,バランス,world,0.06,0.62,0.11,False,False,False,False,False,none,0.38,5.05,7.0,2,3,2,,12.79,26.66,17.68,12.44,,14.55,2.98,1.61,1.03,,7.84,10.29,11.91,,True,2026-05-08,medium_risk
JP90C00052K6,Ｊリートアクティブファンド（１年決算型）,,三井住友TAM,国内REIT,不動産,world,0.06,0.62,0.11,False,False,False,False,False,none,0.77,59.84,12.0,2,3,3,4,-5.04,11.3,4.89,2.45,4.11,4.33,1.15,0.51,0.26,0.3,9.17,9.63,11.11,19.16,True,2026-05-08,active_diversified|medium_risk
JP90C000SB65,コモンズ・グローバル30ファンド,,ｺﾓﾝｽﾞ,先進国・新興国株式（広域）-為替ヘッジ無し,株式,world,0.06,0.62,0.11,False,False,False,False,False,none,1.7281,8.01,,,,,,,,,,,,,,,,,,,,True,2026-05-08,active_diversified|global_diversified|medium_risk|quality
JP90C00099U6,ＪＰＭジャパンマイスター,,JPﾓﾙｶﾞﾝ,国内株式,株式,world,0.06,0.62,0.11,False,False,False,False,False,none,1.815,362.35,12.0,1,1,2,3,26.24,38.09,22.55,14.65,13.9,12.15,2.24,1.23,0.87,0.8,14.66,17.65,17.35,18.39,True,2026-05-08,high_risk
JP90C000EWY0,UBSｵｰｽﾄﾗﾘｱ債券ｵｰﾌﾟﾝ(年1回決算型),,ＵＢＳ,オセアニア債券-為替ヘッジ無し,債券,world,0.06,0.62,0.11,False,False,False,False,False,none,1.1,20.61,7.0,1,1,1,,18.02,18.46,7.88,4.4,,3.89,1.88,0.8,0.44,,8.89,9.75,10.6,,True,2026-05-08,medium_risk
JP90C000MBT7,お金のﾃﾞｻﾞｲﾝ･ｸﾞﾛｰﾊﾞﾙ･ｿｰｼｬﾙ･ﾃﾞﾍﾞﾛｯﾌﾟﾒﾝﾄ･ﾌｧﾝﾄﾞ,地球貢献,お金のﾃﾞｻﾞｲﾝ,先進国株式（広域）-為替ヘッジ無し,株式,world,0.06,0.62,0.11,False,False,False,False,False,none,1.1,60.64,4.0,3,1,,,21.95,38.59,14.81,,,9.3,3.02,1.05,,,10.82,13.82,,,True,2026-05-08,medium_risk
JP90C0009K46,ﾋﾟｸﾃ資源国ｿﾌﾞﾘﾝ･ﾌｧﾝﾄﾞ(1年決算型),,ﾋﾟｸﾃ,先進国・新興国債券（広域）-為替ヘッジ無し,債券,world,0.06,0.62,0.11,False,False,False,False,False,none,1.755,1.95,12.0,3,2,3,3,9.76,20.48,8.7,7.44,5.06,3.2,2.22,0.98,0.8,0.55,8.28,8.53,9.34,9.71,True,2026-05-08,medium_risk
JP90C000CRB2,未来変革日本株ファンド,挑戦者たち,AMOne,国内株式,株式,japan,1.0,0.0,0.0,False,False,False,False,False,none,1.584,102.88,12.0,1,1,1,1,-6.03,7.93,6.42,-0.61,6.49,6.32,0.51,0.41,0.06,0.41,16.1,18.76,19.23,19.78,True,2026-05-08,high_risk|japan_centric
JP90C000Q4Z1,スタイル9（8資産分散・積極型）,,大和,バランス（可変配分）-為替ヘッジ無し,バランス,world,0.06,0.62,0.11,False,False,False,False,False,none,0.825,5.08,1.5,3,,,,19.43,34.34,,,,20.72,3.13,,,,9.39,,,,True,2026-05-08,broad_market|medium_risk
JP90C0009GX1,ｱｼﾞｱREIT･ﾘｻｰﾁ･ｵｰﾌﾟﾝ(年2回決算型),,三井住友TAM,海外REIT（除く北米）-為替ヘッジ無し,不動産,world,0.06,0.62,0.11,False,False,False,False,False,none,1.628,4.28,12.0,4,2,2,5,0.67,19.89,4.87,5.8,8.89,8.39,1.56,0.37,0.42,0.61,11.71,14.98,15.96,16.1,True,2026-05-08,high_risk|tech_heavy
JP90C0006FT7,財産3分法ﾌｧﾝﾄﾞ(不動産･債券･株式)資産成長型,財産３分法ファンド,ｱﾓｰｳﾞｧAM,バランス（固定配分・中リスク）-為替リスク低減,債券,world,0.06,0.62,0.11,False,False,False,False,False,none,1.045,175.71,12.0,3,2,2,2,7.67,22.62,11.85,6.44,6.62,6.62,2.52,1.27,0.7,0.63,7.99,8.92,9.29,11.1,True,2026-05-08,medium_risk
JP90C000FAM8,世界ｅコマース関連株式オープン,みらい生活,AMOne,先進国株式（広域）-為替ヘッジ無し,株式,world,0.06,0.62,0.11,False,False,False,False,False,none,1.76,440.53,7.0,1,1,1,,-10.59,6.51,14.18,4.22,,11.44,0.44,0.81,0.3,,15.73,18.0,20.16,,True,2026-05-08,global_diversified|high_risk
JP90C000PJF2,世界バイオ医薬株式ファンド,世界の薬,キャピタルAM,先進国株式（広域）-為替ヘッジ無し,株式,world,0.06,0.62,0.11,False,False,False,False,False,none,1.925,5.75,1.5,3,,,,17.81,50.61,,,,15.45,2.18,,,,19.41,,,,True,2026-05-08,global_diversified|medium_risk
JP90C0009UA0,三菱UFJS&amp;P500配当貴族ｲﾝﾃﾞｯｸｽﾌｧﾝﾄﾞ&lt;為替ﾍｯｼﾞあり&gt;,ザ・レジェンド,三菱UFJｱｾｯﾄ,米国株式-為替ヘッジ有り,株式,world,0.06,0.62,0.11,False,False,False,False,False,none,0.55,33.49,12.0,1,2,3,2,11.45,6.48,5.61,4.54,7.25,7.33,0.59,0.5,0.38,0.51,10.62,11.64,13.9,16.22,True,2026-05-08,dividend_focused|medium_risk
JP90C000PKD5,GSﾜｰﾙﾄﾞ･ｼﾌﾄ株式ﾌｧﾝﾄﾞBｺｰｽ(為替ﾍｯｼﾞなし),ｓｈｉｆｔＷＩＮ,ｺﾞｰﾙﾄﾞﾏﾝ,先進国株式（広域）-為替ヘッジ無し,株式,world,0.06,0.62,0.11,False,False,False,False,False,none,1.7875,1857.19,1.5,5,,,,42.56,61.22,,,,26.9,3.5,,,,13.78,,,,True,2026-05-08,medium_risk
JP90C000GFK9,ﾆｯｾｲSDGsｸﾞﾛｰﾊﾞﾙｾﾚｸﾄﾌｧﾝﾄﾞ(資産成長型･為替ﾍｯｼﾞあり),,ﾆｯｾｲ,先進国株式（広域）-為替ヘッジ有り,株式,world,0.06,0.62,0.11,False,False,False,False,False,none,1.584,70.7,7.0,2,2,1,,6.68,19.52,9.19,0.35,,6.02,1.34,0.68,0.1,,13.51,13.84,17.13,,True,2026-05-08,high_risk
JP90C000EKR9,先進国好配当株式ﾌｧﾝﾄﾞ(3ヵ月決算型)為替ﾍｯｼﾞあり,,三菱UFJｱｾｯﾄ,先進国株式（広域）-為替ヘッジ有り,株式,world,0.06,0.62,0.11,False,False,False,False,False,none,1.375,2.73,7.0,4,3,4,,15.2,27.66,12.65,9.85,,9.12,2.33,1.06,0.8,,10.44,11.53,12.52,,True,2026-05-08,developed_only|dividend_focused|medium_risk
JP90C000PUY0,しんきんみんなの日本株ファンド,,しんきん,国内株式,株式,japan,1.0,0.0,0.0,False,False,False,False,False,none,1.0175,14.88,1.5,3,,,,43.45,42.11,,,,23.94,2.35,,,,15.21,,,,True,2026-05-08,japan_centric|medium_risk
JP90C000DWG9,ｸﾞﾛｰﾊﾞﾙ･ﾊｲｸｵﾘﾃｨ成長株式ﾌｧﾝﾄﾞ(限定為替ﾍｯｼﾞ),未来の世界,AMOne,先進国・新興国株式（広域）-為替リスク低減,株式,world,0.06,0.62,0.11,False,False,False,False,False,none,1.65,524.04,7.0,1,3,,,-18.46,-0.79,12.3,-0.8,,9.64,0.0,0.73,0.07,,17.33,17.64,23.21,,True,2026-05-08,active_diversified|growth_focused|very_high_risk
JP90C000A5Q5,フランス株式ファンド,,ｶﾚﾗAM,先進国株式（その他単一国）-為替ヘッジ無し,株式,world,0.06,0.62,0.11,False,False,False,False,False,none,1.661,11.71,12.0,1,3,4,4,10.09,18.38,13.98,15.52,13.14,10.1,1.19,0.9,0.89,0.7,14.51,15.59,17.93,20.54,True,2026-05-08,high_risk
JP90C0009UE2,三菱UFJJﾘｰﾄｵｰﾌﾟﾝ(年1回決算型),,三菱UFJｱｾｯﾄ,国内REIT,不動産,world,0.06,0.62,0.11,False,False,False,False,False,none,1.1,73.56,12.0,2,2,2,2,-4.33,11.28,4.3,1.91,3.02,5.2,1.16,0.46,0.21,0.25,9.02,9.54,10.96,19.23,True,2026-05-08,medium_risk
JP90C000GVB5,auスマート・プライム（高成長）,,au,バランス（固定配分・中リスク）-為替ヘッジ無し,バランス,world,0.06,0.62,0.11,False,False,False,False,False,none,1.590325,220.47,7.0,4,4,2,,20.78,34.49,19.01,11.49,,11.11,2.91,1.62,0.96,,10.15,10.91,11.9,,True,2026-05-08,medium_risk
JP90C000CB22,ﾌﾞﾗｯｸﾛｯｸESG世界株式ﾌｧﾝﾄﾞ(限定為替ﾍｯｼﾞあり),,ﾌﾞﾗｯｸﾛｯｸ,先進国株式（広域）-為替リスク低減,株式,world,0.06,0.62,0.11,False,False,False,False,False,none,0.7608,17.92,12.0,3,3,2,2,7.69,25.58,14.09,6.83,9.65,9.03,2.21,1.1,0.49,0.65,10.26,12.41,15.54,15.95,True,2026-05-08,global_diversified|high_risk|thematic
JP90C000R6Q4,りそなﾀｰｹﾞｯﾄ･ｲﾔｰ･ﾌｧﾝﾄﾞ2040(運用継続型),,りそな,バランス（固定配分・中リスク）-為替リスク低減,バランス,world,0.06,0.62,0.11,False,False,False,False,False,none,0.33,0.29,1.5,3,,,,9.24,19.19,,,,10.94,2.68,,,,6.39,,,,True,2026-05-08,medium_risk
JP90C000NX07,ラップ型ファンド・プラスＥＳＧ（成長型）,Ｒ２４６ ＥＳＧ（成長型）,りそな,バランス（固定配分・高リスク）-為替リスク低減,バランス,world,0.06,0.62,0.11,False,False,False,False,False,none,1.21,149.91,4.0,1,1,,,14.9,32.77,19.5,,,17.61,2.84,1.44,,,9.95,12.71,,,True,2026-05-08,medium_risk
JP90C000BFQ7,女性活躍応援ファンド,椿,大和,国内株式（中小型）,株式,world,0.06,0.62,0.11,False,False,False,False,False,none,1.595,100.22,12.0,3,2,2,3,50.74,50.96,17.55,7.54,11.68,10.14,2.7,0.98,0.48,0.62,15.53,17.93,18.45,21.34,True,2026-05-08,high_risk
JP90C000LVL4,グローバルＡＺファンド Ａコース,,楽天,バランス（固定配分・低リスク）-為替リスク低減,バランス,world,0.06,0.62,0.11,False,False,False,False,False,none,1.0665,2.57,4.0,1,1,,,-2.03,2.39,0.94,,,-2.33,0.54,0.16,,,3.31,4.56,,,True,2026-05-08,global_diversified|low_risk
JP90C000LVM2,グローバルＡＺファンド Ｂコース,,楽天,バランス（固定配分・中リスク）-為替リスク低減,バランス,world,0.06,0.62,0.11,False,False,False,False,False,none,1.1745,13.07,4.0,1,1,,,3.33,10.06,5.49,,,1.83,1.96,0.92,,,4.64,5.64,,,True,2026-05-08,global_diversified|low_risk
JP90C000A7P3,ＳＢＩ日本小型成長株選抜ファンド,センバツ,SBI,国内株式（中小型）,株式,japan,1.0,0.0,0.0,False,False,False,False,False,none,1.485,6.53,12.0,1,1,1,1,-16.64,19.49,-1.54,-2.48,4.89,5.02,0.98,0.02,0.0,0.31,19.41,21.78,23.3,25.24,True,2026-05-08,active_diversified|growth_focused|japan_centric|very_high_risk
JP90C0006G60,野村世界業種別投資ｼﾘｰｽﾞ(世界金融株投資),,野村,先進国株式（広域）-為替ヘッジ無し,株式,world,0.06,0.62,0.11,False,False,False,False,False,none,1.65,173.73,12.0,1,3,3,2,11.56,21.12,22.32,16.69,13.71,9.78,1.46,1.42,0.99,0.7,13.27,14.78,16.81,21.53,True,2026-05-08,global_diversified|high_risk
JP90C000DKS9,日本株&amp;Jﾘｰﾄ 好配当ﾌｫｰｶｽﾌｧﾝﾄﾞ,インカムフォーカス,三井住友TAM,国内株式,株式,japan,1.0,0.0,0.0,False,False,False,False,False,none,1.265,42.18,7.0,1,1,1,,19.57,31.84,18.65,12.83,,11.29,2.61,1.46,1.07,,10.61,11.99,11.79,,True,2026-05-08,dividend_focused|japan_centric|medium_risk
JP90C000F5L1,ｻｲﾊﾞｰｾｷｭﾘﾃｨ株式ｵｰﾌﾟﾝ(為替ﾍｯｼﾞあり),,三菱UFJｱｾｯﾄ,米国株式-為替ヘッジ有り,株式,world,0.06,0.62,0.11,False,False,False,False,False,none,1.87,464.93,7.0,1,3,1,,-27.31,1.94,14.67,1.97,,10.81,0.17,0.68,0.2,,21.48,23.87,26.1,,True,2026-05-08,very_high_risk
JP90C000JW61,ﾌｨﾃﾞﾘﾃｨ･世界割安成長株投信 Aｺｰｽ(為替ﾍｯｼﾞあり),テンバガー・ハンター,ﾌｨﾃﾞﾘﾃｨ,先進国株式（広域）-為替ヘッジ有り,株式,world,0.06,0.62,0.11,False,False,False,False,False,none,1.65,923.36,7.0,2,2,3,,15.23,19.65,8.48,4.38,,14.24,1.52,0.67,0.36,,11.89,12.88,14.31,,True,2026-05-08,active_diversified|global_diversified|growth_focused|medium_risk|value_focused
JP90C0008KS5,ｲｰｽﾄｽﾌﾟﾘﾝｸﾞ･ﾌｨﾘﾋﾟﾝ株式ｵｰﾌﾟﾝ,,ｲｰｽﾄｽﾌﾟﾘﾝｸﾞ,新興国株式（その他単一国）-為替ヘッジ無し,株式,world,0.06,0.62,0.11,False,False,False,False,False,none,1.775,8.93,12.0,1,1,1,,-10.41,-11.19,-3.12,0.94,-0.77,2.2,-0.62,-0.13,0.13,0.05,17.58,16.48,16.85,19.03,True,2026-05-08,high_risk
JP90C000LU02,UBS気候変動関連ｸﾞﾛｰﾊﾞﾙ成長株式ﾌｧﾝﾄﾞ(年4回決算･予想分配金提示型),クールアース,ＵＢＳ,先進国株式（広域）-為替ヘッジ無し,株式,world,0.06,0.62,0.11,False,False,False,False,False,none,1.837,3.51,4.0,3,1,,,18.27,39.02,18.53,,,12.74,2.6,1.15,,,12.8,15.51,,,True,2026-05-08,active_diversified|growth_focused|high_risk
JP90C00020X6,日興エコファンド,,ｱﾓｰｳﾞｧAM,国内株式,株式,world,0.06,0.62,0.11,False,False,False,False,False,none,1.65,127.86,12.0,5,5,4,2,30.06,55.32,28.95,17.92,13.08,4.21,2.83,1.48,1.04,0.77,15.85,18.16,17.08,18.07,True,2026-05-08,high_risk
JP90C000FX80,たわらﾉｰﾛｰﾄﾞ 最適化ﾊﾞﾗﾝｽ(安定型),,AMOne,バランス（可変配分）-為替リスク低減,バランス,world,0.06,0.62,0.11,False,False,False,False,False,none,0.55,1.65,7.0,2,2,2,,1.89,8.0,4.25,1.88,,2.49,1.68,0.85,0.36,,4.27,4.67,5.09,,True,2026-05-08,low_risk
JP90C00027W3,ｱﾗｲｱﾝｽ･ﾊﾞｰﾝｽﾀｲﾝ･ｸﾞﾛｰﾊﾞﾙ･ｸﾞﾛｰｽ･ｵﾎﾟﾁｭﾆﾃｨｰｽﾞ(年2回決算型),ＧＧＯ,ｱﾗｲｱﾝｽ,先進国株式（広域）-為替ヘッジ無し,株式,world,0.06,0.62,0.11,False,False,False,False,False,none,1.705,94.46,12.0,1,1,1,2,-3.83,20.73,12.63,9.03,14.05,5.54,1.39,0.82,0.56,0.78,13.8,15.71,18.12,19.17,True,2026-05-08,high_risk
JP90C0003V64,日興グローイング・ベンチャーファンド,グローイング・ベンチャー,ｱﾓｰｳﾞｧAM,国内株式（中小型）,株式,world,0.06,0.62,0.11,False,False,False,False,False,none,2.09,86.04,12.0,1,1,1,1,-17.53,17.54,-2.12,-2.93,7.07,6.62,0.91,-0.01,-0.02,0.39,19.09,21.41,23.0,25.58,True,2026-05-08,very_high_risk
JP90C000LK87,iTrustティンバー,木と環境と未来へ,ﾋﾟｸﾃ,先進国株式（広域）-為替ヘッジ無し,株式,world,0.06,0.62,0.11,False,False,False,False,False,none,1.2698,1.85,7.0,1,1,1,,-2.97,5.57,3.48,2.49,,3.59,0.36,0.27,0.22,,17.46,16.59,19.09,,True,2026-05-08,high_risk
JP90C0001R13,ニッセイ日本勝ち組ファンド,,ﾆｯｾｲ,国内株式,株式,japan,1.0,0.0,0.0,False,False,False,False,False,none,1.1,202.54,12.0,1,1,2,1,23.8,33.36,21.19,14.42,12.27,7.8,2.08,1.19,0.88,0.71,14.04,17.07,16.67,18.79,True,2026-05-08,high_risk|japan_centric
JP90C000RVF3,りそなﾀｰｹﾞｯﾄ･ｲﾔｰ･ﾌｧﾝﾄﾞ2075(運用継続型),,りそな,バランス（固定配分・高リスク）-為替リスク低減,バランス,world,0.06,0.62,0.11,False,False,False,False,False,none,0.44,0.07,,,,,,19.59,,,,,29.58,,,,,,,,,True,2026-05-08,medium_risk
JP90C000EBK3,野村インド債券ファンド（年2回決算型）,,野村,インド債券-為替ヘッジ無し,債券,em,0.0,0.0,1.0,False,False,False,False,False,none,1.744,160.74,7.0,5,5,5,,-5.45,2.77,6.19,6.89,,4.92,0.26,0.65,0.75,,10.06,9.41,9.24,,True,2026-05-08,em_centric|medium_risk|thematic
JP90C000FZ47,ｸﾞﾛｰﾊﾞﾙ･ﾓﾋﾞﾘﾃｨ･ｻｰﾋﾞｽ株式ﾌｧﾝﾄﾞ(1年決算型),グローバルＭａａＳ（１年決算型）,ｱﾓｰｳﾞｧAM,先進国株式（広域）-為替ヘッジ無し,株式,world,0.06,0.62,0.11,False,False,False,False,False,none,1.925,582.36,7.0,4,4,2,,10.74,71.95,39.6,13.76,,19.03,1.97,1.36,0.59,,29.48,26.94,28.45,,True,2026-05-08,very_high_risk
JP90C000C838,HSBCﾜｰﾙﾄﾞ･ｾﾚｸｼｮﾝ(成長ｺｰｽ),ゆめラップ,ＨＳＢＣ,バランス（可変配分）-為替リスク低減,バランス,world,0.06,0.62,0.11,False,False,False,False,False,none,1.303,170.61,12.0,2,3,3,3,7.86,16.8,8.77,4.16,5.36,5.18,2.49,1.12,0.48,0.55,6.06,7.47,9.01,10.29,True,2026-05-08,medium_risk
JP90C000MY07,ｲﾝﾍﾞｽｺ 世界消費関連成長株ﾌｧﾝﾄﾞ Bｺｰｽ(為替ﾍｯｼﾞなし),トレンド・シフト,ｲﾝﾍﾞｽｺ,先進国・新興国株式（広域）-為替ヘッジ無し,株式,world,0.06,0.62,0.11,False,False,False,False,False,none,1.5675,15.98,4.0,3,3,,,-13.32,42.71,24.94,,,13.11,1.37,0.98,,,28.59,25.83,,,True,2026-05-08,active_diversified|global_diversified|growth_focused|very_high_risk
JP90C0008GP9,ニュージーランド株式ファンド,,ｶﾚﾗAM,先進国株式（その他単一国）-為替ヘッジ無し,株式,world,0.06,0.62,0.11,False,False,False,False,False,none,1.672,11.18,12.0,1,1,1,1,-0.72,12.48,3.94,3.45,8.23,12.78,0.94,0.35,0.29,0.56,12.7,12.57,14.6,16.37,True,2026-05-08,medium_risk
JP90C000BNN8,ｲｰｽﾄｽﾌﾟﾘﾝｸﾞ･ｲﾝﾄﾞ公益ｲﾝﾌﾗ債券ﾌｧﾝﾄﾞ(年2回決算型),,ｲｰｽﾄｽﾌﾟﾘﾝｸﾞ,インド債券-為替ヘッジ無し,債券,world,0.06,0.62,0.11,False,False,False,False,False,none,1.694,151.27,12.0,4,3,3,4,-7.88,-1.43,4.44,6.29,5.67,4.38,-0.16,0.46,0.67,0.6,10.09,9.78,9.58,9.85,True,2026-05-08,medium_risk
JP90C000FWU5,三菱UFJ/ﾏｯｺｰﾘｰｸﾞﾛｰﾊﾞﾙ･ｲﾝﾌﾗ債券ﾌｧﾝﾄﾞ&lt;為替ﾍｯｼﾞなし&gt;(年1回決算型),世界のいしずえ,三菱UFJｱｾｯﾄ,北米債券-為替ヘッジ無し,債券,world,0.06,0.62,0.11,False,False,False,False,False,none,1.32,208.8,7.0,3,3,3,,2.43,12.87,7.95,6.08,,5.38,1.36,0.88,0.67,,8.72,8.81,9.19,,True,2026-05-08,medium_risk
JP90C00000D0,しんきん好配当利回り株ファンド,,しんきん,国内株式,株式,world,0.06,0.62,0.11,False,False,False,False,False,none,1.1,428.89,12.0,3,3,4,2,39.67,44.72,26.45,19.69,13.4,9.18,2.72,1.62,1.32,0.82,13.73,15.03,14.33,17.1,True,2026-05-08,dividend_focused|medium_risk
JP90C000MRZ0,ﾆｯｾｲSDGsｲﾝｶﾑﾌｧﾝﾄﾞ(資産成長型･為替ﾍｯｼﾞなし),,ﾆｯｾｲ,先進国債券（広域・高格付）-為替ヘッジ無し,債券,world,0.06,0.62,0.11,False,False,False,False,False,none,0.913,6.06,4.0,4,5,,,4.35,12.74,9.16,,,7.04,1.65,1.17,,,7.03,7.49,,,True,2026-05-08,low_risk
JP90C0000L77,小型株ファンド,グローイング・アップ,明治安田ＡＭ,国内株式（中小型）,株式,world,0.06,0.62,0.11,False,False,False,False,False,none,1.87,93.39,12.0,1,1,1,1,-16.49,19.3,-1.93,-3.01,6.85,7.2,0.97,0.01,-0.02,0.38,19.39,21.88,23.43,26.05,True,2026-05-08,very_high_risk
JP90C000H8W0,次世代金融テクノロジー株式ファンド,ブロックチェーン・金融革命,SOMPO,先進国株式（広域）-為替ヘッジ無し,株式,world,0.06,0.62,0.11,False,False,False,False,False,none,1.793,32.52,7.0,1,1,1,,-16.62,-3.28,11.76,4.28,,10.91,-0.16,0.72,0.3,,16.17,16.89,19.74,,True,2026-05-08,high_risk
JP90C000EF34,ﾋﾟｸﾃ･ﾊﾞｲｵ医薬品ﾌｧﾝﾄﾞ(1年決算型)為替ﾍｯｼﾞなしｺｰｽ,,ﾋﾟｸﾃ,米国株式-為替ヘッジ無し,株式,world,0.06,0.62,0.11,False,False,False,False,False,none,2.09,113.52,7.0,3,2,1,,26.98,45.51,12.96,12.15,,9.99,2.17,0.74,0.68,,17.74,18.4,19.47,,True,2026-05-08,high_risk
JP90C0009H90,ｺｰﾎﾟﾚｰﾄ･ﾎﾞﾝﾄﾞ･ｲﾝｶﾑ(為替ﾉｰﾍｯｼﾞ型/1年決算型),泰平航路１年決算型,三井住友DS,北米債券-為替ヘッジ無し,債券,world,0.06,0.62,0.11,False,False,False,False,False,none,1.089,131.96,12.0,4,3,3,4,4.13,12.21,7.92,7.07,5.01,5.45,1.33,0.94,0.87,0.66,8.44,8.17,8.07,7.74,True,2026-05-08,medium_risk
JP90C000F195,東京海上･ｸﾞﾛｰﾊﾞﾙﾍﾟｯﾄ関連株式ﾌｧﾝﾄﾞ(為替ﾍｯｼﾞなし),ぽちたま,東京海上,先進国株式（広域）-為替ヘッジ無し,株式,world,0.06,0.62,0.11,False,False,False,False,False,none,1.683,16.29,7.0,1,1,1,,-2.24,3.71,0.21,0.41,,8.47,0.28,0.06,0.1,,14.54,14.08,16.38,,True,2026-05-08,high_risk
JP90C000B3B1,SBIｸﾞﾛｰﾊﾞﾙ･ﾗｯﾌﾟﾌｧﾝﾄﾞ(安定型),Ｍｙ‐ラップ（安定型）,SBI,バランス（固定配分・低リスク）-為替リスク低減,バランス,world,0.06,0.62,0.11,False,False,False,False,False,none,1.65,10.32,12.0,5,5,5,5,3.46,12.7,9.97,6.43,4.94,3.83,2.18,1.58,0.92,0.71,5.27,5.95,6.82,7.08,True,2026-05-08,low_risk
JP90C0000VK6,三菱ＵＦＪ ＴＯＰＩＸ・ファンド,,三菱UFJｱｾｯﾄ,国内株式,株式,world,0.06,0.62,0.11,False,False,False,False,False,none,0.55,240.32,12.0,1,2,3,2,27.45,41.16,23.79,16.18,13.06,5.6,2.54,1.35,1.01,0.79,13.73,16.64,15.93,17.51,True,2026-05-08,high_risk
JP90C00069V7,ｱﾗｲｱﾝｽ･ﾊﾞｰﾝｽﾀｲﾝ･財産設計 2040,,ｱﾗｲｱﾝｽ,バランス（可変配分）-為替リスク低減,バランス,world,0.06,0.62,0.11,False,False,False,False,False,none,1.4,22.69,12.0,3,3,3,3,7.73,22.96,11.17,6.05,6.91,7.57,2.33,0.99,0.51,0.51,8.79,10.97,12.63,15.48,True,2026-05-08,medium_risk
JP90C000H0G0,ｽﾊﾟｰｸｽ･新･国際優良日本ｱｼﾞｱ株ﾌｧﾝﾄﾞ,日本アジア厳選投資,ｽﾊﾟｰｸｽ,先進国・新興国株式（広域）-為替ヘッジ無し,株式,japan,1.0,0.0,0.0,False,False,False,False,False,none,2.024,51.89,7.0,4,5,3,,19.12,52.34,30.1,14.77,,13.2,2.58,1.55,0.84,,16.7,17.8,18.08,,True,2026-05-08,high_risk|japan_centric
JP90C0009QB6,ﾆｯｾｲ世界ﾘｰﾄｵｰﾌﾟﾝ(年2回決算型),,ﾆｯｾｲ,海外REIT（含む北米）-為替ヘッジ無し,不動産,world,0.06,0.62,0.11,False,False,False,False,False,none,1.65,12.73,12.0,2,2,2,2,23.59,23.15,13.95,10.88,7.66,8.01,1.91,1.01,0.72,0.44,10.92,13.6,15.86,22.12,True,2026-05-08,global_diversified|high_risk
JP90C000H2M4,ｷｬﾋﾟﾀﾙ世界株式ﾌｧﾝﾄﾞ(限定為替ﾍｯｼﾞ),,ｷｬﾋﾟﾀﾙ,先進国株式（広域）-為替リスク低減,株式,world,0.06,0.62,0.11,False,False,False,False,False,none,1.701,203.1,7.0,2,2,1,,1.35,19.33,11.7,4.71,,10.23,1.5,0.9,0.37,,11.85,12.85,15.29,,True,2026-05-08,global_diversified|high_risk
JP90C0001MY4,Ｏｎｅピュア・インド株式ファンド,,AMOne,インド株式-為替ヘッジ無し,株式,em,0.0,0.0,1.0,False,False,False,False,False,none,2.06,1741.1,12.0,2,1,2,2,-25.42,-7.43,7.82,12.08,10.19,7.43,-0.42,0.54,0.75,0.61,16.54,15.7,16.9,18.87,True,2026-05-08,em_centric|high_risk|thematic
JP90C000MZL3,ﾌｨﾃﾞﾘﾃｨ･ﾀｰｹﾞｯﾄ･ﾃﾞｰﾄ･ﾌｧﾝﾄﾞ(ﾍﾞｰｼｯｸ)2065,将来設計（ベーシック）,ﾌｨﾃﾞﾘﾃｨ,バランス（固定配分・高リスク）-為替リスク低減,バランス,world,0.06,0.62,0.11,False,False,False,False,False,none,0.39,0.76,4.0,5,3,,,20.35,39.57,24.58,,,21.69,3.12,1.61,,,10.7,14.15,,,True,2026-05-08,medium_risk
JP90C0009DC2,DWSｸﾞﾛｰﾊﾞﾙ公益債券ﾌｧﾝﾄﾞ(年1回決算型)Dｺｰｽ(為替ﾍｯｼﾞなし),,ﾄﾞｲﾁｪ,先進国債券（広域・高格付）-為替ヘッジ無し,債券,world,0.06,0.62,0.11,False,False,False,False,False,none,1.584,55.76,12.0,5,3,3,3,4.12,13.01,8.97,6.37,5.06,4.91,1.6,1.1,0.79,0.62,7.44,7.81,7.99,8.42,True,2026-05-08,low_risk
JP90C000HUK6,グローバル・プロスペクティブ・ファンド,イノベーティブ・フューチャー,ｱﾓｰｳﾞｧAM,先進国株式（広域）-為替ヘッジ無し,株式,world,0.06,0.62,0.11,False,False,False,False,False,none,1.658,3335.81,7.0,3,3,1,,-20.16,47.81,32.8,-0.19,,11.85,1.33,1.0,0.19,,32.93,33.86,39.84,,True,2026-05-08,global_diversified|very_high_risk
JP90C0003ZZ9,ｲﾝﾃﾞｯｸｽﾌｧﾝﾄﾞ海外債券(ﾍｯｼﾞなし)1年決算型,ＤＣ インデックス海外債券（ヘッジなし）,ｱﾓｰｳﾞｧAM,先進国債券（広域・高格付）-為替ヘッジ無し,債券,world,0.06,0.62,0.11,False,False,False,False,False,none,0.473,107.48,12.0,2,3,2,3,5.92,11.52,7.73,5.25,3.85,4.05,1.52,1.02,0.7,0.54,6.94,7.29,7.48,7.35,True,2026-05-08,low_risk
JP90C000GWR9,ｲﾝﾍﾞｽｺ 世界厳選株式ｵｰﾌﾟﾝ&lt;為替ﾍｯｼﾞあり&gt;(年1回決算型),世界のベスト,ｲﾝﾍﾞｽｺ,先進国株式（広域）-為替ヘッジ有り,株式,world,0.06,0.62,0.11,False,False,False,False,False,none,1.903,58.11,7.0,1,3,4,,7.99,17.22,11.3,7.86,,7.42,1.26,0.91,0.59,,12.78,12.21,14.18,,True,2026-05-08,active_concentrated|global_diversified|medium_risk
JP90C0002ME4,グローバル・ベスト・ファンド,,三井住友DS,先進国株式（広域）-為替ヘッジ無し,株式,world,0.06,0.62,0.11,False,False,False,False,False,none,1.914,660.79,12.0,3,3,2,3,22.04,44.32,24.95,14.36,18.42,10.0,2.37,1.34,0.79,0.93,15.76,17.55,19.09,20.39,True,2026-05-08,global_diversified|high_risk
JP90C0000PF8,三菱UFJﾗｲﾌｾﾚｸﾄﾌｧﾝﾄﾞ(安定成長型),,三菱UFJｱｾｯﾄ,バランス（固定配分・中リスク）-為替ヘッジ無し,バランス,world,0.06,0.62,0.11,False,False,False,False,False,none,0.814,469.68,12.0,1,1,2,3,7.64,15.65,9.56,6.86,6.27,3.56,2.32,1.19,0.88,0.74,6.08,7.64,7.7,8.58,True,2026-05-08,low_risk
JP90C000PSX6,財産3分法ﾌｧﾝﾄﾞ(不動産･債券･株式)奇数月分配型,財産３分法ファンド,ｱﾓｰｳﾞｧAM,バランス（固定配分・中リスク）-為替リスク低減,債券,world,0.06,0.62,0.11,False,False,False,False,False,none,1.045,19.12,1.5,3,,,,7.58,22.32,,,,10.71,2.51,,,,7.93,,,,True,2026-05-08,low_risk
JP90C000FVM4,UBS中国新時代株式ﾌｧﾝﾄﾞ(年1回決算型),,ＵＢＳ,中国・香港株式-為替ヘッジ無し,株式,em,0.0,0.0,1.0,False,False,False,False,False,none,2.043,97.95,7.0,2,2,2,,-10.22,21.63,8.15,-1.03,,4.03,1.33,0.43,0.08,,15.12,23.86,25.58,,True,2026-05-08,em_centric|very_high_risk
JP90C0002JG5,明治安田DC外国株式リサーチオープン,ＤＣジェットストリーム,明治安田ＡＭ,先進国株式（広域）-為替ヘッジ無し,株式,world,0.06,0.62,0.11,False,False,False,False,False,none,1.518,477.36,12.0,3,3,3,3,13.89,35.81,22.73,17.04,16.1,8.04,2.49,1.36,0.99,0.89,12.37,15.79,17.21,18.82,True,2026-05-08,high_risk
JP90C000FNK5,ﾆｯｾｲ･ｲﾝﾃﾞｯｸｽﾊﾟｯｹｰｼﾞ(内外･株式),ファンドパック３,ﾆｯｾｲ,先進国・新興国株式（広域）-為替ヘッジ無し,株式,world,0.06,0.62,0.11,False,False,False,False,False,none,0.3564,2.82,7.0,3,3,4,,27.32,45.83,24.93,16.6,,12.8,3.29,1.61,1.11,,11.52,14.32,14.7,,True,2026-05-08,medium_risk
JP90C000H6W4,iTrustセキュリティ,,ﾋﾟｸﾃ,先進国株式（広域）-為替ヘッジ無し,株式,world,0.06,0.62,0.11,False,False,False,False,False,none,0.99,10.1,7.0,1,2,1,,5.76,19.58,17.94,10.46,,15.22,1.07,0.95,0.58,,17.6,19.01,20.65,,True,2026-05-08,high_risk
JP90C000C1K5,東京海上･年金運用型戦略ﾌｧﾝﾄﾞ(年1回決算型),年金ぷらす,東京海上,バランス（固定配分・中リスク）-為替ヘッジ無し,バランス,world,0.06,0.62,0.11,False,False,False,False,False,none,1.3695,230.46,12.0,2,2,2,3,8.48,18.23,11.37,7.96,7.33,5.78,2.42,1.25,0.87,0.78,6.77,8.66,9.02,9.55,True,2026-05-08,medium_risk
JP90C000GV99,auスマート・ベーシック（安定成長）,,au,バランス（固定配分・中リスク）-為替ヘッジ無し,バランス,world,0.06,0.62,0.11,False,False,False,False,False,none,0.385,102.49,7.0,2,1,2,,5.79,12.52,7.27,5.3,,4.75,2.13,1.16,0.83,,5.31,5.95,6.23,,True,2026-05-08,low_risk
JP90C0000DY5,アムンディ・りそなインド・ファンド,マハラジャ,ｱﾑﾝﾃﾞｨ,インド株式-為替ヘッジ無し,株式,em,0.0,0.0,1.0,False,False,False,False,False,none,2.17,470.17,12.0,3,2,1,3,-15.34,-3.14,9.14,11.35,11.46,7.89,-0.18,0.65,0.75,0.68,14.91,14.7,15.85,18.49,True,2026-05-08,em_centric|high_risk|thematic
JP90C0005X45,ﾌﾞﾗｼﾞﾙ･ﾎﾞﾝﾄﾞ･ｵｰﾌﾟﾝ(年2回決算型),,大和,ブラジル債券-為替ヘッジ無し,債券,world,0.06,0.62,0.11,False,False,False,False,False,none,1.474,16.61,12.0,2,2,1,1,32.88,36.46,10.41,13.39,6.81,6.68,2.53,0.71,0.74,0.43,12.38,15.19,19.44,19.88,True,2026-05-08,high_risk
JP90C0005GU5,損保ｼﾞｬﾊﾟﾝ･ｴｺ･ｵｰﾌﾟﾝ(配当利回り重視型),,SOMPO,国内株式,株式,world,0.06,0.62,0.11,False,False,False,False,False,none,1.65,6.05,12.0,3,2,3,1,44.5,45.21,22.36,16.81,12.28,7.92,2.62,1.38,1.15,0.77,14.42,15.27,14.31,16.92,True,2026-05-08,dividend_focused|medium_risk
JP90C0000M76,外国株式インデックス・オープン,,三井住友TAM,先進国株式（広域）-為替ヘッジ無し,株式,world,0.06,0.62,0.11,True,False,False,False,False,none,0.55,74.69,12.0,3,4,4,4,18.12,37.93,24.46,19.08,16.86,7.94,2.74,1.52,1.14,0.93,11.77,14.93,16.39,18.6,True,2026-05-08,high_risk|passive_index
JP90C000JDA9,ＳＢＩ米国小型成長株ファンド,グレート・スモール,SBI,米国株式-為替ヘッジ無し,株式,us,0.0,1.0,0.0,False,False,False,False,False,none,1.5675,12.87,7.0,4,3,1,,24.44,60.44,25.24,12.36,,18.3,2.37,1.08,0.58,,20.65,22.98,25.15,,True,2026-05-08,active_diversified|growth_focused|us_centric|very_high_risk
JP90C0009WL3,三菱UFJｸﾞﾛｰﾊﾞﾙ･ﾎﾞﾝﾄﾞ･ｵｰﾌﾟﾝ(年1回決算型),花こよみ年１,三菱UFJｱｾｯﾄ,先進国債券（広域・高格付）-為替ヘッジ無し,債券,world,0.06,0.62,0.11,False,False,False,False,False,none,1.21,178.83,12.0,2,1,1,3,13.4,13.36,6.05,2.62,4.27,3.4,1.65,0.71,0.31,0.52,7.4,8.3,9.15,8.55,True,2026-05-08,medium_risk
JP90C000AMX1,Ｏｎｅ厳選米国株式ファンド,アメリカンセレクション,AMOne,米国株式-為替ヘッジ無し,株式,us,0.0,1.0,0.0,False,False,False,False,False,none,1.925,101.97,12.0,2,3,2,4,0.83,33.64,26.56,17.11,18.22,16.44,1.76,1.32,0.85,0.87,17.0,19.0,20.85,22.03,True,2026-05-08,active_concentrated|high_risk|us_centric
JP90C000PNX7,りそなﾀｰｹﾞｯﾄ･ｲﾔｰ･ﾌｧﾝﾄﾞ2065,,りそな,バランス（固定配分・高リスク）-為替リスク低減,バランス,world,0.06,0.62,0.11,False,False,False,False,False,none,0.44,3.94,1.5,4,,,,19.47,35.47,,,,19.74,3.07,,,,9.87,,,,True,2026-05-08,medium_risk
JP90C000HN80,りそなﾀｰｹﾞｯﾄ･ｲﾔｰ･ﾌｧﾝﾄﾞ2045,,りそな,バランス（固定配分・中リスク）-為替リスク低減,バランス,world,0.06,0.62,0.11,False,False,False,False,False,none,0.33,55.24,7.0,4,4,4,,11.65,23.18,14.62,10.61,,11.0,2.82,1.48,1.01,,7.29,9.34,10.32,,True,2026-05-08,medium_risk
JP90C000D869,ｲｰｽﾄｽﾌﾟﾘﾝｸﾞUS投資適格債ﾌｧﾝﾄﾞ･為替ﾍｯｼﾞ付(年2回決算型),ＵＳＡボンド,ｲｰｽﾄｽﾌﾟﾘﾝｸﾞ,北米債券-為替ヘッジ有り,債券,world,0.06,0.62,0.11,False,False,False,False,False,none,0.993,200.09,7.0,3,4,3,,-3.39,0.67,-0.82,-3.57,,-0.59,0.03,-0.17,-0.58,,3.29,5.59,6.21,,True,2026-05-08,low_risk
JP90C00095Y6,日興ｴﾄﾞﾓﾝ･ﾄﾞｩ･ﾛｽﾁｬｲﾙﾄﾞ･ﾗｸﾞｼﾞｭｱﾘｰﾌｧﾝﾄﾞ,,三井住友DS,欧州株式-為替ヘッジ無し,株式,world,0.06,0.62,0.11,False,False,False,False,False,none,1.8915,38.98,12.0,2,1,2,2,-10.89,7.96,0.57,5.15,9.37,6.71,0.47,0.1,0.34,0.52,18.58,18.15,20.22,21.34,True,2026-05-08,high_risk
JP90C0009SW8,新光 US-REIT ｵｰﾌﾟﾝ(年1回決算型),ゼウスII（年１回決算型）,AMOne,北米REIT-為替ヘッジ無し,不動産,world,0.06,0.62,0.11,False,False,False,False,False,none,1.65,113.37,12.0,1,1,1,2,30.63,19.27,10.61,9.41,7.27,8.75,1.49,0.74,0.58,0.45,11.9,14.64,18.07,20.29,True,2026-05-08,high_risk|tech_heavy
JP90C000F7G7,ﾜｰﾙﾄﾞ･ﾋﾞｭｰﾃｨｰ･ｵｰﾌﾟﾝ(為替ﾍｯｼﾞなし),,三菱UFJｱｾｯﾄ,先進国株式（広域）-為替ヘッジ無し,株式,world,0.06,0.62,0.11,False,False,False,False,False,none,1.804,129.62,7.0,1,1,1,,-3.66,5.49,-5.18,0.94,,5.17,0.4,-0.32,0.13,,14.38,14.44,15.74,,True,2026-05-08,high_risk
JP90C0007552,ＣＡＭベトナムファンド,,キャピタルAM,新興国株式（その他単一国）-為替ヘッジ無し,株式,world,0.06,0.62,0.11,False,False,False,False,False,none,2.618,44.34,12.0,1,2,1,,1.17,29.2,12.51,7.27,9.46,8.22,1.61,0.71,0.43,0.52,16.39,18.76,20.91,22.29,True,2026-05-08,high_risk
JP90C00006W7,三井住友・日本株オープン,,三井住友DS,国内株式,株式,japan,1.0,0.0,0.0,False,False,False,False,False,none,0.88,170.12,12.0,3,5,4,2,27.56,50.09,27.25,17.45,13.13,,2.63,1.39,0.99,0.76,15.73,18.29,17.74,18.39,True,2026-05-08,high_risk|japan_centric
JP90C000JP37,たわらﾉｰﾛｰﾄﾞ ﾌｫｰｶｽ ﾌｨﾝﾃｯｸ,,AMOne,先進国株式（広域）-為替ヘッジ無し,株式,world,0.06,0.62,0.11,False,False,False,False,False,none,0.495,3.83,7.0,1,2,1,,-36.51,-5.5,18.37,3.92,,7.66,-0.15,0.81,0.27,,23.84,24.01,27.23,,True,2026-05-08,very_high_risk
JP90C000D2P1,グローバル株式トップフォーカス,,ｱﾓｰｳﾞｧAM,先進国株式（広域）-為替ヘッジ無し,株式,world,0.06,0.62,0.11,False,False,False,False,False,none,1.238,55.96,12.0,1,1,1,3,-9.27,15.72,16.28,12.23,15.21,14.91,1.06,1.07,0.77,0.87,14.11,14.91,16.46,18.17,True,2026-05-08,global_diversified|high_risk
JP90C000FHG5,ｅＭＡＸＩＳマイマネージャー１９９０ｓ,,三菱UFJｱｾｯﾄ,バランス（固定配分・高リスク）-為替ヘッジ無し,バランス,world,0.06,0.62,0.11,False,False,False,False,False,none,0.55,2.45,7.0,5,5,3,,16.85,31.88,20.83,14.41,,11.58,3.23,1.56,1.06,,8.51,12.47,13.47,,True,2026-05-08,medium_risk
JP90C0009665,海外消費関連日本株ファンド,クール・ジャパン,AMOne,国内株式,株式,japan,1.0,0.0,0.0,False,False,False,False,False,none,1.595,47.05,12.0,1,1,1,1,-12.8,0.54,7.0,6.11,9.52,11.0,0.05,0.51,0.44,0.6,12.48,14.93,16.19,17.66,True,2026-05-08,high_risk|japan_centric
JP90C000CFR3,東京海上･ｸﾞﾛｰﾊﾞﾙﾍﾙｽｹｱREITｵｰﾌﾟﾝ(年1回決算型),,東京海上,海外REIT（含む北米）-為替ヘッジ無し,不動産,world,0.06,0.62,0.11,False,False,False,False,False,none,1.749,117.61,12.0,2,2,1,2,25.92,22.84,14.87,7.43,6.1,5.95,1.57,1.03,0.5,0.35,13.28,14.12,17.08,26.32,True,2026-05-08,high_risk|tech_heavy
JP90C00069T1,ｱﾗｲｱﾝｽ･ﾊﾞｰﾝｽﾀｲﾝ･財産設計 2020,,ｱﾗｲｱﾝｽ,バランス（可変配分）-為替リスク低減,バランス,world,0.06,0.62,0.11,False,False,False,False,False,none,1.13,16.65,12.0,2,2,2,3,3.64,13.02,5.95,2.04,3.66,5.28,2.0,0.76,0.25,0.38,5.91,7.6,8.79,10.84,True,2026-05-08,medium_risk
JP90C0003ZW6,ｲﾝﾃﾞｯｸｽﾌｧﾝﾄﾞ海外株式(ﾍｯｼﾞあり),ＤＣ インデックス海外株式（ヘッジあり）,ｱﾓｰｳﾞｧAM,先進国株式（広域）-為替ヘッジ有り,株式,world,0.06,0.62,0.11,False,False,False,False,False,none,0.638,21.2,12.0,3,4,5,5,8.31,22.64,13.58,7.38,10.09,5.75,1.91,1.09,0.56,0.7,10.7,12.07,14.07,15.43,True,2026-05-08,medium_risk
JP90C0008V02,UBS米国成長株式ﾘｽｸ･ｺﾝﾄﾛｰﾙ･ﾌｧﾝﾄﾞ,,ＵＢＳ,米国株式-為替ヘッジ無し,株式,us,0.0,1.0,0.0,False,False,False,False,False,none,2.057,80.79,12.0,2,2,1,2,-7.71,29.07,21.83,9.73,14.28,12.09,1.67,1.08,0.6,0.85,15.65,19.86,17.87,17.52,True,2026-05-08,active_diversified|growth_focused|high_risk|us_centric
JP90C0002QV9,野村リアルグロース・オープン,,野村,国内株式,株式,world,0.06,0.62,0.11,False,False,False,False,False,none,1.65,168.95,12.0,2,1,1,1,21.6,34.42,13.03,4.58,9.57,6.25,2.06,0.74,0.32,0.53,14.6,18.38,19.79,21.8,True,2026-05-08,growth_focused|high_risk
JP90C000Q1A0,ｲﾝﾍﾞｽｺ 世界厳選株式ｵｰﾌﾟﾝ&lt;為替ﾍｯｼﾞあり&gt;(奇数月決算型),世界のベスト,ｲﾝﾍﾞｽｺ,先進国株式（広域）-為替ヘッジ有り,株式,world,0.06,0.62,0.11,False,False,False,False,False,none,1.903,1.32,1.5,1,,,,8.04,17.17,,,,12.23,1.26,,,,12.71,,,,True,2026-05-08,active_concentrated|global_diversified|medium_risk
JP90C000JYD9,ＮＺＡＭ・ベータ　ＮＹダウ３０,,農中全共連,米国株式-為替ヘッジ無し,株式,world,0.06,0.62,0.11,False,False,False,False,False,none,0.231,19.48,7.0,1,2,3,,14.67,32.51,19.99,17.13,,24.48,2.26,1.27,1.06,,12.53,15.0,15.95,,True,2026-05-08,high_risk
JP90C000GDC1,世界インパクト投資ファンド（資産成長型）,Ｂｅｔｔｅｒ　Ｗｏｒｌｄ,三井住友DS,先進国・新興国株式（広域）-為替ヘッジ無し,株式,world,0.06,0.62,0.11,False,False,False,False,False,none,1.98,527.38,7.0,1,1,1,,12.48,22.42,15.29,9.78,,11.32,1.68,1.03,0.63,,12.12,14.58,16.8,,True,2026-05-08,global_diversified|high_risk
JP90C0006YA8,のむラップ・ファンド（保守型）,,野村,バランス（固定配分・低リスク）-為替ヘッジ無し,バランス,world,0.06,0.62,0.11,False,False,False,False,False,none,1.188,682.84,12.0,3,2,2,2,1.35,6.91,4.44,3.13,2.98,3.72,1.44,0.79,0.55,0.51,4.28,5.28,5.52,5.97,True,2026-05-08,low_risk
JP90C000NWZ8,ﾗｯﾌﾟ型ﾌｧﾝﾄﾞ･ﾌﾟﾗｽESG(安定成長型),Ｒ２４６ ＥＳＧ（安定成長型）,りそな,バランス（固定配分・中リスク）-為替リスク低減,バランス,world,0.06,0.62,0.11,False,False,False,False,False,none,1.1,121.08,4.0,3,3,,,8.84,20.1,11.77,,,10.55,2.66,1.35,,,6.75,8.28,,,True,2026-05-08,medium_risk|thematic
JP90C000ALU9,ﾆｯｾｲ欧州株式厳選ﾌｧﾝﾄﾞ ﾌﾙｲﾝﾍﾞｽﾄﾒﾝﾄｺｰｽ,,ﾆｯｾｲ,欧州株式-為替ヘッジ無し,株式,world,0.06,0.62,0.11,False,False,False,False,False,none,1.87,47.06,12.0,1,1,3,2,12.39,13.06,10.88,10.98,9.65,7.72,0.95,0.81,0.71,0.6,13.12,13.55,16.26,17.92,True,2026-05-08,active_concentrated|high_risk
JP90C0003ZY2,年金積立ｲﾝﾀｰﾅｼｮﾅﾙ･ｸﾞﾛｰｽ･ﾌｧﾝﾄﾞ,ＤＣ Ｉグロース,ｱﾓｰｳﾞｧAM,先進国株式（広域）-為替ヘッジ無し,株式,world,0.06,0.62,0.11,False,False,False,False,False,none,1.98,85.88,12.0,2,3,2,3,2.57,33.79,26.26,15.27,17.02,8.63,1.95,1.35,0.79,0.86,15.21,18.31,20.41,20.84,True,2026-05-08,high_risk
JP90C000AM47,ﾋﾟｸﾃ･ｸﾞﾛｰﾊﾞﾙ･ｲﾝｶﾑ株式ﾌｧﾝﾄﾞ(1年決算型)ﾌﾚｯｸｽ･ｺｰｽ,グロイン・フレックス１年,ﾋﾟｸﾃ,先進国株式（広域）-為替リスク低減,株式,world,0.06,0.62,0.11,False,False,False,False,False,none,1.81,148.31,12.0,3,3,4,3,27.56,35.41,15.89,13.91,9.64,8.33,2.47,1.12,0.92,0.66,12.36,13.79,15.23,15.79,True,2026-05-08,high_risk
JP90C0003N98,スパークス・ジャパン・オープン,キョウソウの架け橋,ｽﾊﾟｰｸｽ,国内株式,株式,world,0.06,0.62,0.11,False,False,False,False,False,none,1.518,32.91,12.0,2,2,1,2,25.43,35.33,21.83,12.52,13.38,8.61,2.34,1.3,0.79,0.81,13.06,15.93,16.38,17.33,True,2026-05-08,high_risk
JP90C000NY14,ｼﾝｶﾞﾎﾟｰﾙREITﾌｧﾝﾄﾞ(資産成長型),Ｓリート,SOMPO,海外REIT（除く北米）-為替ヘッジ無し,不動産,world,0.06,0.62,0.11,False,False,False,False,False,none,1.573,1.21,4.0,3,1,,,0.53,19.72,5.12,,,6.39,1.68,0.42,,,10.68,13.39,,,True,2026-05-08,medium_risk|tech_heavy
JP90C0008X59,ﾌﾗﾝｸﾘﾝ･ﾃﾝﾌﾟﾙﾄﾝ･ｱﾒﾘｶ高配当株ﾌｧﾝﾄﾞ(年2回決算型),,ﾌﾗﾝｸﾘﾝ･ﾃﾝﾌﾟﾙﾄﾝ,米国株式-為替ヘッジ無し,株式,world,0.06,0.62,0.11,False,False,False,False,False,none,1.914,305.53,12.0,1,2,3,1,15.84,24.53,18.35,17.92,13.19,11.02,2.1,1.27,1.13,0.77,10.4,13.76,15.58,18.31,True,2026-05-08,active_diversified|dividend_focused|high_risk
JP90C0001Y71,日本インデックスオープン225,,SBI岡三,国内株式,株式,japan,1.0,0.0,0.0,True,False,False,False,False,none,0.495,161.04,12.0,4,3,2,4,29.9,63.27,28.31,16.6,15.44,6.16,2.65,1.32,0.9,0.82,19.01,20.22,18.98,19.78,True,2026-05-08,high_risk|japan_centric|passive_index
JP90C000H0A3,ﾆｯｾｲ宇宙関連ｸﾞﾛｰﾊﾞﾙ株式ﾌｧﾝﾄﾞ(資産成長型･為替ﾍｯｼﾞあり),スペース革命,ﾆｯｾｲ,先進国株式（広域）-為替ヘッジ有り,株式,world,0.06,0.62,0.11,False,False,False,False,False,none,1.8975,65.63,7.0,1,3,3,,-13.95,10.46,12.1,5.76,,9.54,0.7,0.85,0.41,,14.78,14.36,16.75,,True,2026-05-08,high_risk
JP90C000B7G1,三井住友･米国ﾊｲｸｵﾘﾃｨ株式ﾌｧﾝﾄﾞ(為替ﾍｯｼﾞなし),,三井住友DS,米国株式-為替ヘッジ無し,株式,us,0.0,1.0,0.0,False,False,False,False,False,none,1.859,74.94,12.0,1,1,1,2,-7.95,9.82,12.3,9.73,14.9,11.72,0.66,0.76,0.59,0.79,14.93,16.57,18.22,20.08,True,2026-05-08,high_risk|us_centric
JP90C0001BK6,ＨＳＢＣ ＢＩＣｓオープン,,ＨＳＢＣ,新興国株式（広域）-為替ヘッジ無し,株式,world,0.06,0.62,0.11,False,False,False,False,False,none,2.03,68.92,12.0,1,1,1,1,9.47,27.2,17.13,5.83,9.47,5.41,1.88,1.07,0.39,0.53,12.93,15.61,18.9,21.55,True,2026-05-08,high_risk
JP90C000G185,ｲｰｽﾄｽﾌﾟﾘﾝｸﾞ･ｲﾝﾄﾞﾈｼｱ債券ｵｰﾌﾟﾝ(年2回決算型),,ｲｰｽﾄｽﾌﾟﾘﾝｸﾞ,インドネシア債券-為替ヘッジ無し,債券,world,0.06,0.62,0.11,False,False,False,False,False,none,1.649,31.84,7.0,,,,,-7.43,9.87,3.45,7.47,,6.2,0.97,0.38,0.78,,9.47,9.12,9.65,,True,2026-05-08,medium_risk
JP90C000Q846,ﾓﾙｶﾞﾝ･ｽﾀﾝﾚｰｸﾞﾛｰﾊﾞﾙ･ﾌﾟﾚﾐｱﾑ株式ｵｰﾌﾟﾝ&lt;隔月決算型&gt;(為替ﾍｯｼﾞなし)予,,三菱UFJｱｾｯﾄ,先進国株式（広域）-為替ヘッジ無し,株式,world,0.06,0.62,0.11,False,False,False,False,False,none,1.98,4.71,1.5,1,,,,-12.31,-3.55,,,,4.52,-0.24,,,,13.9,,,,True,2026-05-08,medium_risk
JP90C0009U93,三菱UFJS&amp;P500配当貴族ｲﾝﾃﾞｯｸｽﾌｧﾝﾄﾞ&lt;為替ﾍｯｼﾞなし&gt;,ザ・レジェンド,三菱UFJｱｾｯﾄ,米国株式-為替ヘッジ無し,株式,world,0.06,0.62,0.11,False,False,False,False,False,none,0.55,314.32,12.0,1,1,1,1,20.19,22.04,11.45,12.17,12.4,11.84,1.59,0.85,0.82,0.74,12.68,13.42,15.29,17.82,True,2026-05-08,dividend_focused|high_risk
JP90C000HP39,ﾆｯｾｲ日本株ESGﾌｫｰｶｽﾌｧﾝﾄﾞ(資産成長型),ＥＳＧジャパン,ﾆｯｾｲ,国内株式,株式,japan,1.0,0.0,0.0,False,False,False,False,False,none,1.573,0.24,7.0,1,1,1,,24.94,39.62,17.06,7.35,,10.26,2.36,1.03,0.48,,14.36,16.36,17.48,,True,2026-05-08,high_risk|japan_centric|thematic
JP90C0004Z93,ＳＢＩ・フラトンVPICファンド,,SBI,アジア株式-為替ヘッジ無し,株式,world,0.06,0.62,0.11,False,False,False,False,False,none,2.132,42.54,12.0,1,2,3,3,-1.26,25.38,20.84,12.14,12.58,,1.64,1.34,0.81,0.79,14.07,14.76,15.43,16.67,True,2026-05-08,high_risk
JP90C000GYC7,ｲﾉﾍﾞｰｼｮﾝ･ｲﾝﾃﾞｯｸｽ･ﾌｨﾝﾃｯｸ,,三井住友DS,先進国株式（広域）-為替ヘッジ無し,株式,world,0.06,0.62,0.11,False,False,False,False,False,none,0.8195,11.89,7.0,1,1,1,,-20.98,0.44,13.39,6.0,,11.27,0.09,0.76,0.38,,19.33,18.45,20.28,,True,2026-05-08,high_risk
JP90C000N777,ｽﾃｰﾄ･ｽﾄﾘｰﾄ世界厳選成長株ﾌｧﾝﾄﾞ,,ｽﾃｰﾄｽﾄﾘｰﾄ,先進国株式（広域）-為替ヘッジ無し,株式,world,0.06,0.62,0.11,False,False,False,False,False,none,1.683,19.27,4.0,4,4,,,15.38,43.75,28.93,,,21.7,2.22,1.43,,,16.76,18.82,,,True,2026-05-08,active_concentrated|global_diversified|growth_focused|high_risk
JP90C0009J56,米国短期ハイ・イールド債券オープン,,SBI岡三,ハイイールド債券（低格付）-為替ヘッジ無し,債券,us,0.0,1.0,0.0,False,False,False,False,False,none,1.793,112.93,12.0,1,1,2,1,4.88,10.13,9.97,9.95,6.74,6.42,1.05,1.01,1.02,0.74,9.02,9.54,9.63,9.28,True,2026-05-08,medium_risk|us_centric
JP90C000PPN3,Niつみｲﾝﾃﾞｯｸｽﾗｯﾌﾟ世界10指数(均等型),,ｱﾓｰｳﾞｧAM,バランス（固定配分・中リスク）-為替リスク低減,バランス,world,0.06,0.62,0.11,False,False,False,False,False,none,0.4785,0.8,1.5,3,,,,10.81,20.08,,,,10.35,2.82,,,,6.34,,,,True,2026-05-08,broad_market|global_diversified|medium_risk
JP90C000FHE0,ｅＭＡＸＩＳマイマネージャー１９７０ｓ,,三菱UFJｱｾｯﾄ,バランス（固定配分・中リスク）-為替ヘッジ無し,バランス,world,0.06,0.62,0.11,False,False,False,False,False,none,0.55,1.29,7.0,2,2,2,,6.31,14.38,9.05,6.73,,6.25,2.42,1.27,0.88,,5.35,6.78,7.52,,True,2026-05-08,low_risk
JP90C000LJW6,まるごとひふみ50,,ﾚｵｽ･ｷｬﾋﾟﾀﾙﾜｰｸｽ,バランス（固定配分・中リスク）-為替リスク低減,バランス,world,0.06,0.62,0.11,False,False,False,False,False,none,0.9438,117.13,7.0,1,1,1,,7.25,17.83,8.15,3.73,,3.5,2.06,0.88,0.44,,7.81,9.0,8.81,,True,2026-05-08,active_diversified|medium_risk|quality
JP90C00002U0,日本株式インデックスファンド,,三井住友TAM,国内株式,株式,japan,1.0,0.0,0.0,True,False,False,False,False,none,0.407,25.63,12.0,2,2,3,2,27.68,41.41,23.83,16.19,13.1,5.7,2.55,1.35,1.01,0.79,13.73,16.64,15.92,17.5,True,2026-05-08,high_risk|japan_centric|passive_index
JP90C0000M68,日本株式インデックス・オープン,,三井住友TAM,国内株式,株式,japan,1.0,0.0,0.0,True,False,False,False,False,none,0.407,101.54,12.0,2,2,3,2,27.64,41.39,23.77,16.14,13.08,4.76,2.55,1.35,1.01,0.79,13.73,16.64,15.92,17.5,True,2026-05-08,high_risk|japan_centric|passive_index
JP90C0002AC3,ＡＬＡＭＣＯ リサーチ 日本株オープン,オールジャパン Ｅ,朝日ﾗｲﾌ,国内株式,株式,japan,1.0,0.0,0.0,False,False,False,False,False,none,1.65,58.31,12.0,1,1,1,1,32.27,40.15,20.08,13.14,11.86,4.47,2.38,1.21,0.84,0.71,14.42,16.0,15.95,17.86,True,2026-05-08,high_risk|japan_centric
JP90C0000PG6,三菱UFJﾗｲﾌｾﾚｸﾄﾌｧﾝﾄﾞ(成長型),,三菱UFJｱｾｯﾄ,バランス（固定配分・高リスク）-為替ヘッジ無し,バランス,world,0.06,0.62,0.11,False,False,False,False,False,none,0.88,366.84,12.0,2,2,3,3,16.34,27.97,16.94,12.14,10.4,4.89,2.8,1.41,1.05,0.83,8.73,11.31,11.37,12.85,True,2026-05-08,medium_risk
JP90C000MGV2,ｸﾞﾛｰﾊﾞﾙ･ﾊｲｸｵﾘﾃｨ成長株式ﾌｧﾝﾄﾞ(予想分配金提示型)(為替ﾍｯｼﾞなし),未来の世界（予想分配金提示型）,AMOne,先進国・新興国株式（広域）-為替ヘッジ無し,株式,world,0.06,0.62,0.11,False,False,False,False,False,none,1.87,606.89,4.0,1,3,,,-12.41,10.36,22.66,,,8.97,0.62,1.15,,,17.33,19.11,,,True,2026-05-08,active_diversified|growth_focused|high_risk
JP90C000PUZ7,しんきんG7外国債券ｲﾝﾃﾞｯｸｽﾌｧﾝﾄﾞ(3ヵ月決算型),,しんきん,先進国債券（広域・高格付）-為替ヘッジ無し,債券,world,0.06,0.62,0.11,False,False,False,False,False,none,0.5335,14.16,1.5,1,,,,4.1,10.3,,,,7.4,1.34,,,,7.03,,,,True,2026-05-08,low_risk
JP90C000Q8U3,三菱UFJ/ﾏｯｺｰﾘｰｸﾞﾛｰﾊﾞﾙ･ｲﾝﾌﾗ債券ﾌｧﾝﾄﾞ&lt;為替ﾍｯｼﾞなし&gt;(隔月決算型),世界のいしずえ,三菱UFJｱｾｯﾄ,先進国債券（広域・高格付）-為替ヘッジ無し,債券,world,0.06,0.62,0.11,False,False,False,False,False,none,1.32,0.73,1.5,3,,,,2.81,13.1,,,,7.63,1.38,,,,8.72,,,,True,2026-05-08,low_risk
JP90C0001YW3,日本バリュースターオープン,経営進化論,SBI岡三,国内株式,株式,japan,1.0,0.0,0.0,False,False,False,False,False,none,1.65,16.55,12.0,3,3,3,3,35.92,60.41,26.07,17.19,14.13,5.29,2.44,1.24,0.96,0.79,20.04,20.17,18.05,18.79,True,2026-05-08,active_diversified|high_risk|japan_centric|value_focused
JP90C000AZQ7,ｽﾊﾟｰｸｽ･日本株式ｽﾁｭﾜｰﾄﾞｼｯﾌﾟ･ﾌｧﾝﾄﾞ,対話の力,ｽﾊﾟｰｸｽ,国内株式,株式,japan,1.0,0.0,0.0,False,False,False,False,False,none,1.87,22.89,12.0,1,1,1,1,9.84,19.6,11.66,7.66,9.18,8.61,1.43,0.8,0.57,0.6,12.69,14.71,14.35,16.82,True,2026-05-08,japan_centric|medium_risk
JP90C000FDE9,新シルクロード経済圏ファンド,,ｱﾓｰｳﾞｧAM,新興国株式（広域）-為替ヘッジ無し,株式,world,0.06,0.62,0.11,False,False,False,False,False,none,1.881,54.54,7.0,2,1,1,,21.3,48.42,17.45,7.33,,8.1,2.71,1.09,0.5,,14.79,15.64,16.51,,True,2026-05-08,high_risk
JP90C0009RS8,ﾆｯｾｲJ-REITﾌｧﾝﾄﾞ(年1回決算型),,ﾆｯｾｲ,国内REIT,不動産,world,0.06,0.62,0.11,False,False,False,False,False,none,1.1,42.86,12.0,1,2,2,1,-7.07,10.01,3.26,1.03,2.72,4.76,1.03,0.35,0.13,0.23,9.04,9.72,11.16,19.36,True,2026-05-08,medium_risk|tech_heavy
JP90C000G995,ﾗｲﾌ･ｼﾞｬｰﾆｰ(充実して楽しむｺｰｽ),最高の人生の描き方,三井住友DS,バランス（可変配分）-為替リスク低減,バランス,world,0.06,0.62,0.11,False,False,False,False,False,none,1.608,125.16,7.0,4,4,3,,13.32,25.71,13.63,8.49,,7.83,2.64,1.32,0.78,,8.58,9.81,11.04,,True,2026-05-08,medium_risk
JP90C000Q7W1,NWQﾌﾚｷｼﾌﾞﾙ･ｲﾝｶﾑﾌｧﾝﾄﾞ 為替ﾍｯｼﾞなし(奇数月決算型),,三井住友TAM,バランス（可変配分）-為替ヘッジ無し,バランス,world,0.06,0.62,0.11,False,False,False,False,False,none,1.6775,0.5,1.5,5,,,,14.65,22.98,,,,11.38,2.35,,,,8.71,,,,True,2026-05-08,medium_risk
JP90C000G4J7,ﾌｨﾃﾞﾘﾃｨ･ｸﾞﾛｰﾊﾞﾙ株式ﾌｧﾝﾄﾞ(為替ﾍｯｼﾞなし),グローバル・パスポート,ﾌｨﾃﾞﾘﾃｨ,先進国株式（広域）-為替ヘッジ無し,株式,world,0.06,0.62,0.11,False,False,False,False,False,none,1.58,32.76,7.0,4,3,3,,19.18,40.47,23.16,16.12,,15.0,2.61,1.42,0.96,,13.12,15.27,16.99,,True,2026-05-08,high_risk
JP90C000KVY9,ｸﾞﾛｰﾊﾞﾙ･ﾓﾋﾞﾘﾃｨ･ｻｰﾋﾞｽ株式ﾌｧﾝﾄﾞ(年2回決算型),グローバルＭａａＳ（年２回決算型）,ｱﾓｰｳﾞｧAM,先進国株式（広域）-為替ヘッジ無し,株式,world,0.06,0.62,0.11,False,False,False,False,False,none,1.925,40.59,7.0,4,4,2,,10.3,70.66,39.12,13.61,,18.42,1.96,1.36,0.59,,29.16,26.72,28.23,,True,2026-05-08,very_high_risk
JP90C0007DL7,野村インデックスファンド・新興国債券,Ｆｕｎｄｓ-ｉ 新興国債券,野村,新興国債券（広域・新興国通貨建）-為替ヘッジ無し,債券,em,0.0,0.0,1.0,True,False,False,False,False,none,0.66,13.22,12.0,2,2,2,4,9.79,18.79,11.42,8.69,5.91,4.65,2.13,1.23,0.9,0.59,7.93,8.88,9.58,10.49,True,2026-05-08,em_centric|medium_risk|passive_index
JP90C000DG59,eMAXIS新興国債券ｲﾝﾃﾞｯｸｽ(為替ﾍｯｼﾞあり),,三菱UFJｱｾｯﾄ,新興国債券（広域・米ドル建）-為替ヘッジ有り,債券,em,0.0,0.0,1.0,False,False,False,False,False,none,0.66,18.02,7.0,1,1,1,,-0.25,4.6,2.94,-4.13,,-2.43,0.95,0.43,-0.43,,4.16,6.51,9.21,,True,2026-05-08,em_centric|medium_risk
JP90C000CVZ3,GS米国成長株集中投資ﾌｧﾝﾄﾞ年2回決算ｺｰｽ,,ｺﾞｰﾙﾄﾞﾏﾝ,米国株式-為替ヘッジ無し,株式,us,0.0,1.0,0.0,False,False,False,False,False,none,2.0075,70.38,12.0,2,3,2,3,2.39,32.4,24.2,15.41,15.41,14.42,1.67,1.2,0.73,0.76,17.36,19.35,23.2,22.13,True,2026-05-08,active_concentrated|growth_focused|us_centric|very_high_risk
JP90C000H2Q5,ｷｬﾋﾟﾀﾙ世界株式ﾌｧﾝﾄﾞ年2回決算(分配重視/限定為替ﾍｯｼﾞ),,ｷｬﾋﾟﾀﾙ,先進国株式（広域）-為替リスク低減,株式,world,0.06,0.62,0.11,False,False,False,False,False,none,1.701,147.15,7.0,2,2,1,,1.22,19.26,11.62,4.62,,10.27,1.5,0.9,0.36,,11.82,12.83,15.25,,True,2026-05-08,global_diversified|high_risk
JP90C000RHR7,ｲｰｽﾄｽﾌﾟﾘﾝｸﾞ･ｲﾝﾄﾞ国債ﾌｧﾝﾄﾞ(3ヵ月決算型),+αインド国債(プラスアルファインド国債),ｲｰｽﾄｽﾌﾟﾘﾝｸﾞ,インド債券-為替ヘッジ無し,債券,world,0.06,0.62,0.11,False,False,False,False,False,none,0.847,0.89,1.5,2,,,,-11.6,-5.55,,,,-0.65,-0.59,,,,9.9,,,,True,2026-05-08,medium_risk
JP90C0001738,Ｏｎｅパッシブ資産分散ファンド,三本の矢,AMOne,バランス（可変配分）-為替ヘッジ無し,バランス,world,0.06,0.62,0.11,False,False,False,False,False,none,1.1,37.69,12.0,3,3,2,3,15.06,24.49,12.98,8.54,6.89,4.75,2.67,1.37,0.92,0.68,8.11,9.01,9.17,10.58,True,2026-05-08,medium_risk
JP90C0009PF9,Jﾘｰﾄ･ｱｼﾞｱﾐｯｸｽ･ｵｰﾌﾟﾝ(資産成長型),,三井住友DS,海外REIT（除く北米）-為替ヘッジ無し,不動産,world,0.06,0.62,0.11,False,False,False,False,False,none,1.606,8.64,12.0,1,2,1,2,-2.43,15.5,5.99,3.32,5.89,7.28,1.6,0.61,0.33,0.43,8.87,9.84,11.48,16.17,True,2026-05-08,medium_risk
JP90C000G4K5,ﾌｨﾃﾞﾘﾃｨ･ｸﾞﾛｰﾊﾞﾙ株式ﾌｧﾝﾄﾞ(為替ﾍｯｼﾞあり),グローバル・パスポート,ﾌｨﾃﾞﾘﾃｨ,先進国株式（広域）-為替ヘッジ有り,株式,world,0.06,0.62,0.11,False,False,False,False,False,none,1.58,4.54,7.0,4,3,3,,11.0,26.59,13.17,5.74,,8.24,2.17,1.03,0.44,,10.89,12.42,14.71,,True,2026-05-08,medium_risk
JP90C0000HS8,東京海上セレクション・バランス70,,東京海上,バランス（固定配分・高リスク）-為替ヘッジ無し,バランス,world,0.06,0.62,0.11,False,False,False,False,False,none,1.3453,426.38,12.0,1,1,1,2,14.44,28.96,16.09,10.63,10.32,5.98,2.6,1.26,0.86,0.8,9.74,12.19,12.49,13.29,True,2026-05-08,broad_market|medium_risk
JP90C0005BV4,ＯｎｅストラテジックＪ-ＲＥＩＴファンド,,AMOne,国内REIT,不動産,world,0.06,0.62,0.11,False,False,False,False,False,none,1.045,147.31,12.0,1,1,1,3,-7.15,10.54,3.51,1.34,3.46,5.85,1.1,0.38,0.16,0.27,8.9,9.59,10.96,19.55,True,2026-05-08,medium_risk
JP90C00093P9,コドモ ファンド,,ﾊﾟﾘﾐｷAM,先進国株式（広域）-為替リスク低減,株式,world,0.06,0.62,0.11,False,False,False,False,False,none,2.25,161.55,12.0,3,3,3,3,17.8,28.04,15.63,7.92,9.65,9.35,2.75,1.39,0.65,0.74,8.93,10.66,12.72,13.6,True,2026-05-08,medium_risk
JP90C000MS13,ﾆｯｾｲSDGsｲﾝｶﾑﾌｧﾝﾄﾞ(予想分配金提示型･為替ﾍｯｼﾞなし),,ﾆｯｾｲ,先進国債券（広域・高格付）-為替ヘッジ無し,債券,world,0.06,0.62,0.11,False,False,False,False,False,none,0.913,0.83,4.0,4,5,,,4.35,12.74,9.15,,,7.04,1.66,1.17,,,7.02,7.48,,,True,2026-05-08,low_risk
JP90C000RHS5,ｲｰｽﾄｽﾌﾟﾘﾝｸﾞ･ｲﾝﾄﾞ国債ﾌｧﾝﾄﾞ(年2回決算型),+αインド国債(プラスアルファインド国債),ｲｰｽﾄｽﾌﾟﾘﾝｸﾞ,インド債券-為替ヘッジ無し,債券,world,0.06,0.62,0.11,False,False,False,False,False,none,0.847,1.01,1.5,1,,,,-11.7,-5.61,,,,-0.71,-0.6,,,,9.92,,,,True,2026-05-08,medium_risk
JP90C000CER6,ｱﾗｲｱﾝｽ･ﾊﾞｰﾝｽﾀｲﾝ･財産設計 2050,,ｱﾗｲｱﾝｽ,バランス（可変配分）-為替リスク低減,バランス,world,0.06,0.62,0.11,False,False,False,False,False,none,1.59,14.78,12.0,3,3,3,3,9.64,27.76,13.39,7.59,7.86,6.3,2.42,1.04,0.57,0.53,10.1,12.54,14.18,16.8,True,2026-05-08,medium_risk
JP90C000CWA4,米国連続増配成長株ｵｰﾌﾟﾝ(3ヵ月決算型),女神さま・オープン（３ヵ月決算型）,SBI岡三,米国株式-為替ヘッジ無し,株式,us,0.0,1.0,0.0,False,False,False,False,False,none,1.595,42.73,12.0,2,1,1,2,18.34,33.61,19.06,14.25,14.49,14.13,2.51,1.28,0.9,0.87,11.61,14.16,15.98,17.18,True,2026-05-08,active_diversified|growth_focused|high_risk|us_centric
JP90C000CEW6,日系企業海外債券ｵｰﾌﾟﾝ(為替ﾍｯｼﾞあり),日本びより,三井住友DS,先進国債券（広域・高格付）-為替ヘッジ有り,債券,world,0.06,0.62,0.11,False,False,False,False,False,none,1.0285,273.33,12.0,3,5,3,3,-4.45,0.66,-0.18,-3.13,-1.02,-0.64,0.03,-0.11,-0.77,-0.26,2.77,3.76,4.26,4.0,True,2026-05-08,low_risk
JP90C000RYV4,のむﾗｯﾌﾟ･ﾌｧﾝﾄﾞ(積極型)年6%目標分配金受取型,,野村,バランス（固定配分・高リスク）-為替ヘッジ無し,バランス,world,0.06,0.62,0.11,False,False,False,False,False,none,1.6,87.5,,,,,,17.02,,,,,24.37,,,,,,,,,True,2026-05-08,medium_risk
JP90C000LZV4,ｸﾞﾛｰﾊﾞﾙ･ｽﾍﾟｰｽ株式ﾌｧﾝﾄﾞ(為替ﾍｯｼﾞあり･1年決算型),,ｱﾓｰｳﾞｧAM,先進国株式（広域）-為替ヘッジ有り,株式,world,0.06,0.62,0.11,False,False,False,False,False,none,1.925,1.2,4.0,4,3,,,10.88,66.85,27.44,,,4.78,1.75,1.07,,,31.96,25.46,,,True,2026-05-08,very_high_risk
JP90C0000PE1,三菱UFJﾗｲﾌｾﾚｸﾄﾌｧﾝﾄﾞ(安定型),,三菱UFJｱｾｯﾄ,バランス（固定配分・低リスク）-為替ヘッジ無し,バランス,world,0.06,0.62,0.11,False,False,False,False,False,none,0.748,161.61,12.0,1,1,1,1,-0.55,4.34,2.52,1.7,2.13,2.01,1.0,0.52,0.37,0.47,3.71,4.4,4.36,4.55,True,2026-05-08,low_risk
JP90C000DLE7,野村ｲﾝﾃﾞｯｸｽﾌｧﾝﾄﾞ･米国ﾊｲ･ｲｰﾙﾄﾞ債券･為替ﾍｯｼﾞ型,Ｆｕｎｄｓ-ｉ フォーカス 米国ＨＹ債券Ｈ,野村,ハイイールド債券（低格付）-為替ヘッジ有り,債券,us,0.0,1.0,0.0,False,False,False,False,False,none,0.88,3.2,7.0,3,2,1,,0.48,3.82,2.21,-1.51,,0.53,1.14,0.45,-0.23,,2.79,4.43,6.56,,True,2026-05-08,low_risk|us_centric
JP90C000LZW2,ｸﾞﾛｰﾊﾞﾙ･ｽﾍﾟｰｽ株式ﾌｧﾝﾄﾞ(為替ﾍｯｼﾞあり･年2回決算型),,ｱﾓｰｳﾞｧAM,先進国株式（広域）-為替ヘッジ有り,株式,world,0.06,0.62,0.11,False,False,False,False,False,none,1.925,2.42,4.0,4,3,,,10.95,67.11,27.56,,,4.83,1.75,1.07,,,32.02,25.5,,,True,2026-05-08,very_high_risk
JP90C0009HF6,ﾀﾌ･ｱﾒﾘｶ(為替ﾍｯｼﾞなし 資産成長型),,三井住友DS,バランス（可変配分）-為替ヘッジ無し,バランス,world,0.06,0.62,0.11,False,False,False,False,False,none,1.8825,50.33,12.0,4,3,4,3,14.27,20.29,12.81,11.76,8.79,8.13,2.06,1.29,1.06,0.75,8.88,9.48,10.92,12.05,True,2026-05-08,medium_risk
JP90C0009L11,野村ｲﾝﾃﾞｯｸｽﾌｧﾝﾄﾞ･外国REIT･為替ﾍｯｼﾞ型,Ｆｕｎｄｓ-ｉ 外国REIT・為替ヘッジ型,野村,海外REIT（含む北米）-為替ヘッジ有り,不動産,world,0.06,0.62,0.11,False,False,False,False,False,none,0.605,5.53,12.0,4,3,3,,17.41,11.19,3.75,-0.07,1.41,3.3,0.94,0.3,0.07,0.17,11.26,14.65,17.02,19.6,True,2026-05-08,high_risk|tech_heavy
JP90C000LUQ5,グローバルＧＸ関連株式ファンド,Ｔｈｅ　ＧＸ,三井住友DS,先進国株式（広域）-為替ヘッジ無し,株式,world,0.06,0.62,0.11,False,False,False,False,False,none,1.584,50.13,4.0,4,2,,,28.79,55.76,17.02,,,7.75,3.15,0.91,,,14.23,19.02,,,True,2026-05-08,global_diversified|high_risk
JP90C0007H27,SMTAMﾀﾞｳ･ｼﾞｮｰﾝｽﾞｲﾝﾃﾞｯｸｽﾌｧﾝﾄﾞ(為替ﾍｯｼﾞあり),,三井住友TAM,米国株式-為替ヘッジ有り,株式,world,0.06,0.62,0.11,False,False,False,False,False,none,0.55,39.51,12.0,2,1,3,2,6.07,18.29,8.84,4.23,9.12,9.24,1.48,0.73,0.36,0.61,11.41,12.16,13.8,16.47,True,2026-05-08,medium_risk
JP90C000PPK9,Niつみｲﾝﾃﾞｯｸｽﾗｯﾌﾟ世界10指数(安定成長型),,ｱﾓｰｳﾞｧAM,バランス（固定配分・中リスク）-為替リスク低減,バランス,world,0.06,0.62,0.11,False,False,False,False,False,none,0.4785,0.55,1.5,3,,,,6.67,12.74,,,,6.71,2.35,,,,4.9,,,,True,2026-05-08,global_diversified|medium_risk
JP90C000GFJ1,ﾆｯｾｲSDGsｸﾞﾛｰﾊﾞﾙｾﾚｸﾄﾌｧﾝﾄﾞ(年2回決算型･為替ﾍｯｼﾞなし),,ﾆｯｾｲ,先進国株式（広域）-為替ヘッジ無し,株式,world,0.06,0.62,0.11,False,False,False,False,False,none,1.584,216.64,7.0,2,2,1,,15.83,34.38,19.97,11.86,,13.89,2.14,1.19,0.68,,14.01,16.16,18.67,,True,2026-05-08,high_risk
JP90C0002QX5,ｸﾞﾛｰﾊﾞﾙ･ﾊｲｲﾝｶﾑ･ｽﾄｯｸ･ﾌｧﾝﾄﾞ,,野村,先進国株式（広域）-為替ヘッジ無し,株式,world,0.06,0.62,0.11,False,False,False,False,False,none,1.21,514.55,12.0,3,3,3,2,26.01,37.47,21.68,18.56,13.9,8.9,3.2,1.59,1.34,0.88,9.93,12.68,13.22,16.28,True,2026-05-08,medium_risk
JP90C000HE16,世界ｽﾀｰﾄｱｯﾌﾟ&amp;ｲﾉﾍﾞｰｼｮﾝ株式ﾌｧﾝﾄﾞ,,三井住友TAM,先進国株式（広域）-為替ヘッジ無し,株式,world,0.06,0.62,0.11,False,False,False,False,False,none,1.859,91.0,7.0,1,1,1,,-13.59,15.26,9.13,0.09,,9.94,0.8,0.53,0.11,,19.29,19.46,22.83,,True,2026-05-08,global_diversified|very_high_risk
JP90C000Q4Y4,スタイル9（8資産分散・バランス型）,,大和,バランス（可変配分）-為替ヘッジ無し,バランス,world,0.06,0.62,0.11,False,False,False,False,False,none,0.825,2.7,1.5,2,,,,10.29,20.64,,,,12.34,2.73,,,,6.74,,,,True,2026-05-08,broad_market|medium_risk
JP90C0000LN1,チャイナ・リサーチ・オープン,孔明,三井住友TAM,中国・香港株式-為替ヘッジ無し,株式,world,0.06,0.62,0.11,False,False,False,False,False,none,1.98,10.69,12.0,1,1,1,2,-23.33,18.02,7.0,-1.81,7.06,7.56,0.96,0.38,0.05,0.4,18.44,25.73,26.05,24.13,True,2026-05-08,very_high_risk
JP90C000HNE4,しんきんフコクＥＳＧ日本株式ファンド,,しんきん,国内株式,株式,japan,1.0,0.0,0.0,False,False,False,False,False,none,0.968,18.24,7.0,1,2,2,,18.8,35.32,23.35,14.89,,14.59,2.26,1.33,0.95,,13.53,16.57,15.82,,True,2026-05-08,high_risk|japan_centric
JP90C000E0C2,ﾛﾎﾞｯﾄ･ﾃｸﾉﾛｼﾞｰ関連株ﾌｧﾝﾄﾞ-ﾛﾎﾞﾃｯｸ-(為替ﾍｯｼﾞあり),,大和,先進国株式（広域）-為替ヘッジ有り,株式,world,0.06,0.62,0.11,False,False,False,False,False,none,1.815,83.4,7.0,4,2,2,,21.31,38.61,11.89,3.58,,10.09,1.84,0.65,0.26,,18.38,20.01,22.23,,True,2026-05-08,very_high_risk
JP90C000NM67,楽天･資産づくりﾌｧﾝﾄﾞぷらす+(のんびりｺｰｽ),,楽天,バランス（固定配分・低リスク）-為替リスク低減,バランス,world,0.06,0.62,0.11,False,False,False,False,False,none,0.9975,0.27,4.0,1,2,,,-0.67,3.81,2.01,,,0.14,0.9,0.36,,,3.51,4.95,,,True,2026-05-08,low_risk
JP90C000BFL8,あおぞら・日本株式フォーカス戦略ファンド,しゅういつ,あおぞら,国内株式,株式,japan,1.0,0.0,0.0,False,False,False,False,False,none,1.6885,18.5,12.0,1,2,2,1,33.7,35.36,22.91,16.12,12.09,9.66,1.88,1.2,0.95,0.72,16.52,18.35,17.2,18.06,True,2026-05-08,high_risk|japan_centric
JP90C000G2B8,ﾆｯｾｲSDGsｼﾞｬﾊﾟﾝｾﾚｸﾄﾌｧﾝﾄﾞ(資産成長型),,ﾆｯｾｲ,国内株式,株式,world,0.06,0.62,0.11,False,False,False,False,False,none,1.353,6.92,7.0,2,1,1,,37.93,42.91,18.6,10.28,,8.82,2.48,1.05,0.66,,14.6,17.4,16.8,,True,2026-05-08,high_risk
JP90C000Q838,ﾓﾙｶﾞﾝ･ｽﾀﾝﾚｰｸﾞﾛｰﾊﾞﾙ･ﾌﾟﾚﾐｱﾑ株式ｵｰﾌﾟﾝ&lt;隔月決算型&gt;(為替ﾍｯｼﾞあり)予,,三菱UFJｱｾｯﾄ,先進国株式（広域）-為替ヘッジ有り,株式,world,0.06,0.62,0.11,False,False,False,False,False,none,1.98,0.39,1.5,1,,,,-18.53,-13.58,,,,-3.98,-1.33,,,,10.98,,,,True,2026-05-08,medium_risk
JP90C0002PF4,トピックス・インデックス・オープン,,野村,国内株式,株式,world,0.06,0.62,0.11,True,False,False,False,False,none,0.682,360.72,12.0,1,2,3,1,27.27,40.98,23.62,16.06,13.0,,2.53,1.34,1.0,0.78,13.73,16.64,15.93,17.5,True,2026-05-08,high_risk|passive_index
JP90C000GFG7,ﾆｯｾｲSDGsｸﾞﾛｰﾊﾞﾙｾﾚｸﾄﾌｧﾝﾄﾞ(年2回決算型･為替ﾍｯｼﾞあり),,ﾆｯｾｲ,先進国株式（広域）-為替ヘッジ有り,株式,world,0.06,0.62,0.11,False,False,False,False,False,none,1.584,23.31,7.0,2,2,1,,6.55,19.54,9.16,0.36,,6.04,1.34,0.68,0.1,,13.52,13.84,17.13,,True,2026-05-08,high_risk
JP90C0009H58,MHAM米国好配当株式ﾌｧﾝﾄﾞ(年1回決算型)為替ﾍｯｼﾞなし,ゴールデンルーキー,AMOne,米国株式-為替ヘッジ無し,株式,us,0.0,1.0,0.0,False,False,False,False,False,none,1.925,69.62,12.0,1,1,2,1,11.88,27.51,17.94,16.2,13.92,12.69,2.11,1.21,1.05,0.83,11.58,14.24,15.2,17.45,True,2026-05-08,dividend_focused|high_risk|us_centric
JP90C0002M58,大和住銀日本小型株ファンド,,三井住友DS,国内株式（中小型）,株式,japan,1.0,0.0,0.0,False,False,False,False,False,none,1.672,68.31,12.0,2,2,3,3,14.03,28.36,17.21,13.2,13.21,9.47,2.36,1.35,1.14,0.89,10.56,12.06,11.27,15.11,True,2026-05-08,japan_centric|medium_risk
JP90C0003502,ﾌｨﾃﾞﾘﾃｨ･欧州中小型株･ｵｰﾌﾟﾝAｺｰｽ(為替ﾍｯｼﾞ付き),,ﾌｨﾃﾞﾘﾃｨ,欧州株式-為替ヘッジ有り,株式,world,0.06,0.62,0.11,False,False,False,False,False,none,1.683,18.69,12.0,,,,,-7.2,5.26,-0.46,-2.77,4.09,,0.43,0.01,-0.12,0.31,12.19,13.02,14.98,17.65,True,2026-05-08,medium_risk
JP90C0009764,ﾜｰﾙﾄﾞ･ﾘｰﾄ･ｾﾚｸｼｮﾝ(ｱｼﾞｱ)(年2回決算型),,SBI岡三,海外REIT（除く北米）-為替ヘッジ無し,不動産,world,0.06,0.62,0.11,False,False,False,False,False,none,1.65,6.04,12.0,3,2,2,4,0.11,18.93,5.48,6.6,7.39,7.68,1.62,0.44,0.5,0.53,10.69,13.38,14.45,15.51,True,2026-05-08,medium_risk
JP90C000HDY3,ｲﾉﾍﾞｰｼｮﾝ･ｲﾝﾃﾞｯｸｽ･ｼｪｱﾘﾝｸﾞｴｺﾉﾐｰ,,三井住友DS,先進国株式（広域）-為替ヘッジ無し,株式,world,0.06,0.62,0.11,False,False,False,False,False,none,0.8195,6.63,7.0,1,3,2,,-24.49,2.35,22.11,9.27,,11.92,0.18,1.1,0.48,,19.93,19.73,24.28,,True,2026-05-08,very_high_risk
JP90C00015Q0,グローバル・ボンド・ポート（Ｃコース）,,AMOne,先進国債券（広域・高格付）-為替ヘッジ有り,債券,world,0.06,0.62,0.11,False,False,False,False,False,none,0.935,135.61,12.0,1,1,1,1,-4.21,-2.09,-2.78,-5.6,-2.62,-0.07,-0.93,-0.6,-0.98,-0.5,2.88,4.99,5.88,5.14,True,2026-05-08,global_diversified|low_risk
JP90C000F8Q4,SMT8資産ｲﾝﾃﾞｯｸｽﾊﾞﾗﾝｽ･ｵｰﾌﾟﾝ,,三井住友TAM,バランス（固定配分・中リスク）-為替ヘッジ無し,バランス,world,0.06,0.62,0.11,False,False,False,False,False,none,0.55,4.56,7.0,4,4,3,,14.16,24.72,13.93,9.79,,8.2,2.89,1.45,0.99,,7.54,9.08,9.73,,True,2026-05-08,broad_market|medium_risk
JP90C000HP21,ﾆｯｾｲ日本株ESGﾌｫｰｶｽﾌｧﾝﾄﾞ(年2回決算型),ＥＳＧジャパン,ﾆｯｾｲ,国内株式,株式,japan,1.0,0.0,0.0,False,False,False,False,False,none,1.573,0.33,7.0,1,1,1,,24.51,39.37,16.97,7.33,,10.2,2.34,1.02,0.48,,14.39,16.37,17.47,,True,2026-05-08,high_risk|japan_centric|thematic
JP90C0002JC4,明治安田TOPIXオープン,,明治安田ＡＭ,国内株式,株式,japan,1.0,0.0,0.0,True,False,False,False,False,none,0.66,1.12,12.0,1,2,3,2,27.22,41.02,23.71,16.14,13.07,8.13,2.53,1.35,1.01,0.79,13.72,16.62,15.91,17.48,True,2026-05-08,high_risk|japan_centric|passive_index
JP90C000EHL8,新･ﾐｭｰｽﾞﾆｯﾁ米国BDCﾌｧﾝﾄﾞ(為替ﾍｯｼﾞなし･年2回決算型),,ｱﾓｰｳﾞｧAM,分類対象外,株式,us,0.0,1.0,0.0,False,False,False,False,False,none,2.035,54.65,7.0,,,,,1.07,6.6,12.24,12.12,,7.59,0.44,0.77,0.74,,15.88,16.22,17.37,,True,2026-05-08,high_risk|us_centric
JP90C000Q440,ｵｰｽﾄﾗﾘｱ公社債ﾌｧﾝﾄﾞ(奇数月決算型),オージーボンド（奇数月決算型）,三井住友TAM,オセアニア債券-為替ヘッジ無し,債券,world,0.06,0.62,0.11,False,False,False,False,False,none,1.54,2.61,1.5,2,,,,19.43,19.87,,,,8.99,2.17,,,,8.23,,,,True,2026-05-08,medium_risk
JP90C0005QB4,HSBC ﾌﾞﾗｼﾞﾙ株式ﾌｧﾝﾄﾞ(3ヶ月決算型),,ＨＳＢＣ,ブラジル・中南米株式-為替ヘッジ無し,株式,world,0.06,0.62,0.11,False,False,False,False,False,none,2.09,9.39,12.0,2,2,1,,66.03,59.09,21.56,11.6,7.67,-0.16,2.35,0.99,0.52,0.39,20.49,21.94,28.12,31.8,True,2026-05-08,very_high_risk
JP90C000E4X0,USﾃｸﾉﾛｼﾞｰ･ｲﾉﾍﾞｰﾀｰｽﾞ･ﾌｧﾝﾄﾞ(為替ﾍｯｼﾞあり),,三井住友DS,米国株式-為替ヘッジ有り,株式,world,0.06,0.62,0.11,False,False,False,False,False,none,1.903,24.26,7.0,4,5,2,,19.23,51.29,30.58,3.55,,12.53,1.81,1.21,0.27,,24.26,24.18,33.0,,True,2026-05-08,very_high_risk
JP90C000SLL0,GQGﾀﾞｲﾅﾐｯｸ･ﾊｲｸｵﾘﾃｨ株式ﾌｧﾝﾄﾞ(資産成長型),,SOMPO,先進国・新興国株式（広域）-為替ヘッジ無し,株式,world,0.06,0.62,0.11,False,False,False,False,False,none,1.9481,1.58,,,,,,,,,,,,,,,,,,,,True,2026-05-08,medium_risk
JP90C0001EY1,ｸﾞﾛｰﾊﾞﾙ･ｿﾌﾞﾘﾝ･ｵｰﾌﾟﾝ(3ヵ月決算型),,三菱UFJｱｾｯﾄ,先進国債券（広域・高格付）-為替リスク低減,債券,world,0.06,0.62,0.11,False,False,False,False,False,none,1.375,158.38,12.0,5,4,4,4,3.74,9.36,5.5,3.7,2.76,,1.33,0.75,0.52,0.42,6.43,7.03,7.1,6.88,True,2026-05-08,low_risk
JP90C0000SZ0,三菱ＵＦＪ トピックスオープン,,三菱UFJｱｾｯﾄ,国内株式,株式,world,0.06,0.62,0.11,False,False,False,False,False,none,0.55,40.19,12.0,1,2,3,2,27.46,41.16,23.79,16.19,13.08,5.6,2.54,1.35,1.01,0.79,13.73,16.64,15.93,17.51,True,2026-05-08,high_risk
JP90C0001571,ＤＬ日本株式オープン,技あり一本（るいとう）,AMOne,国内株式,株式,japan,1.0,0.0,0.0,False,False,False,False,False,none,1.694,16.88,12.0,3,3,2,2,31.48,45.46,24.41,14.83,13.25,5.52,2.48,1.26,0.87,0.77,15.4,18.4,17.58,18.26,True,2026-05-08,high_risk|japan_centric
JP90C000JLX4,ﾊﾟｲﾝﾌﾞﾘｯｼﾞ･ｸﾞﾛｰﾊﾞﾙ･ﾃｸﾉﾛｼﾞｰ･ｲﾝﾌﾗ･ﾌｧﾝﾄﾞ(3ヵ月決算型),未来インフラ（３ヵ月決算型）,ﾊﾟｲﾝﾌﾞﾘｯｼﾞ,海外REIT（含む北米）-為替ヘッジ無し,不動産,world,0.06,0.62,0.11,False,False,False,False,False,none,1.738,9.12,7.0,1,1,1,,20.61,18.05,8.74,6.49,,6.98,1.35,0.61,0.43,,12.43,14.97,18.16,,True,2026-05-08,high_risk
JP90C000JVP9,ﾓﾙｶﾞﾝ･ｽﾀﾝﾚｰｸﾞﾛｰﾊﾞﾙ･ｻｽﾃｲﾝ戦略ﾌｧﾝﾄﾞ(為替ﾍｯｼﾞなし),,野村,先進国株式（広域）-為替ヘッジ無し,株式,world,0.06,0.62,0.11,False,False,False,False,False,none,1.925,160.35,7.0,1,1,1,,1.18,6.7,12.1,10.6,,13.36,0.52,0.9,0.74,,12.91,13.42,14.95,,True,2026-05-08,medium_risk
JP90C0001US9,損保ジャパン日本債券ファンド,,SOMPO,国内債券,債券,japan,1.0,0.0,0.0,False,False,False,False,False,none,0.605,12.25,12.0,3,3,2,2,-8.01,-6.18,-4.17,-3.35,-1.81,0.16,-2.75,-1.36,-1.2,-0.75,2.54,3.32,2.96,2.49,True,2026-05-08,japan_centric|low_risk
JP90C0009T96,UBS公益･金融社債ﾌｧﾝﾄﾞ(年1回決算型･為替ﾍｯｼﾞあり),わかば年１,ＵＢＳ,先進国債券（広域・高格付）-為替ヘッジ有り,債券,world,0.06,0.62,0.11,False,False,False,False,False,none,1.155,6.7,12.0,3,3,3,4,-3.89,0.71,-0.66,-3.91,-0.92,0.04,0.04,-0.16,-0.66,-0.14,3.53,5.33,6.06,5.83,True,2026-05-08,low_risk
JP90C000A121,ダイワＪＰＸ日経400ファンド,,大和,国内株式,株式,japan,1.0,0.0,0.0,True,False,False,False,False,none,0.7205,148.29,12.0,1,2,3,2,29.22,41.29,24.01,16.29,13.09,10.78,2.56,1.35,1.01,0.79,13.67,16.74,16.14,17.52,True,2026-05-08,high_risk|japan_centric|passive_index
JP90C0007DK9,野村ｲﾝﾃﾞｯｸｽﾌｧﾝﾄﾞ･新興国債券･為替ﾍｯｼﾞ型,Ｆｕｎｄｓ-ｉ 新興国債券・為替ヘッジ型,野村,新興国債券（広域・米ドル建）-為替ヘッジ有り,債券,em,0.0,0.0,1.0,False,False,False,False,False,none,0.66,11.27,12.0,2,3,2,1,1.53,6.35,3.69,-4.03,-1.33,0.58,1.38,0.54,-0.42,-0.11,4.06,6.46,9.18,9.24,True,2026-05-08,em_centric|medium_risk
JP90C000AP69,ワールド・リゾート関連株式ファンド,ビジット・ワールド,三井住友DS,先進国株式（広域）-為替ヘッジ無し,株式,world,0.06,0.62,0.11,False,False,False,False,False,none,1.705,20.56,12.0,1,1,1,1,-6.96,11.45,6.32,5.16,6.48,5.05,0.77,0.43,0.36,0.41,14.59,16.72,17.53,20.55,True,2026-05-08,high_risk
JP90C0001S46,ニッセイ日本株グロースオープン,生活３Ｃ,ﾆｯｾｲ,国内株式,株式,japan,1.0,0.0,0.0,False,False,False,False,False,none,1.65,12.56,12.0,1,1,1,1,26.82,35.35,14.49,6.98,10.25,4.39,2.05,0.84,0.46,0.63,15.07,17.52,17.6,18.1,True,2026-05-08,growth_focused|high_risk|japan_centric
JP90C00025T3,シュローダー日本ファンド,,ｼｭﾛｰﾀﾞｰ,国内株式,株式,japan,1.0,0.0,0.0,False,False,False,False,False,none,1.628,68.54,12.0,3,3,3,2,47.85,49.78,25.35,17.26,13.54,7.1,2.84,1.44,1.08,0.79,14.43,16.45,15.69,18.1,True,2026-05-08,high_risk|japan_centric
JP90C000L0D1,世界ｲﾝﾌﾗ戦略ﾌｧﾝﾄﾞ(為替ﾍｯｼﾞなし/資産成長型),インフラX,大和,先進国株式（広域）-為替ヘッジ無し,株式,world,0.06,0.62,0.11,False,False,False,False,False,none,1.6775,35.46,7.0,4,2,2,,33.32,53.58,16.25,13.4,,14.82,2.88,0.98,0.74,,15.14,16.51,19.33,,True,2026-05-08,global_diversified|high_risk
JP90C000E289,好循環社会促進日本株ファンド,みんなのチカラ,SOMPO,国内株式,株式,japan,1.0,0.0,0.0,False,False,False,False,False,none,1.078,2.42,7.0,2,1,2,,40.43,41.46,19.44,13.7,,12.39,2.56,1.24,0.94,,13.7,15.04,14.65,,True,2026-05-08,japan_centric|medium_risk
JP90C000B764,アジア・ヘルスケア株式ファンド,,ｱﾓｰｳﾞｧAM,アジア株式-為替ヘッジ無し,株式,world,0.06,0.62,0.11,False,False,False,False,False,none,1.805,45.76,12.0,1,1,1,1,-7.8,20.69,7.64,0.17,4.23,1.34,1.02,0.46,0.1,0.3,19.81,19.09,20.91,21.31,True,2026-05-08,high_risk
JP90C000ALA1,ｱﾑﾝﾃﾞｨ･ｸﾞﾛｰﾊﾞﾙ･ｻｽﾃﾅﾌﾞﾙ･ﾊﾞﾘｭｰ･ﾌｧﾝﾄﾞ 年2回決算型(為替ﾍｯｼﾞなし,サステナブル・ギフト,ｱﾑﾝﾃﾞｨ,先進国株式（広域）-為替ヘッジ無し,株式,world,0.06,0.62,0.11,False,False,False,False,False,none,1.608,193.32,12.0,2,2,3,1,18.56,33.41,20.04,16.51,11.94,10.53,2.4,1.55,1.23,0.84,12.07,12.1,12.94,14.55,True,2026-05-08,medium_risk
JP90C000QM23,ｻｲﾊﾞｰｾｷｭﾘﾃｨ株式ｵｰﾌﾟﾝ&lt;隔月決算型&gt;(為替ﾍｯｼﾞなし)予想分配金提示型,,三菱UFJｱｾｯﾄ,米国株式-為替ヘッジ無し,株式,world,0.06,0.62,0.11,False,False,False,False,False,none,1.87,2.71,1.5,1,,,,-21.89,13.77,,,,10.48,0.67,,,,21.94,,,,True,2026-05-08,medium_risk
JP90C000LQC3,ｸﾞﾛｰﾊﾞﾙ･ｴｸｽﾎﾟﾈﾝｼｬﾙ･ｲﾉﾍﾞｰｼｮﾝ･ﾌｧﾝﾄﾞ,,ｱﾓｰｳﾞｧAM,先進国株式（広域）-為替ヘッジ無し,株式,world,0.06,0.62,0.11,False,False,False,False,False,none,1.6675,2507.32,7.0,3,3,1,,-9.59,52.68,28.2,2.27,,2.25,1.61,0.95,0.23,,28.48,30.82,35.07,,True,2026-05-08,very_high_risk
JP90C000CVG3,ﾋﾟｸﾃ･ｾｷｭﾘﾃｨ･ﾌｧﾝﾄﾞ(為替ﾍｯｼﾞなし),,ﾋﾟｸﾃ,先進国株式（広域）-為替ヘッジ無し,株式,world,0.06,0.62,0.11,False,False,False,False,False,none,1.7908,205.07,12.0,1,2,1,1,4.97,18.7,17.39,10.03,12.74,12.46,1.03,0.92,0.56,0.68,17.64,19.03,20.68,20.9,True,2026-05-08,high_risk
JP90C0004005,ｲﾝﾃﾞｯｸｽﾌｧﾝﾄﾞ海外債券(ﾍｯｼﾞあり)1年決算型,ＤＣ インデックス海外債券（ヘッジあり）,ｱﾓｰｳﾞｧAM,先進国債券（広域・高格付）-為替ヘッジ有り,債券,world,0.06,0.62,0.11,False,False,False,False,False,none,0.473,4.92,12.0,2,1,1,1,-3.47,-1.68,-2.09,-4.81,-2.19,0.28,-0.85,-0.55,-0.96,-0.47,2.69,4.26,5.16,4.63,True,2026-05-08,low_risk
JP90C000CJV7,ﾊﾘｽｸﾞﾛｰﾊﾞﾙﾊﾞﾘｭｰ株ﾌｧﾝﾄﾞ(年4回決算型),,朝日ﾗｲﾌ,先進国株式（広域）-為替ヘッジ無し,株式,world,0.06,0.62,0.11,False,False,False,False,False,none,1.98,27.42,12.0,1,1,1,1,10.34,21.85,12.24,10.12,11.85,9.25,1.48,0.81,0.63,0.6,13.54,15.4,17.58,23.14,True,2026-05-08,high_risk
JP90C0009KU9,ｱｼﾞｱ･ｵｾｱﾆｱ好配当株ﾌｧﾝﾄﾞ(1年決算型),,SBI岡三,先進国・新興国株式（広域）-為替ヘッジ無し,株式,world,0.06,0.62,0.11,False,False,False,False,False,none,1.595,26.67,12.0,4,3,2,2,26.98,51.23,23.2,11.28,10.47,7.91,3.07,1.39,0.71,0.65,13.62,15.7,16.88,17.72,True,2026-05-08,dividend_focused|high_risk
JP90C000DP41,世界インパクト投資ファンド,Ｂｅｔｔｅｒ　Ｗｏｒｌｄ,三井住友DS,先進国・新興国株式（広域）-為替ヘッジ無し,株式,world,0.06,0.62,0.11,False,False,False,False,False,none,1.98,299.57,7.0,1,1,1,,12.45,22.4,15.25,9.74,,12.39,1.68,1.03,0.63,,12.13,14.57,16.81,,True,2026-05-08,global_diversified|high_risk
JP90C000Q0U0,日本企業PBR向上ファンド,ブレイクスルー,大和,国内株式,株式,japan,1.0,0.0,0.0,False,False,False,False,False,none,1.573,534.26,1.5,5,,,,69.11,92.62,,,,41.3,3.95,,,,16.9,,,,True,2026-05-08,japan_centric|medium_risk
JP90C0000XT3,ＧＳ・日本株ファンド（自動けいぞく）,牛若丸（自動けいぞく）,ｺﾞｰﾙﾄﾞﾏﾝ,国内株式,株式,japan,1.0,0.0,0.0,False,False,False,False,False,none,1.408,67.41,12.0,1,1,1,1,16.51,33.23,20.87,13.85,12.53,5.45,1.96,1.14,0.81,0.73,14.93,17.82,17.82,18.35,True,2026-05-08,high_risk|japan_centric
JP90C000C0N1,ｱｼﾞｱ好利回りﾘｰﾄ･ﾌｧﾝﾄﾞ(年1回決算型),,三井住友DS,海外REIT（除く北米）-為替ヘッジ無し,不動産,world,0.06,0.62,0.11,False,False,False,False,False,none,1.833,30.97,12.0,1,1,1,3,-2.55,19.38,8.26,5.83,7.08,5.62,1.5,0.64,0.44,0.5,11.92,13.42,15.35,16.24,True,2026-05-08,high_risk
JP90C00034V1,フィデリティ・ジャパン・オープン,,ﾌｨﾃﾞﾘﾃｨ,国内株式,株式,world,0.06,0.62,0.11,False,False,False,False,False,none,1.683,817.61,12.0,1,1,1,2,23.78,36.95,19.64,12.21,12.68,,2.06,1.08,0.73,0.73,15.62,17.82,17.68,18.81,True,2026-05-08,high_risk
JP90C0001VW9,ＭＨＡＭ　ＴＯＰＩＸオープン,,AMOne,国内株式,株式,world,0.06,0.62,0.11,False,False,False,False,False,none,0.66,154.67,12.0,1,2,3,1,27.4,41.07,23.68,16.09,13.0,5.69,2.53,1.34,1.01,0.78,13.74,16.65,15.93,17.5,True,2026-05-08,high_risk
JP90C0000T20,三菱UFJ海外債券ｵｰﾌﾟﾝ(3ヵ月決算型),四季の恵み（海外債券）,三菱UFJｱｾｯﾄ,先進国債券（広域・高格付）-為替ヘッジ無し,債券,world,0.06,0.62,0.11,False,False,False,False,False,none,1.21,149.64,12.0,3,1,2,2,6.07,11.88,7.1,4.77,3.53,3.86,1.62,0.94,0.64,0.49,6.69,7.26,7.43,7.45,True,2026-05-08,low_risk
JP90C0002AD1,ﾙｰﾐｽｸﾞﾛｰﾊﾞﾙﾎﾞﾝﾄﾞﾌｧﾝﾄﾞ(為替ﾍｯｼﾞあり･年2回決算型),,朝日ﾗｲﾌ,先進国債券（広域・高格付）-為替ヘッジ有り,債券,world,0.06,0.62,0.11,False,False,False,False,False,none,1.43,19.54,12.0,2,1,1,1,-4.21,-1.64,-2.25,-4.91,-1.76,0.87,-0.76,-0.55,-0.97,-0.37,2.93,4.54,5.24,4.68,True,2026-05-08,low_risk
JP90C0009ZJ0,ﾀﾞｲﾜ･US-REIT･ｵｰﾌﾟﾝ(年1回決算型)為替ﾍｯｼﾞあり,,大和,北米REIT-為替ヘッジ有り,不動産,world,0.06,0.62,0.11,False,False,False,False,False,none,1.606,14.65,12.0,3,5,5,5,22.46,10.73,5.84,2.07,3.5,5.31,0.87,0.43,0.19,0.27,11.83,15.08,17.91,20.51,True,2026-05-08,high_risk|tech_heavy
JP90C000AFR7,野村米国ﾌﾞﾗﾝﾄﾞ株投資(為替ﾍｯｼﾞなし)年2回決算型,,野村,米国株式-為替ヘッジ無し,株式,us,0.0,1.0,0.0,False,False,False,False,False,none,1.773,160.14,12.0,2,3,3,4,10.27,42.19,28.05,18.29,20.16,17.29,2.22,1.38,0.88,0.95,16.17,19.01,21.61,21.75,True,2026-05-08,high_risk|us_centric
JP90C0000HR0,東京海上セレクション・バランス50,,東京海上,バランス（固定配分・中リスク）-為替ヘッジ無し,バランス,world,0.06,0.62,0.11,False,False,False,False,False,none,1.1363,493.9,12.0,1,1,1,3,8.64,19.3,10.98,7.21,7.25,4.76,2.35,1.16,0.77,0.75,7.38,9.08,9.33,9.84,True,2026-05-08,broad_market|medium_risk
JP90C0008EH1,ﾆｯｾｲ･ﾜｰﾙﾄﾞｽﾎﾟｰﾂ･ﾌｧﾝﾄﾞ-ﾒﾀﾞﾘｽﾄ-Bｺｰｽ(為替ﾍｯｼﾞなし),,ﾆｯｾｲ,先進国株式（広域）-為替ヘッジ無し,株式,world,0.06,0.62,0.11,False,False,False,False,False,none,1.837,85.35,12.0,1,1,1,1,-16.55,4.06,7.39,5.6,8.48,12.37,0.31,0.5,0.38,0.52,14.09,16.36,17.88,19.08,True,2026-05-08,high_risk
JP90C000PVB6,ﾀﾞｲﾜ･US-REIT･ｵｰﾌﾟﾝ(為替ﾍｯｼﾞなし/奇数月決算型),,大和,北米REIT-為替ヘッジ無し,不動産,world,0.06,0.62,0.11,False,False,False,False,False,none,1.606,127.41,1.5,3,,,,31.84,23.21,,,,18.16,1.75,,,,11.98,,,,True,2026-05-08,medium_risk|tech_heavy
JP90C000P053,Ｊ-ＲＥＩＴリサーチ・アクティブファンド,,りそな,国内REIT,不動産,world,0.06,0.62,0.11,False,False,False,False,False,none,1.023,2.81,4.0,3,2,,,-3.17,12.71,4.53,,,4.53,1.28,0.46,,,9.19,9.95,,,True,2026-05-08,active_diversified|medium_risk
JP90C0007DJ1,野村インデックスファンド・外国債券,Ｆｕｎｄｓ-ｉ 外国債券,野村,先進国債券（広域・高格付）-為替ヘッジ無し,債券,world,0.06,0.62,0.11,True,False,False,False,False,none,0.605,40.42,12.0,2,3,3,3,5.75,11.43,7.79,5.33,3.94,5.06,1.51,1.02,0.71,0.55,6.94,7.3,7.48,7.35,True,2026-05-08,low_risk|passive_index
JP90C0007LF2,野村米国ﾌﾞﾗﾝﾄﾞ株投資(為替ﾍｯｼﾞあり)年2回決算型,,野村,米国株式-為替ヘッジ有り,株式,us,0.0,1.0,0.0,False,False,False,False,False,none,1.773,33.86,12.0,3,3,3,3,-1.88,22.84,16.57,5.9,12.45,10.28,1.39,1.0,0.38,0.7,15.16,16.46,19.7,19.32,True,2026-05-08,high_risk|us_centric
JP90C0009D29,ﾆｯｾｲｱﾒﾘｶ高配当株ﾌｧﾝﾄﾞ(年2回決算型),ＵＳドリーム（年２回）,ﾆｯｾｲ,米国株式-為替ヘッジ無し,株式,world,0.06,0.62,0.11,False,False,False,False,False,none,1.914,130.13,12.0,1,2,3,1,15.72,24.34,18.12,17.68,12.95,10.26,2.1,1.27,1.13,0.77,10.33,13.64,15.3,17.9,True,2026-05-08,active_diversified|dividend_focused|high_risk
JP90C000HV98,ジパング企業債ファンド,,ｱﾓｰｳﾞｧAM,先進国債券（広域・高格付）-為替ヘッジ有り,債券,world,0.06,0.62,0.11,False,False,False,False,False,none,0.803,320.68,7.0,3,5,5,,-6.84,-1.2,0.22,-1.12,,-0.21,-0.71,-0.01,-0.42,,2.52,3.19,2.99,,True,2026-05-08,low_risk
JP90C0002736,ﾋﾟｸﾃ･ﾊﾞｲｵ医薬品ﾌｧﾝﾄﾞ(1年決算型)円ｺｰｽ,,ﾋﾟｸﾃ,米国株式-為替ヘッジ有り,株式,world,0.06,0.62,0.11,False,False,False,False,False,none,2.09,17.22,12.0,3,2,1,1,18.01,30.48,3.0,0.29,3.36,4.17,1.65,0.24,0.1,0.26,16.59,17.24,18.56,20.32,True,2026-05-08,high_risk
JP90C000GV81,auスマート・ベーシック（安定）,,au,バランス（固定配分・低リスク）-為替ヘッジ無し,バランス,world,0.06,0.62,0.11,False,False,False,False,False,none,0.385,31.9,7.0,2,2,2,,0.19,4.79,2.69,1.89,,2.06,1.07,0.57,0.41,,3.86,4.24,4.31,,True,2026-05-08,low_risk
JP90C000PBQ6,ＮＺＡＭ・ベータ　先進国ＲＥＩＴ,,農中全共連,海外REIT（含む北米）-為替ヘッジ無し,不動産,world,0.06,0.62,0.11,False,False,False,False,False,none,0.275,8.68,4.0,3,3,,,28.56,25.43,14.32,,,15.83,2.02,0.98,,,11.23,14.37,,,True,2026-05-08,developed_only|medium_risk
JP90C000C8F0,ｅＭＡＸＩＳ債券バランス（２資産均等型）,,三菱UFJｱｾｯﾄ,先進国債券（広域・高格付）-為替ヘッジ有り,債券,world,0.06,0.62,0.11,False,False,False,False,False,none,0.44,1.85,12.0,1,1,2,1,-6.34,-4.33,-3.34,-4.13,-2.01,-1.48,-2.02,-1.08,-1.19,-0.64,2.48,3.38,3.63,3.2,True,2026-05-08,broad_market|low_risk
JP90C0000A88,三井住友･ｸﾞﾛｰﾊﾞﾙ･ﾘｰﾄ･ｵｰﾌﾟﾝ(1年決算型),世界の大家さん（１年決算型）,三井住友DS,海外REIT（含む北米）-為替ヘッジ無し,不動産,world,0.06,0.62,0.11,False,False,False,False,False,none,1.749,8.28,12.0,1,1,1,1,7.99,15.79,8.71,6.65,4.47,2.96,1.38,0.72,0.52,0.32,10.58,12.16,13.96,19.66,True,2026-05-08,medium_risk
JP90C000PP70,ﾌｨﾃﾞﾘﾃｨ･USﾘｰﾄ･ﾌｧﾝﾄﾞ(隔月決算型)(為替ﾍｯｼﾞなし),,ﾌｨﾃﾞﾘﾃｨ,北米REIT-為替ヘッジ無し,不動産,world,0.06,0.62,0.11,False,False,False,False,False,none,1.452,13.73,1.5,3,,,,37.18,25.26,,,,13.25,1.82,,,,12.5,,,,True,2026-05-08,medium_risk
JP90C0004P87,ＨＳＢＣアジア・プラス（3ヶ月決算型）,,ＨＳＢＣ,アジア株式-為替ヘッジ無し,株式,world,0.06,0.62,0.11,False,False,False,False,False,none,2.063,10.25,12.0,4,4,3,3,29.47,57.96,23.55,10.69,12.14,4.71,2.66,1.25,0.62,0.67,17.62,17.94,19.11,19.85,True,2026-05-08,high_risk
JP90C00070L6,東京海上･円建て投資適格債券ﾌｧﾝﾄﾞ(年2回決算型),円債くん（年２回決算型）,東京海上,国内債券,債券,world,0.06,0.62,0.11,False,False,False,False,False,none,0.902,25.71,12.0,3,3,3,3,-10.33,-7.43,-4.32,-3.44,-1.9,-0.17,-2.88,-1.23,-1.08,-0.72,2.88,3.79,3.36,2.71,True,2026-05-08,low_risk
JP90C000Q2N1,米国国債ﾌｧﾝﾄﾞ 為替ﾍｯｼﾞなし(奇数月決算型),,大和,北米債券-為替ヘッジ無し,債券,us,0.0,1.0,0.0,False,False,False,False,False,none,1.144,19.56,1.5,1,,,,3.18,9.77,,,,6.34,1.05,,,,8.64,,,,True,2026-05-08,medium_risk|us_centric
JP90C0001UN0,損保ｼﾞｬﾊﾟﾝ-TCW外国株式ﾌｧﾝﾄﾞBｺｰｽ(為替ﾍｯｼﾞなし),,SOMPO,先進国株式（広域）-為替ヘッジ無し,株式,world,0.06,0.62,0.11,False,False,False,False,False,none,2.09,45.96,12.0,1,2,2,2,13.18,23.32,20.06,15.45,14.75,5.27,1.77,1.31,0.95,0.84,11.94,14.49,16.3,18.46,True,2026-05-08,high_risk
JP90C000Q4X6,スタイル9（8資産分散・保守型）,,大和,バランス（可変配分）-為替ヘッジ無し,バランス,world,0.06,0.62,0.11,False,False,False,False,False,none,0.825,0.24,1.5,1,,,,1.75,8.22,,,,4.74,1.7,,,,4.33,,,,True,2026-05-08,broad_market|medium_risk
JP90C000EM43,ｸﾞﾛｰﾊﾞﾙ･ｽﾏｰﾄ･ｲﾉﾍﾞｰｼｮﾝ･ｵｰﾌﾟﾝ(年2回決算型)為替ﾍｯｼﾞあり,iシフト（ヘッジあり）,三菱UFJｱｾｯﾄ,先進国株式（広域）-為替ヘッジ有り,株式,world,0.06,0.62,0.11,False,False,False,False,False,none,1.98,26.9,7.0,5,5,2,,23.18,54.72,29.89,3.97,,11.62,2.05,1.26,0.27,,22.23,22.5,30.43,,True,2026-05-08,very_high_risk
JP90C000PXJ5,J-REIT･ﾘｻｰﾁ･ｵｰﾌﾟﾝ(奇数月決算型),,三井住友TAM,国内REIT,不動産,world,0.06,0.62,0.11,False,False,False,False,False,none,1.1,27.39,1.5,2,,,,-4.21,11.39,,,,4.11,1.2,,,,8.79,,,,True,2026-05-08,medium_risk|tech_heavy
JP90C000CS23,りそなラップ型ファンド（安定型）,Ｒ２４６（安定型）,りそな,バランス（固定配分・低リスク）-為替ヘッジ無し,バランス,world,0.06,0.62,0.11,False,False,False,False,False,none,0.66,437.31,12.0,2,2,1,1,1.43,6.55,3.55,1.1,1.48,1.49,1.53,0.72,0.21,0.32,3.8,4.57,4.91,4.68,True,2026-05-08,low_risk
JP90C0009U85,UBS日本株式ﾘｽｸ･ｺﾝﾄﾛｰﾙ･ﾌｧﾝﾄﾞ,,ＵＢＳ,国内株式,株式,japan,1.0,0.0,0.0,False,False,False,False,False,none,1.87,30.15,12.0,1,1,1,1,5.31,18.43,13.22,5.4,8.16,4.89,1.28,0.83,0.42,0.59,13.42,16.13,14.81,14.94,True,2026-05-08,japan_centric|medium_risk
JP90C0000JT2,明治安田日本株式ファンド,ターミガン,明治安田ＡＭ,国内株式,株式,japan,1.0,0.0,0.0,False,False,False,False,False,none,1.65,17.83,12.0,2,1,1,1,20.56,38.31,19.75,12.53,10.35,2.83,2.26,1.08,0.77,0.62,14.58,17.83,17.06,18.41,True,2026-05-08,high_risk|japan_centric
JP90C000Q2P6,ﾀﾞｲﾜ･ｸﾞﾛｰﾊﾞﾙREIT･ｵｰﾌﾟﾝ(為替ﾍｯｼﾞなし/奇数月決算型),世界の街並み,大和,海外REIT（含む北米）-為替ヘッジ無し,不動産,world,0.06,0.62,0.11,False,False,False,False,False,none,1.628,0.68,1.5,2,,,,17.72,20.7,,,,17.03,1.68,,,,11.23,,,,True,2026-05-08,medium_risk|tech_heavy
JP90C0000SX5,三菱ＵＦＪ 海外債券オープン,,三菱UFJｱｾｯﾄ,先進国債券（広域・高格付）-為替ヘッジ無し,債券,world,0.06,0.62,0.11,False,False,False,False,False,none,1.1,214.84,12.0,3,1,2,2,6.17,12.01,7.23,4.89,3.64,4.77,1.64,0.96,0.66,0.51,6.69,7.26,7.44,7.45,True,2026-05-08,low_risk
JP90C000RT25,東京海上ﾀｰｹﾞｯﾄ･ｲﾔｰ･ﾌｧﾝﾄﾞ2070,年金コンパス,東京海上,バランス（固定配分・高リスク）-為替ヘッジ無し,バランス,world,0.06,0.62,0.11,False,False,False,False,False,none,0.308,0.11,1.5,3,,,,14.43,26.49,,,,25.04,2.92,,,,7.95,,,,True,2026-05-08,medium_risk
JP90C000NLZ1,しんきん米国ウォーターファンド,,しんきん,米国株式-為替ヘッジ無し,株式,us,0.0,1.0,0.0,False,False,False,False,False,none,0.972,3.11,4.0,1,1,,,-3.28,13.58,13.87,,,12.29,0.87,0.85,,,15.31,16.5,,,True,2026-05-08,high_risk|us_centric
JP90C0009H74,米国連続増配成長株オープン,女神さま・オープン,SBI岡三,米国株式-為替ヘッジ無し,株式,us,0.0,1.0,0.0,False,False,False,False,False,none,1.595,172.76,12.0,2,1,1,2,18.75,33.92,19.19,14.43,14.62,13.84,2.51,1.28,0.91,0.88,11.69,14.25,16.04,17.24,True,2026-05-08,active_diversified|growth_focused|high_risk|us_centric
JP90C0001UM2,損保ｼﾞｬﾊﾟﾝ-TCW外国株式ﾌｧﾝﾄﾞAｺｰｽ(為替ﾍｯｼﾞあり),,SOMPO,先進国株式（広域）-為替ヘッジ有り,株式,world,0.06,0.62,0.11,False,False,False,False,False,none,2.09,30.15,12.0,1,2,2,3,5.61,11.35,9.92,4.31,8.19,2.11,0.98,0.81,0.35,0.57,10.98,12.13,14.79,16.05,True,2026-05-08,medium_risk
JP90C000Q7N0,たわらノーロード　Ｓ＆Ｐ５００配当貴族,,AMOne,米国株式-為替ヘッジ無し,株式,world,0.06,0.62,0.11,False,False,False,False,False,none,0.55,3.65,1.5,1,,,,19.75,21.24,,,,10.93,1.52,,,,12.77,,,,True,2026-05-08,dividend_focused|medium_risk
JP90C000LFZ7,日本厳選株式ファンド,ニホンノヒカリ,りそな,国内株式,株式,japan,1.0,0.0,0.0,False,False,False,False,False,none,1.463,11.96,7.0,1,1,1,,28.07,35.42,15.95,7.6,,6.52,2.0,0.88,0.48,,15.5,18.4,18.24,,True,2026-05-08,active_concentrated|high_risk|japan_centric
JP90C0009KW5,ｱｼﾞｱ･ｵｾｱﾆｱ債券ｵｰﾌﾟﾝ(1年決算型),アジオセ定期便（１年決算型）,SBI岡三,オセアニア債券-為替ヘッジ無し,債券,world,0.06,0.62,0.11,False,False,False,False,False,none,1.65,27.96,12.0,1,2,3,3,16.35,18.24,8.42,5.16,4.25,3.12,2.11,0.93,0.56,0.47,7.78,8.8,9.52,9.78,True,2026-05-08,medium_risk
JP90C0003PN6,ﾊｲｸﾞﾚｰﾄﾞ･ｵｾｱﾆｱ･ﾎﾞﾝﾄﾞ･ｵｰﾌﾟﾝ(3ｶ月決算型),杏の実３Ｍ,大和,オセアニア債券-為替ヘッジ無し,債券,world,0.06,0.62,0.11,False,False,False,False,False,none,1.375,4.77,12.0,2,2,3,2,18.96,18.71,8.67,5.14,4.22,4.69,1.96,0.9,0.53,0.44,8.62,9.36,10.2,10.58,True,2026-05-08,medium_risk
JP90C000EA21,ｽｲｽ･ｸﾞﾛｰﾊﾞﾙ･ﾘｰﾀﾞｰ･ﾌｧﾝﾄﾞ(為替ﾍｯｼﾞあり),,SOMPO,先進国株式（その他単一国）-為替ヘッジ有り,株式,world,0.06,0.62,0.11,False,False,False,False,False,none,1.848,20.77,7.0,,,,,14.67,11.69,3.65,1.31,,5.63,1.01,0.32,0.15,,10.95,12.65,14.35,,True,2026-05-08,medium_risk
JP90C000BA81,ｽﾏｰﾄ･ｸｵﾘﾃｨ･ｵｰﾌﾟﾝ(安定成長型)(1年決算型),スマラップＮ,三菱UFJｱｾｯﾄ,バランス（固定配分・中リスク）-為替ヘッジ無し,バランス,world,0.06,0.62,0.11,False,False,False,False,False,none,1.89,51.74,12.0,1,1,1,1,5.27,11.18,6.37,4.84,4.23,3.47,1.79,1.02,0.71,0.61,5.65,5.92,6.76,7.1,True,2026-05-08,low_risk
JP90C0009E93,東京海上･ﾆｯﾎﾟﾝ世界債券ﾌｧﾝﾄﾞ(為替ﾍｯｼﾞあり)(年1回決算型),,東京海上,先進国債券（広域・高格付）-為替ヘッジ有り,債券,world,0.06,0.62,0.11,False,False,False,False,False,none,1.232,24.2,12.0,5,4,4,3,-3.34,0.08,-0.65,-3.14,-1.35,-0.38,-0.21,-0.33,-1.0,-0.48,2.42,2.76,3.32,2.93,True,2026-05-08,global_diversified|low_risk
JP90C000DYP6,東京海上･ｸﾞﾛｰﾊﾞﾙﾍﾙｽｹｱREITｵｰﾌﾟﾝ(為替ﾍｯｼﾞあり)(年1回決算型),,東京海上,海外REIT（含む北米）-為替ヘッジ有り,不動産,world,0.06,0.62,0.11,False,False,False,False,False,none,1.749,21.4,7.0,2,3,1,,16.26,9.47,4.07,-3.87,,-0.67,0.7,0.33,-0.17,,13.3,14.49,16.51,,True,2026-05-08,high_risk|tech_heavy
JP90C000KN85,UBSｸﾞﾛｰﾊﾞﾙDX株式ﾌｧﾝﾄﾞ(資産成長型),,ＵＢＳ,先進国株式（広域）-為替ヘッジ無し,株式,world,0.06,0.62,0.11,False,False,False,False,False,none,1.903,28.96,7.0,3,3,2,,4.71,46.46,30.5,17.17,,19.12,2.04,1.29,0.79,,19.4,22.34,23.33,,True,2026-05-08,thematic|very_high_risk
JP90C000MRY3,ﾆｯｾｲSDGsｲﾝｶﾑﾌｧﾝﾄﾞ(資産成長型･為替ﾍｯｼﾞあり),,ﾆｯｾｲ,先進国債券（広域・高格付）-為替ヘッジ有り,債券,world,0.06,0.62,0.11,False,False,False,False,False,none,0.913,0.23,4.0,4,4,,,-3.34,0.58,-0.78,,,-4.34,0.0,-0.21,,,3.13,4.76,,,True,2026-05-08,low_risk
JP90C000RD49,ｸﾞﾛｰﾊﾞﾙCoCo債ﾌｧﾝﾄﾞ(為替ﾍｯｼﾞなし･年4回分配型),,ｱﾓｰｳﾞｧAM,ハイイールド債券（低格付）-為替ヘッジ無し,債券,world,0.06,0.62,0.11,False,False,False,False,False,none,1.785,0.27,1.5,2,,,,8.09,17.83,,,,13.51,2.3,,,,6.97,,,,True,2026-05-08,medium_risk
JP90C000Q4T4,スタイル9（4資産分散・積極型）,,大和,バランス（可変配分）-為替ヘッジ無し,バランス,world,0.06,0.62,0.11,False,False,False,False,False,none,0.825,1.76,1.5,3,,,,17.89,32.12,,,,19.52,3.08,,,,9.0,,,,True,2026-05-08,medium_risk
JP90C0003V49,日興クオンツ・アクティブ・ジャパン,,ｱﾓｰｳﾞｧAM,国内株式,株式,world,0.06,0.62,0.11,False,False,False,False,False,none,1.32,28.27,12.0,2,3,4,3,27.85,41.1,24.41,18.24,13.74,5.36,2.47,1.36,1.1,0.82,14.11,16.97,16.24,17.5,True,2026-05-08,active_diversified|high_risk
JP90C0003ZT2,ｲﾝﾃﾞｯｸｽﾌｧﾝﾄﾞ日本債券(1年決算型),ＤＣ インデックス日本債券,ｱﾓｰｳﾞｧAM,国内債券,債券,japan,1.0,0.0,0.0,False,False,False,False,False,none,0.319,63.98,12.0,1,1,1,1,-8.85,-6.65,-4.59,-3.54,-2.05,0.1,-2.83,-1.47,-1.24,-0.84,2.64,3.36,3.01,2.51,True,2026-05-08,japan_centric|low_risk
JP90C000H233,ﾌﾗﾝｸﾘﾝ･ﾃﾝﾌﾟﾙﾄﾝ･ｸﾞﾛｰﾊﾞﾙ･ﾌﾟﾚﾐｱ小型株ﾌｧﾝﾄﾞ(年2回決算型),,ﾌﾗﾝｸﾘﾝ･ﾃﾝﾌﾟﾙﾄﾝ,先進国株式（広域）-為替ヘッジ無し,株式,world,0.06,0.62,0.11,False,False,False,False,False,none,1.87,18.09,7.0,2,1,1,,17.8,28.84,8.36,6.31,,9.42,1.87,0.56,0.43,,13.77,16.29,17.46,,True,2026-05-08,high_risk
JP90C000FX72,たわらﾉｰﾛｰﾄﾞ 最適化ﾊﾞﾗﾝｽ(保守型),,AMOne,バランス（可変配分）-為替リスク低減,バランス,world,0.06,0.62,0.11,False,False,False,False,False,none,0.55,0.97,7.0,1,1,1,,-6.98,-4.31,-2.86,-2.96,,-1.34,-1.95,-1.0,-1.0,,2.57,3.18,3.12,,True,2026-05-08,low_risk
JP90C000GJ95,ﾏﾆｭﾗｲﾌ･米国銀行株式ﾌｧﾝﾄﾞ(資産成長型),アメリカン・バンク,ﾏﾆｭﾗｲﾌ,米国株式-為替ヘッジ無し,株式,us,0.0,1.0,0.0,False,False,False,False,False,none,1.87,51.95,7.0,3,3,2,,43.06,37.82,27.86,12.16,,9.55,1.43,1.02,0.56,,23.98,27.48,26.59,,True,2026-05-08,us_centric|very_high_risk
JP90C000MHY4,東京海上･ｼﾞｬﾊﾟﾝ･ｵｰﾅｰｽﾞ株式ｵｰﾌﾟﾝ(予想分配金提示型),,東京海上,国内株式,株式,world,0.06,0.62,0.11,False,False,False,False,False,none,1.584,2.4,4.0,1,1,,,15.96,29.48,13.76,,,6.62,1.94,0.87,,,13.48,15.87,,,True,2026-05-08,high_risk
JP90C0003A36,大同リサーチ＆アクティブオープン,ＲＡＯ（らお）,Ｔ＆Ｄ,国内株式,株式,world,0.06,0.62,0.11,False,False,False,False,False,none,1.54,42.4,12.0,2,3,2,3,29.18,42.74,26.32,14.48,14.15,5.59,2.24,1.36,0.85,0.82,16.25,18.24,17.62,18.04,True,2026-05-08,active_diversified|high_risk
JP90C00025S5,シュローダー日本株式オープン,,ｼｭﾛｰﾀﾞｰ,国内株式,株式,japan,1.0,0.0,0.0,False,False,False,False,False,none,1.65,7.25,12.0,2,1,1,1,32.15,40.34,19.52,13.08,11.71,4.76,2.4,1.11,0.81,0.7,14.35,17.2,16.64,18.09,True,2026-05-08,high_risk|japan_centric
JP90C0003PG0,アクティブ・ニッポン,武蔵,大和,国内株式,株式,world,0.06,0.62,0.11,False,False,False,False,False,none,1.672,288.96,12.0,1,3,2,1,23.77,38.4,25.24,14.84,12.17,4.73,2.22,1.34,0.87,0.71,14.9,17.75,17.53,18.53,True,2026-05-08,active_diversified|high_risk
JP90C000EU01,ｸﾞﾛｰﾊﾞﾙ自動運転関連株式ﾌｧﾝﾄﾞ(為替ﾍｯｼﾞあり),,三井住友DS,先進国株式（広域）-為替ヘッジ有り,株式,world,0.06,0.62,0.11,False,False,False,False,False,none,1.903,156.82,7.0,5,3,3,,53.77,59.18,16.24,6.13,,9.11,2.67,0.84,0.37,,17.82,19.91,22.53,,True,2026-05-08,very_high_risk
JP90C00099W2,ニッセイＪリートオープン（年１回決算型）,,ﾆｯｾｲ,国内REIT,不動産,world,0.06,0.62,0.11,False,False,False,False,False,none,1.1,36.58,12.0,1,2,2,1,-7.07,10.0,3.26,1.03,2.72,5.16,1.03,0.35,0.13,0.23,9.04,9.72,11.16,19.36,True,2026-05-08,medium_risk
JP90C000GMT6,楽天･ｲﾝｶﾑ戦略ﾎﾟｰﾄﾌｫﾘｵ(奇数月決算型),みのたけ,楽天,バランス（固定配分・低リスク）-為替リスク低減,バランス,world,0.06,0.62,0.11,False,False,False,False,False,none,1.506,0.49,7.0,1,1,1,,1.05,3.54,0.62,-2.07,,-0.37,0.88,0.08,-0.34,,3.32,5.35,6.06,,True,2026-05-08,low_risk
JP90C000B178,ﾏﾆｭﾗｲﾌ･新ｸﾞﾛｰﾊﾞﾙ配当株ﾌｧﾝﾄﾞ(年2回決算型),,ﾏﾆｭﾗｲﾌ,先進国株式（広域）-為替ヘッジ無し,株式,world,0.06,0.62,0.11,False,False,False,False,False,none,1.4795,6.22,12.0,3,3,3,1,37.25,41.2,23.0,19.08,12.85,9.83,3.44,1.7,1.34,0.81,10.02,12.5,13.65,16.47,True,2026-05-08,dividend_focused|medium_risk
JP90C000PT43,グローバル株式厳選ファンド,セカイノヒカリ,りそな,先進国株式（広域）-為替ヘッジ無し,株式,world,0.06,0.62,0.11,False,False,False,False,False,none,1.65,0.21,1.5,1,,,,-7.8,14.94,,,,12.82,1.02,,,,14.05,,,,True,2026-05-08,active_concentrated|global_diversified|medium_risk
JP90C0002165,日興アクティブ・ダイナミクス,投資力学,ｱﾓｰｳﾞｧAM,国内株式,株式,world,0.06,0.62,0.11,False,False,False,False,False,none,1.76,54.17,12.0,2,2,2,2,30.94,42.8,23.27,15.38,12.89,4.69,2.67,1.33,0.96,0.76,13.47,16.55,15.99,17.91,True,2026-05-08,active_diversified|high_risk
JP90C00092G0,JPM北米高配当･成長株ﾌｧﾝﾄﾞ(米ﾄﾞﾙ対円ﾍｯｼﾞあり､年2回決算型),,JPﾓﾙｶﾞﾝ,米国株式-為替リスク低減,株式,world,0.06,0.62,0.11,False,False,False,False,False,none,1.705,1.73,12.0,,,,,20.06,18.75,7.31,3.51,7.32,7.69,1.72,0.64,0.31,0.53,9.95,11.57,13.12,15.51,True,2026-05-08,active_diversified|dividend_focused|growth_focused|medium_risk
JP90C000DEH5,ｼｭﾛｰﾀﾞｰ･ｱｼﾞｱﾊﾟｼﾌｨｯｸESGﾌｫｰｶｽ･ﾌｧﾝﾄﾞ(資産成長型),,ｼｭﾛｰﾀﾞｰ,先進国・新興国株式（広域）-為替ヘッジ無し,株式,world,0.06,0.62,0.11,False,False,False,False,False,none,1.837,16.77,7.0,4,2,2,,30.84,48.19,20.12,11.24,,13.56,2.64,1.23,0.73,,15.13,15.63,16.02,,True,2026-05-08,high_risk|thematic
JP90C0005X29,ﾊｲｸﾞﾚｰﾄﾞ･ｵｾｱﾆｱ･ﾎﾞﾝﾄﾞ･ｵｰﾌﾟﾝ(年2回決算型),杏の実（年２回決算型）,大和,オセアニア債券-為替ヘッジ無し,債券,world,0.06,0.62,0.11,False,False,False,False,False,none,1.375,1.45,12.0,2,3,3,2,18.97,18.74,8.69,5.15,4.25,5.36,1.97,0.9,0.53,0.44,8.61,9.36,10.2,10.57,True,2026-05-08,medium_risk
JP90C000P5W6,ＦＤＡ日米バランスファンド（積極型）,みどりの架け橋・積極型,SOMPO,バランス（固定配分・高リスク）-為替ヘッジ無し,バランス,world,0.06,0.62,0.11,False,False,False,False,False,none,0.385,88.37,4.0,2,1,,,17.03,39.16,21.71,,,22.3,2.91,1.48,,,11.39,13.67,,,True,2026-05-08,broad_market|medium_risk
JP90C00009M2,三井住友･ｸﾞﾛｰﾊﾞﾙ･ﾘｰﾄ･ｵｰﾌﾟﾝ(3ｶ月決算型),世界ビル紀行,三井住友DS,海外REIT（含む北米）-為替ヘッジ無し,不動産,world,0.06,0.62,0.11,False,False,False,False,False,none,1.749,32.06,12.0,1,1,1,1,7.99,15.71,8.62,6.63,4.5,4.76,1.38,0.72,0.52,0.32,10.57,12.12,13.89,19.49,True,2026-05-08,medium_risk
JP90C0004P95,ﾋﾟｸﾃ･ﾒｼﾞｬｰ･ﾌﾟﾚｲﾔｰｽﾞ･ﾌｧﾝﾄﾞ(3ヵ月決算型),,ﾋﾟｸﾃ,先進国株式（広域）-為替ヘッジ無し,株式,world,0.06,0.62,0.11,False,False,False,False,False,none,1.65,56.82,12.0,1,1,1,1,-1.33,16.99,12.87,10.88,12.14,6.67,1.18,0.84,0.7,0.71,13.51,15.52,16.33,18.36,True,2026-05-08,high_risk
JP90C0009J31,ﾌﾞﾗｯｸﾛｯｸ･ﾍﾙｽｻｲｴﾝｽ･ﾌｧﾝﾄﾞ(為替ﾍｯｼﾞなし),,ﾌﾞﾗｯｸﾛｯｸ,先進国株式（広域）-為替ヘッジ無し,株式,world,0.06,0.62,0.11,False,False,False,False,False,none,1.674,75.71,12.0,1,1,2,2,3.84,11.98,7.58,10.47,11.98,12.46,0.73,0.54,0.69,0.74,16.37,15.09,15.92,17.1,True,2026-05-08,high_risk
JP90C000HN98,りそなﾀｰｹﾞｯﾄ･ｲﾔｰ･ﾌｧﾝﾄﾞ2055,,りそな,バランス（固定配分・高リスク）-為替リスク低減,バランス,world,0.06,0.62,0.11,False,False,False,False,False,none,0.385,27.06,7.0,3,2,3,,15.85,29.77,18.21,13.43,,13.54,2.97,1.52,1.07,,8.72,11.2,12.32,,True,2026-05-08,medium_risk
JP90C000R6V4,りそなﾀｰｹﾞｯﾄ･ｲﾔｰ･ﾌｧﾝﾄﾞ2065(運用継続型),,りそな,バランス（固定配分・高リスク）-為替リスク低減,バランス,world,0.06,0.62,0.11,False,False,False,False,False,none,0.44,0.1,1.5,4,,,,19.47,35.47,,,,19.92,3.07,,,,9.88,,,,True,2026-05-08,medium_risk
JP90C000AT24,ﾆｯｾｲ短期ｲﾝﾄﾞ債券ﾌｧﾝﾄﾞ(年2回決算型),,ﾆｯｾｲ,インド債券-為替ヘッジ無し,債券,world,0.06,0.62,0.11,False,False,False,False,False,none,1.584,27.1,12.0,4,2,2,2,-7.6,-1.1,4.26,5.98,4.85,4.75,-0.12,0.44,0.62,0.52,10.07,9.98,9.83,9.81,True,2026-05-08,medium_risk
JP90C00025F2,ｱﾗｲｱﾝｽ･ﾊﾞｰﾝｽﾀｲﾝ･新興国成長株投信Aｺｰｽ(為替ﾍｯｼﾞあり),,ｱﾗｲｱﾝｽ,新興国株式（広域）-為替ヘッジ有り,株式,em,0.0,0.0,1.0,False,False,False,False,False,none,1.848,7.44,12.0,,,,,40.95,42.41,13.31,-0.44,4.9,3.73,1.97,0.81,0.05,0.35,18.59,16.69,17.78,18.34,True,2026-05-08,active_diversified|em_centric|growth_focused|high_risk
JP90C000RSZ7,東京海上ﾀｰｹﾞｯﾄ･ｲﾔｰ･ﾌｧﾝﾄﾞ2040,年金コンパス,東京海上,バランス（固定配分・中リスク）-為替ヘッジ無し,バランス,world,0.06,0.62,0.11,False,False,False,False,False,none,0.308,0.25,1.5,3,,,,11.75,22.48,,,,21.34,2.79,,,,7.16,,,,True,2026-05-08,medium_risk
JP90C000MDX5,ＦＤＡ日米バランスファンド（安定型）,みどりの架け橋・安定型,SOMPO,バランス（固定配分・低リスク）-為替ヘッジ無し,バランス,world,0.06,0.62,0.11,False,False,False,False,False,none,0.385,48.05,4.0,3,2,,,0.72,9.18,5.27,,,3.85,1.45,0.78,,,5.73,6.43,,,True,2026-05-08,broad_market|low_risk
JP90C000FP07,DWSﾕｰﾛ･ﾊｲ･ｲｰﾙﾄﾞ債券ﾌｧﾝﾄﾞ(年1回決算型)Cｺｰｽ(円ﾍｯｼﾞあり),,ﾄﾞｲﾁｪ,ハイイールド債券（低格付）-為替ヘッジ有り,債券,world,0.06,0.62,0.11,False,False,False,False,False,none,1.638,1.0,7.0,1,2,3,,-1.69,0.79,2.1,-0.26,,0.71,0.09,0.77,-0.09,,2.03,2.33,4.14,,True,2026-05-08,low_risk
JP90C000NTL4,UBSｻｽﾃﾅﾌﾞﾙ向上･ｺｱﾊﾞﾘｭｰ株式ﾌｧﾝﾄﾞ,ツイン・アセンダーズ,ＵＢＳ,先進国株式（広域）-為替ヘッジ無し,株式,world,0.06,0.62,0.11,False,False,False,False,False,none,1.858,0.15,4.0,1,2,,,10.15,30.86,19.65,,,16.28,2.03,1.24,,,13.41,15.15,,,True,2026-05-08,high_risk
JP90C000R4F2,新･ﾐｭｰｽﾞﾆｯﾁ米国BDCﾌｧﾝﾄﾞ(為替ﾍｯｼﾞなし･年4回分配型),,ｱﾓｰｳﾞｧAM,分類対象外,株式,us,0.0,1.0,0.0,False,False,False,False,False,none,2.035,31.54,1.5,,,,,0.88,6.12,,,,3.31,0.42,,,,15.65,,,,True,2026-05-08,medium_risk|us_centric
JP90C000MC45,長期資産形成戦略ファンド,１００歳計画,ﾌｧｲﾌﾞｽﾀｰ,バランス（可変配分）-為替ヘッジ無し,バランス,world,0.06,0.62,0.11,False,False,False,False,False,none,2.331,10.44,4.0,4,2,,,8.39,14.57,11.16,,,9.45,1.57,1.18,,,8.49,9.09,,,True,2026-05-08,medium_risk
JP90C0005HM0,浪花おふくろファンド,,ﾊﾟﾘﾐｷAM,先進国株式（広域）-為替リスク低減,株式,world,0.06,0.62,0.11,False,False,False,False,False,none,2.15,22.1,12.0,3,3,3,2,13.69,23.95,13.24,7.27,9.04,7.46,2.22,1.19,0.57,0.72,9.63,10.65,13.64,13.22,True,2026-05-08,medium_risk
JP90C000EKS7,先進国好配当株式ﾌｧﾝﾄﾞ(年2回決算型)為替ﾍｯｼﾞあり,,三菱UFJｱｾｯﾄ,先進国株式（広域）-為替ヘッジ有り,株式,world,0.06,0.62,0.11,False,False,False,False,False,none,1.375,1.92,7.0,4,3,4,,15.36,27.75,12.64,9.9,,9.15,2.33,1.06,0.8,,10.48,11.59,12.57,,True,2026-05-08,developed_only|dividend_focused|medium_risk
JP90C000G2A0,ﾆｯｾｲSDGsｼﾞｬﾊﾟﾝｾﾚｸﾄﾌｧﾝﾄﾞ(年2回決算型),,ﾆｯｾｲ,国内株式,株式,world,0.06,0.62,0.11,False,False,False,False,False,none,1.353,3.8,7.0,2,1,1,,37.69,42.79,18.63,10.28,,8.81,2.48,1.05,0.66,,14.59,17.39,16.8,,True,2026-05-08,high_risk
JP90C000D2R7,米国地方債ﾌｧﾝﾄﾞ 為替ﾍｯｼﾞなし(年2回決算型),,三井住友TAM,北米債券-為替ヘッジ無し,債券,us,0.0,1.0,0.0,False,False,False,False,False,none,1.188,164.87,12.0,4,3,4,5,4.06,12.92,8.15,7.35,5.73,5.71,1.31,0.94,0.87,0.76,9.12,8.33,8.38,7.59,True,2026-05-08,medium_risk|us_centric
JP90C000JET7,のむﾗｯﾌﾟ･ﾌｧﾝﾄﾞ(普通型)年3%目標分配金受取型,,野村,バランス（固定配分・中リスク）-為替ヘッジ無し,バランス,world,0.06,0.62,0.11,False,False,False,False,False,none,1.44,356.01,7.0,2,2,2,,10.48,19.35,10.95,7.73,,7.76,2.49,1.28,0.83,,6.95,8.17,9.29,,True,2026-05-08,medium_risk
JP90C0009L29,野村ｲﾝﾃﾞｯｸｽﾌｧﾝﾄﾞ･外国債券･為替ﾍｯｼﾞ型,Ｆｕｎｄｓ-ｉ 外国債券・為替ヘッジ型,野村,先進国債券（広域・高格付）-為替ヘッジ有り,債券,world,0.06,0.62,0.11,False,False,False,False,False,none,0.605,24.31,12.0,1,1,1,1,-3.7,-1.87,-2.16,-4.84,-2.16,-0.85,-0.88,-0.55,-0.95,-0.46,2.8,4.35,5.25,4.71,True,2026-05-08,low_risk
JP90C0009EK3,ﾀﾞｲﾜ高格付ｶﾅﾀﾞﾄﾞﾙ債ｵｰﾌﾟﾝ(年1回決算型),,大和,北米債券-為替ヘッジ無し,債券,world,0.06,0.62,0.11,False,False,False,False,False,none,1.375,10.02,12.0,1,2,2,2,8.63,10.42,7.14,5.57,3.84,2.62,1.32,0.89,0.66,0.46,7.21,7.71,8.52,8.85,True,2026-05-08,medium_risk
JP90C00097P0,ﾌｨﾃﾞﾘﾃｨ･USﾘｰﾄ･ﾌｧﾝﾄﾞ(資産成長型)C(為替ﾍｯｼﾞあり),,ﾌｨﾃﾞﾘﾃｨ,北米REIT-為替ヘッジ有り,不動産,world,0.06,0.62,0.11,False,False,False,False,False,none,1.463,85.06,12.0,5,4,3,4,26.79,11.97,4.86,1.21,2.79,4.36,0.95,0.37,0.15,0.23,11.98,15.14,18.38,20.58,True,2026-05-08,high_risk
JP90C000EXY8,ﾌﾗﾝｸﾘﾝ･ﾃﾝﾌﾟﾙﾄﾝ･米国連続増配株ﾌｧﾝﾄﾞ(年2回決算型),,ﾌﾗﾝｸﾘﾝ･ﾃﾝﾌﾟﾙﾄﾝ,米国株式-為替ヘッジ無し,株式,us,0.0,1.0,0.0,False,False,False,False,False,none,1.694,30.67,7.0,2,1,2,,31.81,26.27,12.26,13.38,,11.07,1.96,0.98,0.97,,11.95,12.27,13.72,,True,2026-05-08,medium_risk|us_centric
JP90C000HJS2,日系外債オープン（為替ヘッジあり）,,SBI岡三,先進国債券（広域・高格付）-為替ヘッジ有り,債券,world,0.06,0.62,0.11,False,False,False,True,False,none,0.693,1.17,7.0,5,4,5,,-2.88,1.74,-0.17,-1.94,,-0.39,0.51,-0.14,-0.69,,2.19,3.02,3.01,,True,2026-05-08,low_risk
JP90C0001BL4,ＨＳＢＣ 新ＢＩＣｓファンド,,ＨＳＢＣ,新興国株式（広域）-為替ヘッジ無し,株式,world,0.06,0.62,0.11,False,False,False,False,False,none,2.03,37.06,12.0,1,1,1,1,9.14,27.01,17.07,5.78,9.41,4.92,1.86,1.07,0.38,0.52,12.98,15.61,18.86,21.57,True,2026-05-08,high_risk
JP90C000DZ07,リスク抑制世界８資産バランスファンド,しあわせの一歩,AMOne,バランス（可変配分）-為替リスク低減,バランス,world,0.06,0.62,0.11,False,False,False,False,False,none,0.759,904.26,7.0,1,1,1,,-3.38,1.8,0.65,-1.6,,0.22,0.41,0.12,-0.51,,2.95,3.36,3.43,,True,2026-05-08,broad_market|global_diversified|low_risk
JP90C000RVE6,りそなﾀｰｹﾞｯﾄ･ｲﾔｰ･ﾌｧﾝﾄﾞ2070(運用継続型),,りそな,バランス（固定配分・高リスク）-為替リスク低減,バランス,world,0.06,0.62,0.11,False,False,False,False,False,none,0.44,0.05,,,,,,19.59,,,,,29.57,,,,,,,,,True,2026-05-08,medium_risk
JP90C000QBW2,ハリス日本株ファンド（資産成長型）,,朝日ﾗｲﾌ,国内株式,株式,japan,1.0,0.0,0.0,False,False,False,False,False,none,1.793,66.83,1.5,1,,,,11.05,20.74,,,,14.91,1.5,,,,12.66,,,,True,2026-05-08,japan_centric|medium_risk
JP90C000HNA2,りそなﾀｰｹﾞｯﾄ･ｲﾔｰ･ﾌｧﾝﾄﾞ2060,,りそな,バランス（固定配分・高リスク）-為替リスク低減,バランス,world,0.06,0.62,0.11,False,False,False,False,False,none,0.44,71.44,7.0,3,3,3,,17.68,32.71,19.97,14.79,,14.71,3.02,1.55,1.1,,9.34,12.06,13.22,,True,2026-05-08,medium_risk
JP90C000EM50,ｸﾞﾛｰﾊﾞﾙ･ｽﾏｰﾄ･ｲﾉﾍﾞｰｼｮﾝ･ｵｰﾌﾟﾝ(年1回決算型)為替ﾍｯｼﾞあり,iシフト（ヘッジあり）,三菱UFJｱｾｯﾄ,先進国株式（広域）-為替ヘッジ有り,株式,world,0.06,0.62,0.11,False,False,False,False,False,none,1.98,17.74,7.0,5,5,2,,23.08,54.75,29.86,3.64,,11.56,2.05,1.26,0.26,,22.23,22.49,30.48,,True,2026-05-08,very_high_risk
JP90C0009H82,ｺｰﾎﾟﾚｰﾄ･ﾎﾞﾝﾄﾞ･ｲﾝｶﾑ(為替ﾍｯｼﾞ型/1年決算型),泰平航路１年決算型,三井住友DS,北米債券-為替ヘッジ有り,債券,world,0.06,0.62,0.11,False,False,False,False,False,none,1.089,46.89,12.0,2,3,3,3,-2.96,0.86,-1.34,-4.04,-1.71,-0.45,0.08,-0.3,-0.74,-0.33,3.62,5.05,5.62,5.14,True,2026-05-08,low_risk
JP90C000FHF7,ｅＭＡＸＩＳマイマネージャー１９８０ｓ,,三菱UFJｱｾｯﾄ,バランス（固定配分・中リスク）-為替ヘッジ無し,バランス,world,0.06,0.62,0.11,False,False,False,False,False,none,0.55,1.53,7.0,3,4,3,,10.27,20.72,13.17,9.72,,8.63,2.82,1.42,0.96,,6.54,8.75,10.0,,True,2026-05-08,medium_risk
JP90C000JBN6,米国IPOﾆｭｰｽﾃｰｼﾞ･ﾌｧﾝﾄﾞ&lt;為替ﾍｯｼﾞあり&gt;(資産成長型),,三菱UFJｱｾｯﾄ,米国株式-為替ヘッジ有り,株式,us,0.0,1.0,0.0,False,False,False,False,False,none,1.7875,56.92,7.0,3,3,1,,-21.05,16.43,23.67,-2.88,,9.08,0.61,0.83,0.09,,32.74,31.23,34.97,,True,2026-05-08,us_centric|very_high_risk
JP90C0008BY2,ﾊﾟｲﾝﾌﾞﾘｯｼﾞ日本住宅金融支援機構債ﾌｧﾝﾄﾞ,フラットさん／♭さん,ﾊﾟｲﾝﾌﾞﾘｯｼﾞ,国内債券,債券,japan,1.0,0.0,0.0,False,False,False,False,False,none,0.737,16.98,12.0,1,3,4,3,-15.57,-11.99,-5.89,-4.1,-2.17,-0.99,-5.77,-2.3,-1.83,-1.19,2.31,2.75,2.37,1.89,True,2026-05-08,japan_centric|low_risk
JP90C0000LA8,ジャパン・グロース・ファンド,得意技,三井住友TAM,国内株式,株式,world,0.06,0.62,0.11,False,False,False,False,False,none,1.65,26.08,12.0,3,4,2,2,44.71,54.83,27.97,16.23,13.61,4.37,2.66,1.36,0.89,0.77,16.8,19.37,18.81,18.9,True,2026-05-08,growth_focused|high_risk
JP90C000DA14,成長応援日本株ファンド,匠のワザ,明治安田ＡＭ,国内株式,株式,japan,1.0,0.0,0.0,False,False,False,False,False,none,1.87,22.46,7.0,1,1,1,,18.18,23.88,6.82,0.37,,9.41,1.42,0.44,0.11,,15.5,18.28,19.98,,True,2026-05-08,high_risk|japan_centric
JP90C0001YG6,チャイナ・ロード,西遊記,SBI岡三,中国・香港株式-為替ヘッジ無し,株式,world,0.06,0.62,0.11,False,False,False,False,False,none,1.98,16.18,12.0,1,2,1,1,-4.56,23.97,9.28,-1.26,5.03,7.37,1.47,0.49,0.05,0.33,15.03,22.48,23.3,22.17,True,2026-05-08,very_high_risk
JP90C000K8G8,華流国潮ｲﾉﾍﾞｰｼｮﾝ株式ﾌｧﾝﾄﾞ(1年決算型),国潮,ｱﾓｰｳﾞｧAM,中国・香港株式-為替ヘッジ無し,株式,world,0.06,0.62,0.11,False,False,False,False,False,none,1.705,6.47,7.0,1,1,1,,-13.35,5.06,-6.86,-10.54,,-2.62,0.33,-0.21,-0.39,,18.0,22.71,22.67,,True,2026-05-08,very_high_risk
JP90C000Q4W8,スタイル9（6資産分散・積極型）,,大和,バランス（可変配分）-為替ヘッジ無し,バランス,world,0.06,0.62,0.11,False,False,False,False,False,none,0.825,2.38,1.5,3,,,,19.02,33.15,,,,20.02,3.07,,,,9.28,,,,True,2026-05-08,medium_risk
JP90C000Q0X4,ファイン・ブレンド（奇数月分配型）,,ｱﾓｰｳﾞｧAM,バランス（可変配分）-為替ヘッジ無し,バランス,world,0.06,0.62,0.11,False,False,False,False,False,none,1.47175,7.6,1.5,1,,,,6.78,11.52,,,,8.37,1.71,,,,6.11,,,,True,2026-05-08,medium_risk
JP90C000A2M1,ﾌﾗﾝｸﾘﾝ･ﾃﾝﾌﾟﾙﾄﾝ･ﾆｭｰｼﾞｰﾗﾝﾄﾞ債券ﾌｧﾝﾄﾞ(年2回決算型),,ﾌﾗﾝｸﾘﾝ･ﾃﾝﾌﾟﾙﾄﾝ,オセアニア債券-為替ヘッジ無し,債券,world,0.06,0.62,0.11,False,False,False,False,False,none,1.43,6.31,12.0,1,1,1,1,5.56,9.19,6.0,2.94,3.32,2.39,1.05,0.63,0.32,0.36,8.11,9.39,10.25,10.4,True,2026-05-08,medium_risk
JP90C000G433,欧州ﾊｲ･ｲｰﾙﾄﾞ債券ｵｰﾌﾟﾝ(1年決算型)ﾕｰﾛｺｰｽ,,SBI岡三,ハイイールド債券（低格付）-為替ヘッジ無し,債券,world,0.06,0.62,0.11,False,False,False,False,False,none,1.723,6.55,7.0,1,3,1,,5.1,15.58,12.33,8.57,,6.08,2.25,1.56,0.88,,6.24,7.46,9.68,,True,2026-05-08,medium_risk
JP90C000F1A3,東京海上･ｸﾞﾛｰﾊﾞﾙﾍﾟｯﾄ関連株式ﾌｧﾝﾄﾞ(為替ﾍｯｼﾞあり),ぽちたま,東京海上,先進国株式（広域）-為替ヘッジ有り,株式,world,0.06,0.62,0.11,False,False,False,False,False,none,1.683,1.53,7.0,1,1,1,,-9.93,-7.05,-8.27,-8.94,,2.24,-0.5,-0.62,-0.54,,14.02,13.05,15.38,,True,2026-05-08,high_risk
JP90C000EXZ5,ﾌﾗﾝｸﾘﾝ･ﾃﾝﾌﾟﾙﾄﾝ･米国連続増配株ﾌｧﾝﾄﾞ(3ヵ月決算型),,ﾌﾗﾝｸﾘﾝ･ﾃﾝﾌﾟﾙﾄﾝ,米国株式-為替ヘッジ無し,株式,us,0.0,1.0,0.0,False,False,False,False,False,none,1.694,19.72,7.0,2,1,2,,31.76,26.21,12.24,13.36,,11.06,1.96,0.98,0.97,,11.92,12.24,13.69,,True,2026-05-08,medium_risk|us_centric
JP90C000G193,HSBCﾜｰﾙﾄﾞ･ｾﾚｸｼｮﾝ(ｲﾝｶﾑｺｰｽ),ゆめラップ,ＨＳＢＣ,バランス（可変配分）-為替リスク低減,バランス,world,0.06,0.62,0.11,False,False,False,False,False,none,1.303,53.32,7.0,4,3,3,,8.9,17.18,9.21,5.18,,5.27,2.84,1.26,0.63,,5.43,6.96,8.33,,True,2026-05-08,medium_risk
JP90C0009X25,One J-REITｵｰﾌﾟﾝ(1年決算ｺｰｽ),オーナーズ・インカム１Ｙ,AMOne,国内REIT,不動産,world,0.06,0.62,0.11,False,False,False,False,False,none,1.1,126.78,12.0,1,1,1,2,-7.24,10.4,3.3,1.24,3.09,5.0,1.09,0.35,0.15,0.25,8.89,9.55,10.97,19.43,True,2026-05-08,medium_risk|tech_heavy
JP90C0009DA6,スマート・ファイブ（１年決算型）,,ｱﾓｰｳﾞｧAM,バランス（可変配分）-為替ヘッジ無し,バランス,world,0.06,0.62,0.11,False,False,False,False,False,none,1.47175,572.69,12.0,1,2,2,2,7.2,12.04,7.72,5.1,3.63,4.28,1.76,1.11,0.79,0.64,6.21,6.63,6.29,5.76,True,2026-05-08,low_risk
JP90C000R6R2,りそなﾀｰｹﾞｯﾄ･ｲﾔｰ･ﾌｧﾝﾄﾞ2045(運用継続型),,りそな,バランス（固定配分・中リスク）-為替リスク低減,バランス,world,0.06,0.62,0.11,False,False,False,False,False,none,0.33,0.12,1.5,4,,,,11.76,23.15,,,,13.27,2.82,,,,7.27,,,,True,2026-05-08,medium_risk
JP90C000Q4R8,スタイル9（4資産分散・保守型）,,大和,バランス（可変配分）-為替ヘッジ無し,バランス,world,0.06,0.62,0.11,False,False,False,False,False,none,0.825,0.31,1.5,1,,,,1.5,7.83,,,,4.68,1.64,,,,4.27,,,,True,2026-05-08,medium_risk
JP90C000E7F0,のむラップ・ファンド（やや保守型）,,野村,バランス（固定配分・中リスク）-為替ヘッジ無し,バランス,world,0.06,0.62,0.11,False,False,False,False,False,none,1.2705,266.14,7.0,1,1,1,,4.62,11.49,7.41,5.48,,5.28,1.99,1.07,0.76,,5.22,6.58,7.11,,True,2026-05-08,low_risk
JP90C000Q4U2,スタイル9（6資産分散・保守型）,,大和,バランス（可変配分）-為替ヘッジ無し,バランス,world,0.06,0.62,0.11,False,False,False,False,False,none,0.825,0.14,1.5,1,,,,1.36,7.82,,,,4.49,1.64,,,,4.27,,,,True,2026-05-08,medium_risk
JP90C000E0E8,ﾛﾎﾞｯﾄ･ﾃｸﾉﾛｼﾞｰ関連株ﾌｧﾝﾄﾞ(年1回決算型)-ﾛﾎﾞﾃｯｸ(年1回)-(為替ﾍｯｼﾞあ,,大和,先進国株式（広域）-為替ヘッジ有り,株式,world,0.06,0.62,0.11,False,False,False,False,False,none,1.815,25.82,7.0,4,2,2,,21.32,38.61,11.9,3.65,,10.0,1.84,0.65,0.26,,18.36,20.0,22.22,,True,2026-05-08,very_high_risk
JP90C000EV26,ﾀﾞｲﾜ･ｸﾞﾛｰﾊﾞﾙIoT関連株ﾌｧﾝﾄﾞ-AI新時代-(為替ﾍｯｼﾞあり),,大和,先進国株式（広域）-為替ヘッジ有り,株式,world,0.06,0.62,0.11,False,False,False,False,False,none,1.8051,67.06,7.0,2,3,2,,5.92,24.56,12.28,2.8,,9.07,1.3,0.67,0.23,,17.58,19.83,22.62,,True,2026-05-08,very_high_risk
JP90C000DBA6,先進国資本ｴﾏｰｼﾞﾝｸﾞ株式ﾌｧﾝﾄﾞ(1年決算型),リード・ストック（１年決算型）,ｱﾓｰｳﾞｧAM,新興国株式（広域）-為替ヘッジ無し,株式,world,0.06,0.62,0.11,False,False,False,False,False,none,1.936,66.06,7.0,1,1,1,,19.09,26.54,13.6,9.28,,6.65,1.88,1.0,0.69,,12.61,13.37,14.02,,True,2026-05-08,developed_only|medium_risk
JP90C0004R28,アメリカン・ドリーム・ファンド,,SBI,米国株式-為替ヘッジ無し,株式,world,0.06,0.62,0.11,False,False,False,False,False,none,2.585,42.69,12.0,2,2,1,2,23.82,40.11,19.44,10.08,13.45,8.71,2.05,0.95,0.53,0.66,16.91,20.7,22.8,23.27,True,2026-05-08,very_high_risk
JP90C0009EZ1,OneJ-REITｱｸﾃｨﾌﾞｵｰﾌﾟﾝ年1回決算ｺｰｽ,物件満彩（年１回決算コース）,AMOne,国内REIT,不動産,world,0.06,0.62,0.11,False,False,False,False,False,none,1.1,34.24,12.0,1,1,1,1,-6.41,10.82,3.35,0.94,2.76,5.51,1.13,0.36,0.12,0.24,8.91,9.57,10.97,19.22,True,2026-05-08,medium_risk|tech_heavy
JP90C000MKM3,ﾀﾞｲﾜ･ｸﾞﾛｰﾊﾞﾙREIT･ｵｰﾌﾟﾝ(為替ﾍｯｼﾞなし/資産成長型),世界の街並み,大和,海外REIT（含む北米）-為替ヘッジ無し,不動産,world,0.06,0.62,0.11,False,False,False,False,False,none,1.628,53.15,4.0,2,2,,,17.55,20.83,13.63,,,7.45,1.68,0.95,,,11.26,14.27,,,True,2026-05-08,medium_risk|tech_heavy
JP90C000G6B9,りそなﾀｰｹﾞｯﾄ･ｲﾔｰ･ﾌｧﾝﾄﾞ2050,,りそな,バランス（固定配分・高リスク）-為替リスク低減,バランス,world,0.06,0.62,0.11,False,False,False,False,False,none,0.385,120.75,7.0,2,2,2,,13.82,26.62,16.6,12.16,,10.8,2.9,1.51,1.05,,8.05,10.34,11.38,,True,2026-05-08,medium_risk
JP90C000JBP1,米国IPOﾆｭｰｽﾃｰｼﾞ･ﾌｧﾝﾄﾞ&lt;為替ﾍｯｼﾞあり&gt;(年2回決算型),,三菱UFJｱｾｯﾄ,米国株式-為替ヘッジ有り,株式,us,0.0,1.0,0.0,False,False,False,False,False,none,1.7875,16.72,7.0,3,3,1,,-20.98,16.61,23.68,-3.11,,8.83,0.61,0.83,0.08,,32.73,31.23,34.93,,True,2026-05-08,us_centric|very_high_risk
JP90C0001YU7,三重県応援ファンド,,SBI岡三,バランス（固定配分・中リスク）-為替ヘッジ無し,バランス,world,0.06,0.62,0.11,False,False,False,False,False,none,1.21,20.79,12.0,2,1,2,1,10.3,20.57,9.67,6.36,5.38,4.36,2.47,1.22,0.82,0.58,7.44,7.57,7.68,9.65,True,2026-05-08,low_risk
JP90C000B3C9,SBIｸﾞﾛｰﾊﾞﾙ･ﾗｯﾌﾟﾌｧﾝﾄﾞ(積極型),Ｍｙ‐ラップ（積極型）,SBI,バランス（固定配分・高リスク）-為替リスク低減,バランス,world,0.06,0.62,0.11,False,False,False,False,False,none,1.51,36.78,12.0,1,4,2,,12.43,27.52,19.15,12.99,9.93,7.88,2.72,1.64,1.05,0.78,8.86,10.85,12.19,13.08,True,2026-05-08,medium_risk
JP90C000GVA7,auスマート・プライム（成長）,,au,バランス（固定配分・中リスク）-為替ヘッジ無し,バランス,world,0.06,0.62,0.11,False,False,False,False,False,none,1.446225,70.27,7.0,3,3,2,,13.34,23.29,13.18,7.74,,7.49,2.73,1.53,0.88,,7.57,8.1,8.69,,True,2026-05-08,medium_risk
JP90C000B7F3,三井住友･米国ﾊｲｸｵﾘﾃｨ株式ﾌｧﾝﾄﾞ(為替ﾍｯｼﾞあり),,三井住友DS,米国株式-為替ヘッジ有り,株式,us,0.0,1.0,0.0,False,False,False,False,False,none,1.859,2.45,12.0,1,1,1,1,-14.71,-1.89,2.38,-1.95,7.34,6.07,-0.12,0.21,-0.04,0.49,13.59,14.1,16.74,17.63,True,2026-05-08,high_risk|us_centric
JP90C0009JX5,みずほUSﾊｲｲｰﾙﾄﾞｵｰﾌﾟﾝ(年1回決算型)為替ﾍｯｼﾞあり,,AMOne,ハイイールド債券（低格付）-為替ヘッジ有り,債券,world,0.06,0.62,0.11,False,False,False,False,False,none,1.485,19.75,12.0,4,4,1,3,1.06,4.78,2.48,-1.08,1.85,2.03,1.43,0.55,-0.19,0.3,2.86,4.07,5.7,6.64,True,2026-05-08,low_risk
JP90C000R6U6,りそなﾀｰｹﾞｯﾄ･ｲﾔｰ･ﾌｧﾝﾄﾞ2060(運用継続型),,りそな,バランス（固定配分・高リスク）-為替リスク低減,バランス,world,0.06,0.62,0.11,False,False,False,False,False,none,0.44,0.08,1.5,3,,,,17.79,32.77,,,,18.43,3.03,,,,9.32,,,,True,2026-05-08,medium_risk
JP90C000B0B7,スマート・クオリティ・オープン（成長型）,スマラップ,三菱UFJｱｾｯﾄ,バランス（固定配分・高リスク）-為替ヘッジ無し,バランス,world,0.06,0.62,0.11,False,False,False,False,False,none,2.0,120.89,12.0,1,1,1,1,13.43,22.25,12.38,9.29,7.72,6.2,2.38,1.35,0.94,0.75,8.33,8.72,9.82,10.52,True,2026-05-08,medium_risk
JP90C0001UY7,ﾊｯﾋﾟｰｴｲｼﾞﾝｸﾞ･ﾌｧﾝﾄﾞ ﾊｯﾋﾟｰｴｲｼﾞﾝｸﾞ 60,,SOMPO,バランス（固定配分・低リスク）-為替ヘッジ無し,バランス,world,0.06,0.62,0.11,False,False,False,False,False,none,0.946,57.49,12.0,1,1,1,1,-2.24,0.4,0.27,0.01,0.46,1.11,-0.06,0.0,-0.04,0.15,2.98,3.26,3.03,2.86,True,2026-05-08,low_risk
JP90C0009VQ4,三菱UFJ豪ﾄﾞﾙ債券ｲﾝｶﾑｵｰﾌﾟﾝ(年1回決算型),夢実月,三菱UFJｱｾｯﾄ,オセアニア債券-為替ヘッジ無し,債券,world,0.06,0.62,0.11,False,False,False,False,False,none,1.155,15.3,12.0,5,3,4,3,22.21,20.61,9.08,5.69,4.16,2.87,2.16,0.94,0.58,0.43,8.57,9.37,10.21,10.64,True,2026-05-08,medium_risk
JP90C000D2Q9,米国地方債ﾌｧﾝﾄﾞ 為替ﾍｯｼﾞあり(年2回決算型),,三井住友TAM,北米債券-為替ヘッジ有り,債券,us,0.0,1.0,0.0,False,False,False,False,False,none,1.188,62.13,12.0,4,2,3,4,-2.69,0.83,-1.9,-4.11,-1.59,-1.59,0.07,-0.37,-0.74,-0.31,3.7,5.6,5.68,5.03,True,2026-05-08,low_risk|us_centric
JP90C0009ST4,ｴﾏｰｼﾞﾝｸﾞ･ｿﾌﾞﾘﾝ･ｵｰﾌﾟﾝ(資産成長型)為替ﾍｯｼﾞあり,エマヘッジＮ,三菱UFJｱｾｯﾄ,新興国債券（広域・米ドル建）-為替ヘッジ有り,債券,world,0.06,0.62,0.11,False,False,False,False,False,none,1.6082,75.02,12.0,4,3,3,3,2.56,9.52,4.27,-2.19,0.22,1.06,2.17,0.69,-0.27,0.06,3.95,5.82,7.73,7.76,True,2026-05-08,low_risk
JP90C000NBS7,ﾌﾗﾝｸﾘﾝ･ﾃﾝﾌﾟﾙﾄﾝ･ｱﾒﾘｶ地方債ﾌｧﾝﾄﾞ(為替ﾍｯｼﾞなし),ムニボン,ﾌﾗﾝｸﾘﾝ･ﾃﾝﾌﾟﾙﾄﾝ,北米債券-為替ヘッジ無し,債券,world,0.06,0.62,0.11,False,False,False,False,False,none,0.9075,300.43,4.0,4,5,,,4.6,13.18,8.66,,,7.13,1.37,0.97,,,8.87,8.58,,,True,2026-05-08,medium_risk
JP90C000NWY1,ラップ型ファンド・プラスＥＳＧ（安定型）,Ｒ２４６ ＥＳＧ（安定型）,りそな,バランス（固定配分・低リスク）-為替リスク低減,バランス,world,0.06,0.62,0.11,False,False,False,False,False,none,0.66,9.06,4.0,4,5,,,3.19,8.66,5.27,,,4.7,2.09,1.1,,,3.7,4.46,,,True,2026-05-08,low_risk
JP90C0009HM2,ﾊｲｸﾞﾚｰﾄﾞ･ｵｾｱﾆｱ･ﾎﾞﾝﾄﾞ･ｵｰﾌﾟﾝ(年1回決算型),杏の実（年１回決算型）,大和,オセアニア債券-為替ヘッジ無し,債券,world,0.06,0.62,0.11,False,False,False,False,False,none,1.375,5.38,12.0,2,2,3,2,18.95,18.71,8.68,5.14,4.23,3.54,1.96,0.9,0.52,0.44,8.62,9.36,10.2,10.59,True,2026-05-08,medium_risk
JP90C000P046,日本厳選価値向上株式ファンド,リバイバル・ジャパン,りそな,国内株式,株式,japan,1.0,0.0,0.0,False,False,False,False,False,none,1.463,11.05,4.0,3,1,,,48.79,47.89,19.34,,,20.93,2.99,1.19,,,13.19,15.69,,,True,2026-05-08,active_concentrated|high_risk|japan_centric
JP90C000RVC0,りそなﾀｰｹﾞｯﾄ･ｲﾔｰ･ﾌｧﾝﾄﾞ2070,,りそな,バランス（固定配分・高リスク）-為替リスク低減,バランス,world,0.06,0.62,0.11,False,False,False,False,False,none,0.44,0.03,,,,,,19.57,,,,,29.56,,,,,,,,,True,2026-05-08,medium_risk
JP90C000RT17,東京海上ﾀｰｹﾞｯﾄ･ｲﾔｰ･ﾌｧﾝﾄﾞ2060,年金コンパス,東京海上,バランス（固定配分・中リスク）-為替ヘッジ無し,バランス,world,0.06,0.62,0.11,False,False,False,False,False,none,0.308,0.04,1.5,3,,,,13.53,25.36,,,,24.0,2.88,,,,7.74,,,,True,2026-05-08,medium_risk
JP90C000E6V9,ｸﾞﾛｰﾊﾞﾙ･ﾍﾙｽｹｱ&amp;ﾊﾞｲｵ･ﾌｧﾝﾄﾞ(為替ﾍｯｼﾞあり),健次（ヘッジあり）,三菱UFJｱｾｯﾄ,先進国株式（広域）-為替ヘッジ有り,株式,world,0.06,0.62,0.11,False,False,False,False,False,none,2.42,31.6,7.0,2,1,1,,3.14,9.43,-1.07,-1.05,,3.63,0.62,-0.04,-0.02,,15.33,13.02,14.14,,True,2026-05-08,medium_risk
JP90C0009H41,MHAM米国好配当株式ﾌｧﾝﾄﾞ(年1回決算型)為替ﾍｯｼﾞあり,ゴールデンルーキー,AMOne,米国株式-為替ヘッジ有り,株式,us,0.0,1.0,0.0,False,False,False,False,False,none,1.925,7.25,12.0,1,1,2,1,3.67,14.08,7.55,4.14,6.83,6.27,1.27,0.67,0.36,0.53,10.3,11.33,12.92,14.37,True,2026-05-08,dividend_focused|medium_risk|us_centric
JP90C000A5N2,ジャパン・エクセレント,,大和,国内株式,株式,world,0.06,0.62,0.11,False,False,False,False,False,none,1.595,133.67,12.0,3,4,2,1,29.8,47.79,28.05,14.31,11.86,13.23,2.71,1.52,0.9,0.68,14.64,17.03,16.13,19.25,True,2026-05-08,high_risk
JP90C000KFT2,世界新時代株式ファンド（資産成長型）,World Change,三井住友DS,先進国株式（広域）-為替ヘッジ無し,株式,world,0.06,0.62,0.11,False,False,False,False,False,none,1.584,65.97,7.0,1,2,1,,-8.64,18.69,15.85,7.67,,9.26,1.08,0.84,0.45,,16.47,19.4,21.25,,True,2026-05-08,global_diversified|high_risk
JP90C000HZH1,東京海上･がんとたたかう投信(為替ﾍｯｼﾞなし)(年1回決算型),,東京海上,先進国株式（広域）-為替ヘッジ無し,株式,world,0.06,0.62,0.11,False,False,False,False,False,none,1.877,22.7,7.0,2,1,1,,22.27,32.9,9.52,9.69,,13.05,1.6,0.63,0.61,,18.53,15.97,17.18,,True,2026-05-08,high_risk
JP90C000CS31,りそなラップ型ファンド（安定成長型）,Ｒ２４６（安定成長型）,りそな,バランス（固定配分・中リスク）-為替ヘッジ無し,バランス,world,0.06,0.62,0.11,False,False,False,False,False,none,1.1,1328.3,12.0,2,2,2,1,8.54,18.02,10.96,6.91,5.59,5.25,2.54,1.3,0.84,0.63,6.36,8.05,8.18,9.16,True,2026-05-08,medium_risk
JP90C000KKW6,Ｏｎｅグローバル中小型長期成長株ファンド,キセキ,AMOne,先進国株式（広域）-為替ヘッジ無し,株式,world,0.06,0.62,0.11,False,False,False,False,False,none,1.694,13.84,7.0,1,1,1,,22.31,21.28,12.28,7.71,,10.13,1.24,0.78,0.46,,16.16,16.04,20.13,,True,2026-05-08,active_diversified|global_diversified|growth_focused|high_risk
JP90C000EZV9,野村未来ﾄﾚﾝﾄﾞ発見ﾌｧﾝﾄﾞ Aｺｰｽ(為替ﾍｯｼﾞあり),先見の明,野村,先進国株式（広域）-為替リスク低減,株式,world,0.06,0.62,0.11,False,False,False,False,False,none,1.705,86.75,7.0,3,3,2,,19.55,22.19,15.95,6.19,,10.25,1.47,0.97,0.42,,13.87,16.23,17.3,,True,2026-05-08,high_risk
JP90C0009K95,UBSｸﾞﾛｰﾊﾞﾙCBｵｰﾌﾟﾝ(年1回決算型･為替ﾍｯｼﾞなし),,ＵＢＳ,先進国転換社債-為替ヘッジ無し,株式,world,0.06,0.62,0.11,False,False,False,False,False,none,1.635,14.54,12.0,4,,,,10.75,17.23,9.67,6.64,6.12,5.7,2.44,1.34,0.83,0.69,6.36,6.81,7.89,9.05,True,2026-05-08,low_risk
JP90C00021Z9,日興ｸﾞﾛｰﾊﾞﾙREITﾌｧﾝﾄﾞ(6ヵ月決算型),,ｱﾓｰｳﾞｧAM,海外REIT（含む北米）-為替ヘッジ無し,不動産,world,0.06,0.62,0.11,False,False,False,False,False,none,1.65,5.76,12.0,2,2,2,2,26.05,24.9,13.87,9.96,7.15,6.98,2.1,1.03,0.65,0.46,10.57,13.21,16.3,18.93,True,2026-05-08,high_risk|tech_heavy
JP90C000RVD8,りそなﾀｰｹﾞｯﾄ･ｲﾔｰ･ﾌｧﾝﾄﾞ2075,,りそな,バランス（固定配分・高リスク）-為替リスク低減,バランス,world,0.06,0.62,0.11,False,False,False,False,False,none,0.44,0.05,,,,,,19.56,,,,,29.54,,,,,,,,,True,2026-05-08,medium_risk
JP90C0001UJ8,損保ジャパン日本株オープン,むぎわら帽子,SOMPO,国内株式,株式,japan,1.0,0.0,0.0,False,False,False,False,False,none,1.65,6.67,12.0,3,2,3,1,46.03,44.27,22.41,16.91,12.29,4.94,2.53,1.37,1.14,0.74,14.7,15.43,14.53,17.57,True,2026-05-08,japan_centric|medium_risk
JP90C0000LM3,SRI・ジャパン・オープン,グッドカンパニー,三井住友TAM,国内株式,株式,world,0.06,0.62,0.11,False,False,False,False,False,none,1.54,69.79,12.0,2,2,1,1,31.32,42.18,23.94,13.9,11.81,6.25,2.44,1.27,0.82,0.68,14.63,18.0,17.45,19.1,True,2026-05-08,high_risk
JP90C000G979,ﾗｲﾌ･ｼﾞｬｰﾆｰ(かしこく育てるｺｰｽ),最高の人生の描き方,三井住友DS,バランス（可変配分）-為替リスク低減,バランス,world,0.06,0.62,0.11,False,False,False,False,False,none,1.608,751.1,7.0,4,4,3,,13.41,25.86,13.74,8.56,,7.89,2.65,1.33,0.78,,8.59,9.84,11.08,,True,2026-05-08,medium_risk
JP90C0002DS3,ｱﾗｲｱﾝｽ･ﾊﾞｰﾝｽﾀｲﾝ･ｸﾞﾛｰﾊﾞﾙ･ﾎﾞﾝﾄﾞ･ﾌｧﾝﾄﾞ,ボンド・ストーリー,ｱﾗｲｱﾝｽ,先進国債券（広域・高格付）-為替ヘッジ無し,債券,world,0.06,0.62,0.11,False,False,False,False,False,none,1.067,14.69,12.0,1,1,1,1,2.27,8.15,5.37,3.42,2.33,3.07,1.19,0.78,0.51,0.39,6.21,6.61,6.64,6.3,True,2026-05-08,low_risk
JP90C000BSS6,One 6資産ﾊﾞﾗﾝｽﾌｧﾝﾄﾞ(年1回決算型),六花選（年１回決算型）,AMOne,バランス（固定配分・中リスク）-為替ヘッジ無し,バランス,world,0.06,0.62,0.11,False,False,False,False,False,none,1.265,5.58,12.0,3,3,3,2,14.01,18.73,11.37,8.14,6.83,5.77,2.54,1.35,0.92,0.68,6.6,8.02,8.72,10.47,True,2026-05-08,medium_risk
JP90C000H225,ﾌﾗﾝｸﾘﾝ･ﾃﾝﾌﾟﾙﾄﾝ･ｸﾞﾛｰﾊﾞﾙ･ﾌﾟﾚﾐｱ小型株ﾌｧﾝﾄﾞ(年1回決算型),,ﾌﾗﾝｸﾘﾝ･ﾃﾝﾌﾟﾙﾄﾝ,先進国株式（広域）-為替ヘッジ無し,株式,world,0.06,0.62,0.11,False,False,False,False,False,none,1.87,43.21,7.0,2,1,1,,17.79,28.84,8.37,6.32,,9.43,1.87,0.56,0.43,,13.77,16.29,17.46,,True,2026-05-08,high_risk
JP90C000LSP1,ｼｭﾛｰﾀﾞｰ･ｸﾞﾛｰﾊﾞﾙ･ﾘｰﾄESGﾌｫｰｶｽ･ﾌｧﾝﾄﾞ(資産成長型),,ｼｭﾛｰﾀﾞｰ,先進国株式（広域）-為替ヘッジ無し,株式,world,0.06,0.62,0.11,False,False,False,False,False,none,1.65,101.39,4.0,2,1,,,28.2,25.52,12.81,,,7.46,1.94,0.89,,,11.79,14.36,,,True,2026-05-08,medium_risk|thematic
JP90C000BA16,ﾌﾗﾝｸﾘﾝ･ﾃﾝﾌﾟﾙﾄﾝ･豪州ｲﾝｶﾑ資産ﾌｧﾝﾄﾞ(年2回決算型),,ﾌﾗﾝｸﾘﾝ･ﾃﾝﾌﾟﾙﾄﾝ,オーストラリア株式-為替ヘッジ無し,株式,world,0.06,0.62,0.11,False,False,False,False,False,none,1.815,77.13,12.0,1,1,1,,12.84,21.96,10.17,8.95,6.58,5.43,1.72,0.74,0.57,0.42,11.55,14.06,17.24,19.49,True,2026-05-08,high_risk
JP90C000L6Y4,ﾐﾛｰﾊﾞｸﾞﾛｰﾊﾞﾙ･ｻｽﾃﾅﾌﾞﾙ株式ﾌｧﾝﾄﾞ,,朝日ﾗｲﾌ,先進国株式（広域）-為替ヘッジ無し,株式,world,0.06,0.62,0.11,False,False,False,False,False,none,1.804,32.24,7.0,1,1,2,,0.25,22.24,16.55,13.09,,13.44,1.62,1.11,0.8,,12.54,14.54,16.95,,True,2026-05-08,high_risk
JP90C000PTT2,ﾋﾟｸﾃ･ｸﾞﾛｰﾊﾞﾙ･ｲﾝｶﾑ債券ﾌｧﾝﾄﾞ(隔月決算型),,ﾋﾟｸﾃ,先進国債券（広域・高格付）-為替ヘッジ無し,債券,world,0.06,0.62,0.11,False,False,False,False,False,none,1.2518,9.74,1.5,5,,,,2.88,12.85,,,,8.01,1.57,,,,7.49,,,,True,2026-05-08,low_risk
JP90C000QDH9,ﾊﾟｲﾝﾌﾞﾘｯｼﾞ割安優良債券ﾌｧﾝﾄﾞ(奇数月決算型),ボンドレーダー,ﾊﾟｲﾝﾌﾞﾘｯｼﾞ,北米債券-為替ヘッジ無し,債券,world,0.06,0.62,0.11,False,False,False,False,False,none,1.103,0.4,1.5,4,,,,3.17,12.56,,,,5.92,1.39,,,,8.34,,,,True,2026-05-08,low_risk|value_focused
JP90C000R6T8,りそなﾀｰｹﾞｯﾄ･ｲﾔｰ･ﾌｧﾝﾄﾞ2055(運用継続型),,りそな,バランス（固定配分・高リスク）-為替リスク低減,バランス,world,0.06,0.62,0.11,False,False,False,False,False,none,0.385,0.09,1.5,3,,,,15.95,29.85,,,,16.95,2.98,,,,8.7,,,,True,2026-05-08,medium_risk
JP90C000RT09,東京海上ﾀｰｹﾞｯﾄ･ｲﾔｰ･ﾌｧﾝﾄﾞ2050,年金コンパス,東京海上,バランス（固定配分・中リスク）-為替ヘッジ無し,バランス,world,0.06,0.62,0.11,False,False,False,False,False,none,0.308,0.11,1.5,3,,,,12.4,23.46,,,,22.25,2.82,,,,7.35,,,,True,2026-05-08,medium_risk
JP90C00039Z1,青のライフキャンバス・ファンド（標準型）,,Ｔ＆Ｄ,バランス（固定配分・中リスク）-為替ヘッジ無し,バランス,world,0.06,0.62,0.11,False,False,False,False,False,none,1.32,22.92,12.0,1,1,1,3,9.97,17.77,11.14,6.74,6.67,3.03,2.24,1.25,0.79,0.75,7.15,8.52,8.45,9.09,True,2026-05-08,medium_risk
JP90C0009K87,UBSｸﾞﾛｰﾊﾞﾙCBｵｰﾌﾟﾝ(年1回決算型･為替ﾍｯｼﾞあり),,ＵＢＳ,先進国転換社債-為替ヘッジ有り,株式,world,0.06,0.62,0.11,False,False,False,False,False,none,1.635,4.12,12.0,5,,,,11.58,15.6,6.47,1.21,2.6,2.51,2.71,1.19,0.21,0.47,5.18,5.13,5.48,5.62,True,2026-05-08,low_risk
JP90C0003A02,赤のライフキャンバス・ファンド（積極型）,,Ｔ＆Ｄ,バランス（固定配分・高リスク）-為替ヘッジ無し,バランス,world,0.06,0.62,0.11,False,False,False,False,False,none,1.32,27.86,12.0,1,1,1,3,15.41,24.96,15.65,9.55,9.08,3.64,2.47,1.38,0.89,0.81,8.96,10.76,10.65,11.44,True,2026-05-08,medium_risk
JP90C0001UX9,ﾊｯﾋﾟｰｴｲｼﾞﾝｸﾞ･ﾌｧﾝﾄﾞ ﾊｯﾋﾟｰｴｲｼﾞﾝｸﾞ 50,,SOMPO,バランス（固定配分・低リスク）-為替ヘッジ無し,バランス,world,0.06,0.62,0.11,False,False,False,False,False,none,1.133,142.66,12.0,2,4,4,3,4.88,8.32,5.36,3.88,3.6,2.35,1.66,1.05,0.8,0.65,4.5,4.79,4.67,5.59,True,2026-05-08,low_risk
JP90C000FES7,ｸﾞﾛｰﾊﾞﾙ･ﾌｨﾝﾃｯｸ株式ﾌｧﾝﾄﾞ(為替ﾍｯｼﾞあり･年2回決算型),,ｱﾓｰｳﾞｧAM,先進国株式（広域）-為替ヘッジ有り,株式,world,0.06,0.62,0.11,False,False,False,False,False,none,1.925,59.2,7.0,2,3,1,,-44.85,4.16,22.03,-9.25,,4.88,0.27,0.77,-0.06,,33.66,32.27,39.04,,True,2026-05-08,very_high_risk
JP90C000NBR9,ﾌﾗﾝｸﾘﾝ･ﾃﾝﾌﾟﾙﾄﾝ･ｱﾒﾘｶ地方債ﾌｧﾝﾄﾞ(為替ﾍｯｼﾞあり),ムニボン,ﾌﾗﾝｸﾘﾝ･ﾃﾝﾌﾟﾙﾄﾝ,北米債券-為替ヘッジ有り,債券,world,0.06,0.62,0.11,False,False,False,False,False,none,0.9075,26.36,4.0,3,3,,,-2.9,1.23,-1.24,,,-1.87,0.16,-0.2,,,4.22,6.61,,,True,2026-05-08,low_risk
JP90C000KAH8,ｸﾞﾛｰﾊﾞﾙESGﾊｲｸｵﾘﾃｨ成長株式ﾌｧﾝﾄﾞ(為替ﾍｯｼﾞなし),未来の世界（ＥＳＧ）,AMOne,先進国株式（広域）-為替ヘッジ無し,株式,world,0.06,0.62,0.11,False,False,False,False,False,none,1.848,9417.89,7.0,1,2,1,,-14.9,7.27,19.14,10.22,,12.82,0.47,1.01,0.53,,16.33,18.87,23.05,,True,2026-05-08,active_diversified|growth_focused|thematic|very_high_risk
JP90C0004S92,ｲｰｽﾄｽﾌﾟﾘﾝｸﾞ･ｸﾞﾛｰｲﾝｸﾞ･ｱｼﾞｱ株式ｵｰﾌﾟﾝ,,ｲｰｽﾄｽﾌﾟﾘﾝｸﾞ,アジア株式-為替ヘッジ無し,株式,world,0.06,0.62,0.11,False,False,False,False,False,none,1.688,25.36,12.0,1,1,1,1,-17.15,1.57,-0.48,1.78,4.18,2.95,0.14,0.01,0.18,0.33,14.85,14.04,14.7,16.24,True,2026-05-08,medium_risk
JP90C0008EG3,ﾆｯｾｲ･ﾜｰﾙﾄﾞｽﾎﾟｰﾂ･ﾌｧﾝﾄﾞ-ﾒﾀﾞﾘｽﾄ-Aｺｰｽ(為替ﾍｯｼﾞあり),,ﾆｯｾｲ,先進国株式（広域）-為替ヘッジ有り,株式,world,0.06,0.62,0.11,False,False,False,False,False,none,1.837,10.81,12.0,1,1,1,1,-22.65,-6.68,-1.93,-4.89,2.2,5.69,-0.51,-0.09,-0.24,0.21,13.04,13.88,16.13,16.7,True,2026-05-08,high_risk
JP90C000F7F9,ﾜｰﾙﾄﾞ･ﾋﾞｭｰﾃｨｰ･ｵｰﾌﾟﾝ(為替ﾍｯｼﾞあり),,三菱UFJｱｾｯﾄ,先進国株式（広域）-為替ヘッジ有り,株式,world,0.06,0.62,0.11,False,False,False,False,False,none,1.804,14.26,7.0,1,1,1,,-9.88,-4.4,-12.38,-7.43,,-0.26,-0.33,-1.0,-0.5,,13.1,12.7,13.91,,True,2026-05-08,medium_risk
JP90C000JVQ7,ﾓﾙｶﾞﾝ･ｽﾀﾝﾚｰｸﾞﾛｰﾊﾞﾙ･ｻｽﾃｲﾝ戦略ﾌｧﾝﾄﾞ(為替ﾍｯｼﾞあり),,野村,先進国株式（広域）-為替リスク低減,株式,world,0.06,0.62,0.11,False,False,False,False,False,none,1.925,38.74,7.0,1,1,1,,-6.11,-4.24,2.42,-0.11,,3.57,-0.4,0.25,0.05,,10.93,10.83,13.37,,True,2026-05-08,medium_risk
JP90C000Q1D4,新光 US-REIT ｵｰﾌﾟﾝ(隔月決算型),ゼウス（隔月決算型）,AMOne,北米REIT-為替ヘッジ無し,不動産,world,0.06,0.62,0.11,False,False,False,False,False,none,1.65,3.8,1.5,1,,,,30.53,19.27,,,,13.26,1.49,,,,11.86,,,,True,2026-05-08,medium_risk|tech_heavy
JP90C000RD31,ｸﾞﾛｰﾊﾞﾙCoCo債ﾌｧﾝﾄﾞ(為替ﾍｯｼﾞあり･年4回分配型),,ｱﾓｰｳﾞｧAM,ハイイールド債券（低格付）-為替ヘッジ有り,債券,world,0.06,0.62,0.11,False,False,False,False,False,none,1.785,0.22,1.5,3,,,,-0.75,4.1,,,,2.94,1.25,,,,2.74,,,,True,2026-05-08,medium_risk
JP90C000MKN1,ﾀﾞｲﾜ･ｸﾞﾛｰﾊﾞﾙREIT･ｵｰﾌﾟﾝ(為替ﾍｯｼﾞあり/資産成長型),世界の街並み,大和,海外REIT（含む北米）-為替ヘッジ有り,不動産,world,0.06,0.62,0.11,False,False,False,False,False,none,1.628,9.64,4.0,1,2,,,5.07,5.89,2.87,,,-3.44,0.52,0.25,,,10.91,13.67,,,True,2026-05-08,medium_risk|tech_heavy
JP90C000J8M9,ﾏﾆｭﾗｲﾌ･円ﾊｲﾌﾞﾘｯﾄﾞ債券ｲﾝｶﾑ･ﾌｧﾝﾄﾞ(3ヵ月決算型),,ﾏﾆｭﾗｲﾌ,国内債券,債券,world,0.06,0.62,0.11,False,False,False,False,False,none,0.77,428.91,7.0,5,5,4,,-1.04,-0.42,0.56,-1.31,,-0.63,-0.93,0.16,-0.84,,1.12,1.64,1.77,,True,2026-05-08,low_risk
JP90C000J569,SBI･V･S&amp;P500ｲﾝﾃﾞｯｸｽ･ﾌｧﾝﾄﾞ,ＳＢＩ・Ｖ・Ｓ＆Ｐ５００,SBI,米国株式-為替ヘッジ無し,株式,world,0.06,0.62,0.11,False,False,False,False,False,none,0.0938,28240.91,7.0,3,4,5,,17.16,39.72,26.79,21.15,,22.86,2.62,1.54,1.19,,12.89,16.12,17.22,,True,2026-05-08,high_risk
JP90C000JLY2,ﾊﾟｲﾝﾌﾞﾘｯｼﾞ･ｸﾞﾛｰﾊﾞﾙ･ﾃｸﾉﾛｼﾞｰ･ｲﾝﾌﾗ･ﾌｧﾝﾄﾞ&lt;為替ﾍｯｼﾞあり&gt;,未来インフラ＜為替ヘッジあり＞,ﾊﾟｲﾝﾌﾞﾘｯｼﾞ,海外REIT（含む北米）-為替ヘッジ有り,不動産,world,0.06,0.62,0.11,False,False,False,False,False,none,1.738,4.77,7.0,1,1,1,,10.17,5.14,-0.83,-3.91,,-1.29,0.41,0.0,-0.14,,12.66,15.23,18.04,,True,2026-05-08,high_risk
JP90C000JSB5,世界ｾﾚｸﾃｨﾌﾞ株式ｵｰﾌﾟﾝ(年2回決算型),,大和,先進国株式（広域）-為替ヘッジ無し,株式,world,0.06,0.62,0.11,False,False,False,False,False,none,1.9525,129.06,7.0,1,1,1,,3.9,16.96,16.22,12.56,,11.42,1.32,1.1,0.84,,11.92,14.34,15.26,,True,2026-05-08,global_diversified|high_risk
JP90C000JSH2,次世代REITｵｰﾌﾟﾝ&lt;資産成長型&gt;(為替ﾍｯｼﾞあり),,三菱UFJｱｾｯﾄ,海外REIT（含む北米）-為替ヘッジ有り,不動産,world,0.06,0.62,0.11,False,False,False,False,False,none,1.694,8.87,7.0,1,1,2,,17.68,5.88,2.28,-0.68,,0.75,0.45,0.2,0.04,,13.14,15.31,18.31,,True,2026-05-08,high_risk|tech_heavy
JP90C000JSJ8,次世代REITｵｰﾌﾟﾝ&lt;資産成長型&gt;(為替ﾍｯｼﾞなし),,三菱UFJｱｾｯﾄ,海外REIT（含む北米）-為替ヘッジ無し,不動産,world,0.06,0.62,0.11,False,False,False,False,False,none,1.694,98.45,7.0,1,2,2,,28.61,18.98,12.15,10.18,,9.89,1.36,0.81,0.61,,12.97,15.16,18.61,,True,2026-05-08,high_risk|tech_heavy
JP90C000JQZ8,GSﾌｭｰﾁｬｰ･ﾃｸﾉﾛｼﾞｰ･ﾘｰﾀﾞｰｽﾞAｺｰｽ(限定為替ﾍｯｼﾞ),ｎｅｘｔＷＩＮ,ｺﾞｰﾙﾄﾞﾏﾝ,先進国・新興国株式（広域）-為替リスク低減,株式,world,0.06,0.62,0.11,False,False,False,False,False,none,1.7875,441.74,7.0,4,5,,,45.39,62.16,23.94,3.7,,11.84,2.24,1.06,0.26,,22.52,22.24,26.23,,True,2026-05-08,very_high_risk
JP90C000L7C8,MFS米国中型成長株式ﾌｧﾝﾄﾞ(為替ﾍｯｼﾞあり),,三井住友DS,米国株式-為替ヘッジ有り,株式,us,0.0,1.0,0.0,False,False,False,False,False,none,1.815,17.43,7.0,1,1,1,,-6.85,3.36,4.43,-1.68,,-2.16,0.25,0.33,-0.01,,15.39,15.75,18.68,,True,2026-05-08,active_diversified|growth_focused|high_risk|us_centric
JP90C000L7D6,MFS米国中型成長株式ﾌｧﾝﾄﾞ(為替ﾍｯｼﾞなし),,三井住友DS,米国株式-為替ヘッジ無し,株式,us,0.0,1.0,0.0,False,False,False,False,False,none,1.815,176.53,7.0,1,1,1,,0.88,15.9,14.65,9.86,,9.42,0.97,0.84,0.57,,15.91,17.73,19.76,,True,2026-05-08,active_diversified|growth_focused|high_risk|us_centric
JP90C000KQ82,グローバル中小型株式ファンド,,りそな,先進国・新興国株式（広域）-為替ヘッジ無し,株式,world,0.06,0.62,0.11,False,False,False,False,False,none,1.65,0.03,7.0,2,1,1,,5.53,22.9,5.8,-0.65,,4.01,1.69,0.39,0.07,,12.32,18.09,20.9,,True,2026-05-08,global_diversified|high_risk
JP90C000KU03,auAM未来都市関連株式ﾌｧﾝﾄﾞ(為替ﾍｯｼﾞあり),,au,先進国株式（広域）-為替ヘッジ有り,株式,world,0.06,0.62,0.11,False,False,False,False,False,none,1.925,9.68,7.0,2,1,1,,-1.43,17.61,6.21,-2.09,,1.53,1.19,0.45,-0.05,,13.97,15.11,17.3,,True,2026-05-08,high_risk
JP90C000KU11,auAM未来都市関連株式ﾌｧﾝﾄﾞ(為替ﾍｯｼﾞなし),,au,先進国株式（広域）-為替ヘッジ無し,株式,world,0.06,0.62,0.11,False,False,False,False,False,none,1.925,50.86,7.0,2,2,1,,12.34,36.03,16.52,8.36,,12.28,2.06,0.98,0.5,,15.23,16.84,19.28,,True,2026-05-08,high_risk
JP90C000KG27,ﾓﾙｶﾞﾝ･ｽﾀﾝﾚｰUSﾊｲｲｰﾙﾄﾞ債券ﾌｧﾝﾄﾞ(年1回決算型)(為替ﾍｯｼﾞあり),,AMOne,ハイイールド債券（低格付）-為替ヘッジ有り,債券,world,0.06,0.62,0.11,False,False,False,False,False,none,1.588,5.48,7.0,2,1,3,,-0.96,2.82,1.89,-0.7,,0.87,0.96,0.53,-0.19,,2.27,3.04,4.15,,True,2026-05-08,low_risk
JP90C000KG35,ﾓﾙｶﾞﾝ･ｽﾀﾝﾚｰUSﾊｲｲｰﾙﾄﾞ債券ﾌｧﾝﾄﾞ(年1回決算型)(為替ﾍｯｼﾞなし),,AMOne,ハイイールド債券（低格付）-為替ヘッジ無し,債券,world,0.06,0.62,0.11,False,False,False,False,False,none,1.588,26.32,7.0,1,1,3,,6.41,14.46,11.43,10.51,,11.26,1.55,1.17,1.06,,8.57,9.35,9.7,,True,2026-05-08,medium_risk
JP90C000KNL3,ｸﾞﾛｰﾊﾞﾙDX関連株式ﾌｧﾝﾄﾞ(資産成長型),The DX,三井住友DS,先進国株式（広域）-為替ヘッジ無し,株式,world,0.06,0.62,0.11,False,False,False,False,False,none,1.903,263.94,7.0,2,2,1,,-19.78,21.73,18.83,6.4,,8.87,0.92,0.85,0.36,,23.74,23.21,26.98,,True,2026-05-08,thematic|very_high_risk
JP90C000KHS0,世界ｾﾚｸﾃｨﾌﾞ株式ｵｰﾌﾟﾝ(為替ﾍｯｼﾞあり/年1回決算型),,大和,先進国株式（広域）-為替ヘッジ有り,株式,world,0.06,0.62,0.11,False,False,False,False,False,none,1.9525,0.85,7.0,1,1,1,,-3.95,4.17,5.69,0.86,,2.29,0.39,0.51,0.12,,10.24,11.58,13.26,,True,2026-05-08,global_diversified|medium_risk
JP90C000KHT8,世界ｾﾚｸﾃｨﾌﾞ株式ｵｰﾌﾟﾝ(為替ﾍｯｼﾞあり/年2回決算型),,大和,先進国株式（広域）-為替ヘッジ有り,株式,world,0.06,0.62,0.11,False,False,False,False,False,none,1.9525,0.85,7.0,1,1,1,,-3.77,4.23,5.71,0.85,,2.24,0.39,0.51,0.12,,10.27,11.62,13.29,,True,2026-05-08,global_diversified|medium_risk
JP90C000LUH4,ｸﾞﾘｰﾝ･ﾃｸﾉﾛｼﾞｰ株式ﾌｧﾝﾄﾞ(為替ﾍｯｼﾞあり),グリーン革命,三菱UFJｱｾｯﾄ,先進国株式（広域）-為替ヘッジ有り,株式,world,0.06,0.62,0.11,False,False,False,False,False,none,1.925,24.02,4.0,5,1,,,38.96,55.06,5.53,,,1.35,2.98,0.38,,,14.91,16.9,,,True,2026-05-08,high_risk
JP90C000LUJ0,ｸﾞﾘｰﾝ･ﾃｸﾉﾛｼﾞｰ株式ﾌｧﾝﾄﾞ(為替ﾍｯｼﾞなし),グリーン革命,三菱UFJｱｾｯﾄ,先進国株式（広域）-為替ヘッジ無し,株式,world,0.06,0.62,0.11,False,False,False,False,False,none,1.925,30.46,4.0,5,2,,,51.22,75.16,14.84,,,10.28,3.82,0.83,,,14.86,18.43,,,True,2026-05-08,high_risk
JP90C000LY24,SBI･V･米国高配当株式ｲﾝﾃﾞｯｸｽ･ﾌｧﾝﾄﾞ,ＳＢＩ・Ｖ・米国高配当株式,SBI,米国株式-為替ヘッジ無し,株式,us,0.0,1.0,0.0,False,False,False,False,False,none,0.1038,390.33,4.0,2,2,,,32.12,39.22,21.74,,,20.02,2.9,1.45,,,11.46,14.08,,,True,2026-05-08,active_diversified|dividend_focused|medium_risk|us_centric
JP90C000MGW0,ｸﾞﾛｰﾊﾞﾙ･ﾊｲｸｵﾘﾃｨ成長株式ﾌｧﾝﾄﾞ(予想分配金提示型)(限定為替ﾍｯｼﾞ),未来の世界（予想分配金提示型）,AMOne,先進国・新興国株式（広域）-為替リスク低減,株式,world,0.06,0.62,0.11,False,False,False,False,False,none,1.87,9.84,4.0,1,3,,,-18.82,-1.15,11.93,,,-2.45,-0.02,0.71,,,17.34,17.56,,,True,2026-05-08,active_diversified|growth_focused|high_risk
JP90C000MDW7,ＦＤＡ日米バランスファンド（成長型）,みどりの架け橋・成長型,SOMPO,バランス（固定配分・中リスク）-為替ヘッジ無し,バランス,world,0.06,0.62,0.11,False,False,False,False,False,none,0.385,164.2,4.0,3,2,,,8.79,23.81,13.42,,,9.65,2.58,1.32,,,8.19,9.7,,,True,2026-05-08,broad_market|medium_risk
JP90C000M357,脱炭素テクノロジー株式ファンド,カーボンＺＥＲＯ,大和,先進国株式（広域）-為替ヘッジ無し,株式,world,0.06,0.62,0.11,False,False,False,False,False,none,1.837,227.69,4.0,5,1,,,37.28,49.9,14.87,,,10.65,3.31,0.93,,,12.3,15.9,,,True,2026-05-08,high_risk
JP90C000H274,NWQｸﾞﾛｰﾊﾞﾙ厳選証券ﾌｧﾝﾄﾞ(為替ﾍｯｼﾞあり/隔月分配型),選択の達人,大和,バランス（可変配分）-為替ヘッジ有り,バランス,world,0.06,0.62,0.11,False,False,False,False,False,none,1.6775,7.87,7.0,5,2,2,,7.51,10.15,2.08,-1.85,,0.18,2.17,0.35,-0.27,,4.22,5.44,6.69,,True,2026-05-08,active_concentrated|low_risk
JP90C000H282,NWQｸﾞﾛｰﾊﾞﾙ厳選証券ﾌｧﾝﾄﾞ(為替ﾍｯｼﾞなし/隔月分配型),選択の達人,大和,バランス（可変配分）-為替ヘッジ無し,バランス,world,0.06,0.62,0.11,False,False,False,False,False,none,1.6775,297.46,7.0,5,3,4,,14.98,23.45,12.59,9.81,,8.29,2.37,1.27,0.94,,8.8,9.42,10.31,,True,2026-05-08,active_concentrated|medium_risk
JP90C000H290,NWQｸﾞﾛｰﾊﾞﾙ厳選証券ﾌｧﾝﾄﾞ(為替ﾍｯｼﾞあり/資産成長型),選択の達人,大和,バランス（可変配分）-為替ヘッジ有り,バランス,world,0.06,0.62,0.11,False,False,False,False,False,none,1.6775,4.72,7.0,5,2,2,,7.5,10.16,2.07,-1.87,,0.25,2.17,0.35,-0.28,,4.21,5.43,6.68,,True,2026-05-08,active_concentrated|low_risk
JP90C000H2A9,NWQｸﾞﾛｰﾊﾞﾙ厳選証券ﾌｧﾝﾄﾞ(為替ﾍｯｼﾞなし/資産成長型),選択の達人,大和,バランス（可変配分）-為替ヘッジ無し,バランス,world,0.06,0.62,0.11,False,False,False,False,False,none,1.6775,54.73,7.0,5,3,4,,15.1,23.54,12.6,9.81,,8.36,2.36,1.27,0.94,,8.87,9.45,10.32,,True,2026-05-08,active_concentrated|medium_risk
JP90C000HLP4,世界セレクティブ株式オープン,,大和,先進国株式（広域）-為替ヘッジ無し,株式,world,0.06,0.62,0.11,False,False,False,False,False,none,1.9525,137.55,7.0,1,1,1,,4.08,17.12,16.52,12.74,,12.48,1.33,1.11,0.85,,11.93,14.38,15.28,,True,2026-05-08,global_diversified|high_risk
JP90C000H8D0,ﾌﾗﾝｸﾘﾝ･ﾃﾝﾌﾟﾙﾄﾝ･豪州ｲﾝｶﾑ資産ﾌｧﾝﾄﾞ(隔月分配型),,ﾌﾗﾝｸﾘﾝ･ﾃﾝﾌﾟﾙﾄﾝ,オーストラリア株式-為替ヘッジ無し,株式,world,0.06,0.62,0.11,False,False,False,False,False,none,1.815,9.46,7.0,1,1,1,,12.76,21.89,10.12,8.9,,7.76,1.72,0.74,0.57,,11.53,14.02,17.19,,True,2026-05-08,high_risk
JP90C000H8U4,先進国ﾊｲｸｵﾘﾃｨ成長株式ﾌｧﾝﾄﾞ(為替ﾍｯｼﾞあり),未来の世界（先進国）,AMOne,先進国株式（広域）-為替ヘッジ有り,株式,world,0.06,0.62,0.11,False,False,False,False,False,none,1.87,47.74,7.0,1,2,1,,-20.72,-4.2,7.47,-1.26,,6.79,-0.26,0.5,0.04,,14.88,16.59,21.21,,True,2026-05-08,active_diversified|developed_only|growth_focused|high_risk
JP90C000H8V2,先進国ﾊｲｸｵﾘﾃｨ成長株式ﾌｧﾝﾄﾞ(為替ﾍｯｼﾞなし),未来の世界（先進国）,AMOne,先進国株式（広域）-為替ヘッジ無し,株式,world,0.06,0.62,0.11,False,False,False,False,False,none,1.87,892.03,7.0,1,2,1,,-15.1,6.33,17.26,9.16,,14.82,0.44,0.95,0.5,,15.25,18.15,22.38,,True,2026-05-08,active_diversified|developed_only|growth_focused|very_high_risk
JP90C000H480,NWQﾌﾚｷｼﾌﾞﾙ･ｲﾝｶﾑﾌｧﾝﾄﾞ 為替ﾍｯｼﾞあり(年1回決算型),,三井住友TAM,バランス（可変配分）-為替ヘッジ有り,バランス,world,0.06,0.62,0.11,False,False,False,False,False,none,1.6775,29.64,7.0,4,2,2,,7.44,10.07,2.04,-1.86,,0.26,2.16,0.34,-0.28,,4.2,5.41,6.64,,True,2026-05-08,low_risk
JP90C000G987,ライフ・ジャーニー（かしこく使うコース）,最高の人生の描き方,三井住友DS,バランス（可変配分）-為替リスク低減,バランス,world,0.06,0.62,0.11,False,False,False,False,False,none,1.608,336.41,7.0,4,4,3,,13.38,25.76,13.68,8.51,,7.86,2.65,1.33,0.78,,8.56,9.81,11.05,,True,2026-05-08,medium_risk
JP90C000GMY6,ｸﾞﾛｰﾊﾞﾙ･ﾊｲｸｵﾘﾃｨ成長株式ﾌｧﾝﾄﾞ(年2回決算型)(限定為替ﾍｯｼﾞ),未来の世界（年２回決算型）,AMOne,先進国・新興国株式（広域）-為替リスク低減,株式,world,0.06,0.62,0.11,False,False,False,False,False,none,1.87,89.56,7.0,1,3,,,-18.66,-1.04,12.11,-0.86,,6.37,-0.01,0.72,0.07,,17.38,17.65,23.14,,True,2026-05-08,active_diversified|growth_focused|very_high_risk
JP90C000GMZ3,ｸﾞﾛｰﾊﾞﾙ･ﾊｲｸｵﾘﾃｨ成長株式ﾌｧﾝﾄﾞ(年2回決算型)(為替ﾍｯｼﾞなし),未来の世界（年２回決算型）,AMOne,先進国・新興国株式（広域）-為替ヘッジ無し,株式,world,0.06,0.62,0.11,False,False,False,False,False,none,1.87,1891.53,7.0,1,3,1,,-12.55,10.41,22.74,10.42,,14.37,0.62,1.15,0.53,,17.46,19.23,23.97,,True,2026-05-08,active_diversified|growth_focused|very_high_risk
JP90C000G425,欧州ﾊｲ･ｲｰﾙﾄﾞ債券ｵｰﾌﾟﾝ(1年決算型)円ｺｰｽ,,SBI岡三,ハイイールド債券（低格付）-為替ヘッジ有り,債券,world,0.06,0.62,0.11,False,False,False,False,False,none,1.723,2.09,7.0,1,2,3,,-1.63,0.84,2.04,-0.25,,0.89,0.12,0.76,-0.08,,2.02,2.3,4.08,,True,2026-05-08,low_risk
JP90C000FW65,ｸﾞﾛｰﾊﾞﾙEV関連株ﾌｧﾝﾄﾞ(為替ﾍｯｼﾞあり),ＥＶ革命,三井住友DS,先進国・新興国株式（広域）-為替ヘッジ有り,株式,world,0.06,0.62,0.11,False,False,False,False,False,none,1.793,60.72,7.0,,,,,61.7,69.5,14.46,5.81,,9.22,2.64,0.72,0.35,,20.68,21.63,23.08,,True,2026-05-08,very_high_risk
JP90C000FW73,ｸﾞﾛｰﾊﾞﾙEV関連株ﾌｧﾝﾄﾞ(為替ﾍｯｼﾞなし),ＥＶ革命,三井住友DS,先進国・新興国株式（広域）-為替ヘッジ無し,株式,world,0.06,0.62,0.11,False,False,False,False,False,none,1.793,641.84,7.0,5,3,3,,72.91,86.49,24.42,16.48,,15.92,3.25,1.07,0.75,,19.67,22.62,23.92,,True,2026-05-08,very_high_risk
JP90C000FWT7,三菱UFJ/ﾏｯｺｰﾘｰｸﾞﾛｰﾊﾞﾙ･ｲﾝﾌﾗ債券ﾌｧﾝﾄﾞ&lt;為替ﾍｯｼﾞあり&gt;(年1回決算型),世界のいしずえ,三菱UFJｱｾｯﾄ,北米債券-為替ヘッジ有り,債券,world,0.06,0.62,0.11,False,False,False,False,False,none,1.32,13.99,7.0,2,2,3,,-4.71,1.24,-1.57,-5.04,,-2.25,0.15,-0.23,-0.61,,4.62,7.08,8.19,,True,2026-05-08,medium_risk
JP90C000F617,ﾋﾟｸﾃ･ｾｷｭﾘﾃｨ･ﾌｧﾝﾄﾞ(為替ﾍｯｼﾞあり),,ﾋﾟｸﾃ,先進国株式（広域）-為替ヘッジ有り,株式,world,0.06,0.62,0.11,False,False,False,False,False,none,1.7908,32.17,7.0,1,1,1,,-2.05,6.77,7.57,-1.11,,5.03,0.42,0.48,0.03,,17.94,17.84,19.88,,True,2026-05-08,high_risk
JP90C000EYU4,ｱﾑﾝﾃﾞｨ･ｸﾞﾛｰﾊﾞﾙ･ｻｽﾃﾅﾌﾞﾙ･ﾊﾞﾘｭｰ･ﾌｧﾝﾄﾞ年2回決算型(為替ﾍｯｼﾞあり),サステナブル・ギフト,ｱﾑﾝﾃﾞｨ,先進国株式（広域）-為替ヘッジ有り,株式,world,0.06,0.62,0.11,False,False,False,False,False,none,1.608,4.3,7.0,2,2,2,,10.41,19.58,9.16,4.11,,4.32,1.43,0.84,0.38,,12.62,10.83,11.98,,True,2026-05-08,medium_risk
JP90C000EHM6,新･ﾐｭｰｽﾞﾆｯﾁ米国BDCﾌｧﾝﾄﾞ(為替ﾍｯｼﾞあり･年2回決算型),,ｱﾓｰｳﾞｧAM,分類対象外,株式,us,0.0,1.0,0.0,False,False,False,False,False,none,2.035,6.41,7.0,,,,,-5.37,-4.46,2.59,0.51,,1.15,-0.23,0.23,0.1,,16.73,14.04,15.33,,True,2026-05-08,high_risk|us_centric
JP90C000FP15,DWSﾕｰﾛ･ﾊｲ･ｲｰﾙﾄﾞ債券ﾌｧﾝﾄﾞ(年1回決算型)Dｺｰｽ(円ﾍｯｼﾞなし),,ﾄﾞｲﾁｪ,ハイイールド債券（低格付）-為替ヘッジ無し,債券,world,0.06,0.62,0.11,False,False,False,False,False,none,1.638,1.19,7.0,1,3,1,,5.3,15.64,12.37,8.56,,5.79,2.27,1.56,0.87,,6.23,7.44,9.75,,True,2026-05-08,medium_risk
JP90C000FPS3,新興国ハイクオリティ成長株式ファンド,未来の世界（新興国）,AMOne,新興国株式（広域）-為替ヘッジ無し,株式,em,0.0,0.0,1.0,False,False,False,False,False,none,1.87,628.44,7.0,1,1,1,,-7.86,12.05,14.49,2.81,,9.27,0.67,0.8,0.23,,18.58,18.63,22.27,,True,2026-05-08,active_diversified|em_centric|growth_focused|very_high_risk
JP90C000FNG3,ﾏﾆｭﾗｲﾌ･米国投資適格債券戦略ﾌｧﾝﾄﾞ Cｺｰｽ(為替ﾍｯｼﾞあり･年2回),,ﾏﾆｭﾗｲﾌ,北米債券-為替ヘッジ有り,債券,us,0.0,1.0,0.0,False,False,False,False,False,none,1.1525,2.85,7.0,1,2,1,,-3.93,-0.34,-2.06,-4.69,,-2.6,-0.21,-0.37,-0.81,,4.21,5.92,5.96,,True,2026-05-08,low_risk|us_centric
JP90C000FNH1,ﾏﾆｭﾗｲﾌ･米国投資適格債券戦略ﾌｧﾝﾄﾞ Dｺｰｽ(為替ﾍｯｼﾞなし･年2回),,ﾏﾆｭﾗｲﾌ,北米債券-為替ヘッジ無し,債券,us,0.0,1.0,0.0,False,False,False,False,False,none,1.1525,2.67,7.0,2,2,1,,2.67,10.6,7.12,6.05,,4.29,1.11,0.83,0.72,,8.86,8.35,8.37,,True,2026-05-08,medium_risk|us_centric
JP90C000BSZ1,コア資産形成ファンド,ビギナーズ ラップ,AMOne,バランス（可変配分）-為替ヘッジ無し,バランス,world,0.06,0.62,0.11,False,False,False,False,False,none,0.99,3.65,12.0,1,1,1,1,1.29,6.77,3.44,1.7,1.27,1.04,1.59,0.67,0.37,0.32,3.79,4.71,4.28,3.92,True,2026-05-08,low_risk
JP90C000BY59,ＨＳＢＣインド債券オープン（１年決算型）,,ＨＳＢＣ,インド債券-為替ヘッジ無し,債券,em,0.0,0.0,1.0,False,False,False,False,False,none,1.699,30.34,12.0,2,1,1,1,-10.48,-4.62,3.05,5.39,4.63,3.23,-0.42,0.31,0.56,0.5,11.36,10.38,9.97,9.84,True,2026-05-08,em_centric|medium_risk|thematic
JP90C000BPL7,ｱｾｯﾄｱﾛｹｰｼｮﾝ･ﾌｧﾝﾄﾞ(安定型),,三井住友DS,バランス（可変配分）-為替リスク低減,バランス,world,0.06,0.62,0.11,False,False,False,False,False,none,1.072,57.51,12.0,1,1,2,2,-0.92,5.97,2.55,-0.29,1.09,0.51,1.25,0.48,-0.07,0.21,4.21,4.89,5.08,5.66,True,2026-05-08,low_risk
JP90C000BPM5,ｱｾｯﾄｱﾛｹｰｼｮﾝ･ﾌｧﾝﾄﾞ(安定成長型),,三井住友DS,バランス（可変配分）-為替リスク低減,バランス,world,0.06,0.62,0.11,False,False,False,False,False,none,1.095,72.04,12.0,2,3,3,3,3.54,14.0,6.98,2.97,3.62,2.45,2.2,0.98,0.43,0.46,5.76,6.8,6.96,8.39,True,2026-05-08,low_risk
JP90C000BPN3,ｱｾｯﾄｱﾛｹｰｼｮﾝ･ﾌｧﾝﾄﾞ(成長型),,三井住友DS,バランス（可変配分）-為替リスク低減,バランス,world,0.06,0.62,0.11,False,False,False,False,False,none,1.098,36.72,12.0,3,3,3,4,6.5,19.21,9.7,4.98,5.12,3.58,2.48,1.13,0.6,0.53,6.95,8.21,8.4,10.33,True,2026-05-08,medium_risk
JP90C000C804,HSBCﾜｰﾙﾄﾞ･ｾﾚｸｼｮﾝ(安定ｺｰｽ),ゆめラップ,ＨＳＢＣ,バランス（可変配分）-為替リスク低減,バランス,world,0.06,0.62,0.11,False,False,False,False,False,none,1.303,118.98,12.0,1,1,1,1,-0.77,3.51,0.79,-1.71,0.21,0.31,0.89,0.13,-0.39,0.05,3.22,4.34,4.62,4.82,True,2026-05-08,low_risk
JP90C000C820,HSBCﾜｰﾙﾄﾞ･ｾﾚｸｼｮﾝ(安定成長ｺｰｽ),ゆめラップ,ＨＳＢＣ,バランス（可変配分）-為替リスク低減,バランス,world,0.06,0.62,0.11,False,False,False,False,False,none,1.303,255.19,12.0,2,2,2,3,2.94,9.18,4.26,0.9,2.37,2.39,1.91,0.74,0.15,0.37,4.32,5.42,6.22,6.87,True,2026-05-08,low_risk
JP90C000DDN5,日本金融ﾊｲﾌﾞﾘｯﾄﾞ証券ｵｰﾌﾟﾝ(年1回決算型) 円ﾍｯｼﾞありｺｰｽ,ジェイブリッド年１,SOMPO,ハイブリッド証券（高格付）-為替ヘッジ有り,株式,japan,1.0,0.0,0.0,False,False,False,False,False,none,0.924,4.38,7.0,,,,,-3.47,3.01,0.57,-2.49,,-0.22,0.92,0.09,-0.56,,2.59,3.62,4.65,,True,2026-05-08,japan_centric|low_risk
JP90C000DJ72,ﾀﾞｲﾜFEｸﾞﾛｰﾊﾞﾙ･ﾊﾞﾘｭｰ(為替ﾍｯｼﾞあり),,大和,先進国株式（広域）-為替リスク低減,株式,world,0.06,0.62,0.11,False,False,False,False,False,none,1.8725,135.34,7.0,3,2,2,,15.98,23.52,10.56,5.03,,5.47,1.91,0.98,0.47,,11.06,10.44,11.58,,True,2026-05-08,medium_risk
JP90C0007HK0,日興ﾚｼﾞｪﾝﾄﾞ･ｲｰｸﾞﾙ･ﾌｧﾝﾄﾞ(円ﾍｯｼﾞｺｰｽ),,ｱﾑﾝﾃﾞｨ,先進国株式（広域）-為替ヘッジ有り,株式,world,0.06,0.62,0.11,False,False,False,False,False,none,2.032,26.87,12.0,2,2,3,1,15.83,23.25,10.22,4.73,5.2,4.81,1.86,0.95,0.44,0.47,11.26,10.55,11.74,12.34,True,2026-05-08,medium_risk
JP90C0009525,ﾌｨﾃﾞﾘﾃｨ･ｽﾄﾗﾃｼﾞｯｸ･ｲﾝｶﾑ･ﾌｧﾝﾄﾞ(資産成長型)Cｺｰｽ(為替ﾍｯｼﾞ付き),悠々債券,ﾌｨﾃﾞﾘﾃｨ,先進国債券（広域・複合格付）-為替ヘッジ有り,債券,world,0.06,0.62,0.11,False,False,False,False,False,none,1.551,30.88,12.0,5,3,4,4,-0.48,3.14,0.54,-2.26,-0.14,-0.05,1.02,0.07,-0.46,-0.02,2.46,4.17,5.06,4.86,True,2026-05-08,low_risk
JP90C00095V2,日本復活成長株ファンド,ニッポンの輝,BNYﾒﾛﾝ,国内株式,株式,japan,1.0,0.0,0.0,False,False,False,False,False,none,1.914,147.41,12.0,2,1,1,1,37.31,40.85,15.53,8.54,12.1,10.36,2.46,0.9,0.55,0.71,14.14,17.36,17.12,18.46,True,2026-05-08,active_diversified|growth_focused|high_risk|japan_centric
JP90C00092D7,JPM北米高配当･成長株ﾌｧﾝﾄﾞ(米ﾄﾞﾙ対円ﾍｯｼﾞあり､3ヵ月決算型),,JPﾓﾙｶﾞﾝ,米国株式-為替リスク低減,株式,world,0.06,0.62,0.11,False,False,False,False,False,none,1.705,1.77,12.0,,,,,20.32,18.84,6.62,3.05,7.13,7.48,1.72,0.59,0.28,0.52,9.95,11.52,13.07,15.49,True,2026-05-08,active_diversified|dividend_focused|growth_focused|medium_risk
JP90C0009J49,ﾌﾞﾗｯｸﾛｯｸ･ﾍﾙｽｻｲｴﾝｽ･ﾌｧﾝﾄﾞ(為替ﾍｯｼﾞあり),,ﾌﾞﾗｯｸﾛｯｸ,先進国株式（広域）-為替ヘッジ有り,株式,world,0.06,0.62,0.11,False,False,False,False,False,none,1.674,6.34,12.0,1,1,1,2,-3.9,-0.1,-2.26,-1.29,4.69,5.7,0.02,-0.14,-0.04,0.38,13.93,12.84,14.04,14.84,True,2026-05-08,medium_risk
JP90C0009PU8,ﾌﾗﾝｸﾘﾝ･ﾃﾝﾌﾟﾙﾄﾝ･ｵｰｽﾄﾗﾘｱ債券ﾌｧﾝﾄﾞ(年2回決算型),,ﾌﾗﾝｸﾘﾝ･ﾃﾝﾌﾟﾙﾄﾝ,オセアニア債券-為替ヘッジ無し,債券,world,0.06,0.62,0.11,False,False,False,False,False,none,1.375,3.38,12.0,3,3,2,3,19.89,20.25,9.06,4.97,4.3,3.24,2.15,0.93,0.5,0.44,8.47,9.44,10.42,10.8,True,2026-05-08,medium_risk
JP90C0009HE9,ﾀﾌ･ｱﾒﾘｶ(為替ﾍｯｼﾞあり 資産成長型),,三井住友DS,バランス（可変配分）-為替ヘッジ有り,バランス,world,0.06,0.62,0.11,False,False,False,False,False,none,1.8825,3.32,12.0,2,2,3,3,6.66,7.6,2.6,-0.13,1.79,2.03,1.18,0.35,0.01,0.23,5.81,7.13,8.48,9.1,True,2026-05-08,medium_risk
JP90C000BA73,ｽﾏｰﾄ･ｸｵﾘﾃｨ･ｵｰﾌﾟﾝ(安定型)(1年決算型),スマラップＮ,三菱UFJｱｾｯﾄ,バランス（固定配分・低リスク）-為替ヘッジ無し,バランス,world,0.06,0.62,0.11,False,False,False,False,False,none,1.78,43.32,12.0,1,1,1,1,-0.43,3.8,1.86,1.44,1.47,1.31,0.82,0.39,0.29,0.32,3.87,4.19,4.65,4.6,True,2026-05-08,low_risk
JP90C000BA99,ｽﾏｰﾄ･ｸｵﾘﾃｨ･ｵｰﾌﾟﾝ(成長型)(1年決算型),スマラップＮ,三菱UFJｱｾｯﾄ,バランス（固定配分・高リスク）-為替ヘッジ無し,バランス,world,0.06,0.62,0.11,False,False,False,False,False,none,2.0,38.37,12.0,1,1,1,1,13.87,22.56,12.73,9.47,7.77,6.21,2.4,1.39,0.96,0.76,8.36,8.7,9.77,10.5,True,2026-05-08,medium_risk
JP90C000B095,スマート・クオリティ・オープン（安定型）,スマラップ,三菱UFJｱｾｯﾄ,バランス（固定配分・低リスク）-為替ヘッジ無し,バランス,world,0.06,0.62,0.11,False,False,False,False,False,none,1.78,444.36,12.0,1,1,1,1,-0.5,3.68,1.73,1.38,1.46,1.32,0.79,0.36,0.28,0.32,3.88,4.19,4.66,4.61,True,2026-05-08,low_risk
JP90C000B0A9,ｽﾏｰﾄ･ｸｵﾘﾃｨ･ｵｰﾌﾟﾝ(安定成長型),スマラップ,三菱UFJｱｾｯﾄ,バランス（固定配分・中リスク）-為替ヘッジ無し,バランス,world,0.06,0.62,0.11,False,False,False,False,False,none,1.89,146.27,12.0,1,1,1,1,5.31,11.26,6.26,4.78,4.23,3.49,1.8,1.0,0.7,0.61,5.66,5.93,6.78,7.11,True,2026-05-08,low_risk
JP90C000ALV7,ﾆｯｾｲ欧州株式厳選ﾌｧﾝﾄﾞ ﾘｽｸｺﾝﾄﾛｰﾙｺｰｽ,,ﾆｯｾｲ,欧州株式-為替ヘッジ無し,株式,world,0.06,0.62,0.11,False,False,False,False,False,none,1.87,8.63,12.0,1,1,1,1,11.72,12.67,8.01,6.9,6.74,3.47,1.07,0.67,0.55,0.52,11.19,12.09,13.48,14.28,True,2026-05-08,active_concentrated|medium_risk
JP90C0009Y81,日本中小型成長株アクティブ・ファンド,ニッポンの翼,BNYﾒﾛﾝ,国内株式（中小型）,株式,japan,1.0,0.0,0.0,False,False,False,False,False,none,1.914,174.9,12.0,5,5,4,3,96.57,78.53,25.45,12.3,12.05,12.14,3.16,1.36,0.72,0.66,18.8,17.59,18.06,20.46,True,2026-05-08,active_diversified|growth_focused|high_risk|japan_centric
JP90C0002HZ9,明治安田外国債券オープン,夢実現,明治安田ＡＭ,先進国債券（広域・高格付）-為替ヘッジ無し,債券,world,0.06,0.62,0.11,False,False,False,False,False,none,1.265,5.58,12.0,1,1,1,1,5.32,11.03,6.98,4.68,3.35,3.77,1.48,0.92,0.63,0.48,6.82,7.26,7.44,7.28,True,2026-05-08,low_risk
JP90C0002215,中国Ａ株ファンド,黄河,ｱﾓｰｳﾞｧAM,中国・香港株式-為替ヘッジ無し,株式,em,0.0,0.0,1.0,False,False,False,False,False,none,2.31,26.86,12.0,5,4,4,3,42.79,85.83,13.72,2.84,7.43,6.85,3.06,0.65,0.23,0.43,20.84,23.6,22.32,22.51,True,2026-05-08,em_centric|very_high_risk
JP90C00020K3,日興エボリューション,,ｱﾓｰｳﾞｧAM,国内株式,株式,world,0.06,0.62,0.11,False,False,False,False,False,none,1.749,90.29,12.0,1,1,1,1,26.37,17.71,9.77,6.93,9.45,1.65,1.2,0.73,0.53,0.58,13.85,13.73,14.15,18.43,True,2026-05-08,medium_risk
JP90C0001UT7,損保ジャパン外国債券ファンド,,SOMPO,先進国債券（広域・高格付）-為替ヘッジ有り,債券,world,0.06,0.62,0.11,False,False,False,False,False,none,0.99,9.88,12.0,1,1,1,1,-3.88,-2.37,-2.71,-5.38,-2.56,0.21,-1.07,-0.69,-1.09,-0.55,2.78,4.28,5.13,4.63,True,2026-05-08,low_risk
JP90C000MR48,ｸﾞﾛｰﾊﾞﾙｲﾝﾊﾟｸﾄ投資ﾌｧﾝﾄﾞ(気候変動),,りそな,先進国株式（広域）-為替ヘッジ無し,株式,world,0.06,0.62,0.11,False,False,False,False,False,none,1.65,11.05,4.0,1,1,,,9.92,25.19,10.15,,,2.75,1.86,0.7,,,12.16,15.1,,,True,2026-05-08,high_risk
JP90C000MS05,ﾆｯｾｲSDGsｲﾝｶﾑﾌｧﾝﾄﾞ(予想分配金提示型･為替ﾍｯｼﾞあり),,ﾆｯｾｲ,先進国債券（広域・高格付）-為替ヘッジ有り,債券,world,0.06,0.62,0.11,False,False,False,False,False,none,0.913,0.15,4.0,3,3,,,-3.3,0.58,-0.91,,,-4.64,0.0,-0.23,,,3.13,4.77,,,True,2026-05-08,low_risk
JP90C000MXZ8,ｲﾝﾍﾞｽｺ 世界消費関連成長株ﾌｧﾝﾄﾞ Aｺｰｽ(為替ﾍｯｼﾞあり),トレンド・シフト,ｲﾝﾍﾞｽｺ,先進国・新興国株式（広域）-為替ヘッジ有り,株式,world,0.06,0.62,0.11,False,False,False,False,False,none,1.5675,2.7,4.0,,,,,-19.82,28.18,14.12,,,0.89,0.97,0.64,,,29.62,24.82,,,True,2026-05-08,active_diversified|global_diversified|growth_focused|very_high_risk
JP90C000NX80,ｲﾉﾍﾞｰｼｮﾝ･ｲﾝｻｲﾄ世界株式戦略ﾌｧﾝﾄﾞ(資産成長型),,三井住友TAM,先進国株式（広域）-為替ヘッジ無し,株式,world,0.06,0.62,0.11,False,False,False,False,False,none,1.848,151.02,4.0,3,3,,,4.21,41.86,29.66,,,28.51,1.83,1.26,,,19.87,22.38,,,True,2026-05-08,global_diversified|very_high_risk
JP90C000P8M1,ﾌｨﾃﾞﾘﾃｨ･ｸﾞﾛｰｽ･ｵﾎﾟﾁｭﾆﾃｨ･ﾌｧﾝﾄﾞ Aｺｰｽ(為替ﾍｯｼﾞあり),,ﾌｨﾃﾞﾘﾃｨ,米国株式-為替ヘッジ有り,株式,world,0.06,0.62,0.11,False,False,False,False,False,none,1.6445,155.35,4.0,4,5,,,5.1,33.52,24.89,,,23.85,1.58,1.2,,,19.15,19.85,,,True,2026-05-08,high_risk
JP90C000PDF5,米国超長期ﾌﾟﾗｲﾑ社債ﾌｧﾝﾄﾞ(1年決算型),ＵＳプライム,ｱﾓｰｳﾞｧAM,北米債券-為替ヘッジ無し,債券,us,0.0,1.0,0.0,False,False,False,False,False,none,0.759,62.2,4.0,2,2,,,-2.17,12.87,5.62,,,6.94,1.17,0.5,,,10.24,11.58,,,True,2026-05-08,medium_risk|us_centric
JP90C000PZF8,VTX生涯設計ﾌﾟﾗｽ60/40(資産成長型),,ﾊﾞｰﾃｯｸｽ,バランス（固定配分・中リスク）-為替リスク低減,バランス,world,0.06,0.62,0.11,False,False,False,False,False,none,1.199,27.89,1.5,4,,,,9.82,18.93,,,,11.68,2.28,,,,7.47,,,,True,2026-05-08,medium_risk
JP90C000PXL1,米国地方債ﾌｧﾝﾄﾞ 為替ﾍｯｼﾞあり(奇数月決算型),,三井住友TAM,北米債券-為替ヘッジ有り,債券,us,0.0,1.0,0.0,False,False,False,False,False,none,1.188,3.29,1.5,5,,,,-2.68,0.83,,,,0.64,0.07,,,,3.67,,,,True,2026-05-08,medium_risk|us_centric
JP90C000PXM9,米国地方債ﾌｧﾝﾄﾞ 為替ﾍｯｼﾞなし(奇数月決算型),,三井住友TAM,北米債券-為替ヘッジ無し,債券,us,0.0,1.0,0.0,False,False,False,False,False,none,1.188,12.21,1.5,4,,,,4.08,12.87,,,,7.67,1.32,,,,9.03,,,,True,2026-05-08,medium_risk|us_centric
JP90C000Q4V0,スタイル9（6資産分散・バランス型）,,大和,バランス（可変配分）-為替ヘッジ無し,バランス,world,0.06,0.62,0.11,False,False,False,False,False,none,0.825,2.87,1.5,2,,,,9.76,19.95,,,,12.11,2.69,,,,6.63,,,,True,2026-05-08,broad_market|medium_risk
JP90C000Q4S6,スタイル9（4資産分散・バランス型）,,大和,バランス（可変配分）-為替ヘッジ無し,バランス,world,0.06,0.62,0.11,False,False,False,False,False,none,0.825,1.5,1.5,2,,,,9.82,19.74,,,,12.26,2.69,,,,6.56,,,,True,2026-05-08,broad_market|medium_risk
JP90C000PKC7,GSﾜｰﾙﾄﾞ･ｼﾌﾄ株式ﾌｧﾝﾄﾞAｺｰｽ(限定為替ﾍｯｼﾞ),ｓｈｉｆｔＷＩＮ,ｺﾞｰﾙﾄﾞﾏﾝ,先進国株式（広域）-為替リスク低減,株式,world,0.06,0.62,0.11,False,False,False,False,False,none,1.7875,58.92,1.5,5,,,,32.06,44.67,,,,17.73,2.78,,,,13.42,,,,True,2026-05-08,medium_risk
JP90C000RAF7,日本高株主還元ファンド（年１回決算型）,かんげんの果実（年１回）,りそな,国内株式,株式,japan,1.0,0.0,0.0,False,False,False,False,False,none,0.836,8.08,1.5,1,,,,16.99,21.38,,,,13.1,1.51,,,,13.02,,,,True,2026-05-08,japan_centric|medium_risk
JP90C000RAH3,日本高株主還元ファンド（年４回決算型）,かんげんの果実（年４回）,りそな,国内株式,株式,japan,1.0,0.0,0.0,False,False,False,False,False,none,0.836,6.27,1.5,1,,,,16.5,21.19,,,,13.09,1.49,,,,13.08,,,,True,2026-05-08,japan_centric|medium_risk
JP90C000RAJ9,先進国高利益成長ファンド（年１回決算型）,せいちょうの実り（年１回）,りそな,先進国株式（広域）-為替ヘッジ無し,株式,world,0.06,0.62,0.11,False,False,False,False,False,none,0.88,8.16,1.5,1,,,,3.26,18.87,,,,5.08,1.29,,,,13.64,,,,True,2026-05-08,developed_only|medium_risk
JP90C000RAK7,先進国高利益成長ﾌｧﾝﾄﾞ(年4回決算･予想分配金提示型),せいちょうの実り（年４回）,りそな,先進国株式（広域）-為替ヘッジ無し,株式,world,0.06,0.62,0.11,False,False,False,False,False,none,0.88,6.94,1.5,1,,,,3.4,18.91,,,,5.16,1.3,,,,13.62,,,,True,2026-05-08,developed_only|medium_risk
JP90C000QWF3,BNY米国ｴｸｾﾚﾝﾄ･ﾊﾞﾘｭｰ･ﾌｧﾝﾄﾞ,,BNYﾒﾛﾝ,米国株式-為替ヘッジ無し,株式,us,0.0,1.0,0.0,False,False,False,False,False,none,1.595,114.14,1.5,3,,,,36.77,41.23,,,,16.83,2.68,,,,12.98,,,,True,2026-05-08,medium_risk|us_centric
JP90C000RNB9,ﾌｨﾃﾞﾘﾃｨ･欧州割安成長株投信 Aｺｰｽ(為替ﾍｯｼﾞあり),テンバガー・ハンター・ヨーロッパ,ﾌｨﾃﾞﾘﾃｨ,欧州株式-為替ヘッジ有り,株式,world,0.06,0.62,0.11,False,False,False,False,False,none,1.6445,3.73,1.5,,,,,7.45,6.96,,,,4.88,0.65,,,,10.23,,,,True,2026-05-08,active_diversified|growth_focused|medium_risk|value_focused
JP90C000RE14,インド中小型成長株式ファンド,ゴールデン・インディア,三井住友TAM,インド株式-為替ヘッジ無し,株式,em,0.0,0.0,1.0,False,False,False,False,False,none,1.96952,24.96,1.5,5,,,,-13.25,4.81,,,,0.28,0.33,,,,15.87,,,,True,2026-05-08,active_diversified|em_centric|growth_focused|medium_risk|thematic
JP90C000RKX9,米国マイクロキャップ株式ファンド,,SBI岡三,米国株式-為替ヘッジ無し,株式,us,0.0,1.0,0.0,False,False,False,False,False,none,1.958,37.87,1.5,5,,,,62.2,65.22,,,,46.72,3.13,,,,16.32,,,,True,2026-05-08,medium_risk|us_centric
JP90C000RGH0,SBIｻｳｼﾞｱﾗﾋﾞｱ株式ｲﾝﾃﾞｯｸｽ･ﾌｧﾝﾄﾞ,ＳＢＩサウジ株インデックス,SBI,新興国株式（その他単一国）-為替ヘッジ無し,株式,world,0.06,0.62,0.11,False,False,False,False,False,none,0.1925,5.07,1.5,1,,,,0.26,10.15,,,,0.98,0.65,,,,15.72,,,,True,2026-05-08,medium_risk
JP90C000QDJ5,ﾊﾟｲﾝﾌﾞﾘｯｼﾞ割安優良債券ﾌｧﾝﾄﾞ(資産成長型),ボンドレーダー,ﾊﾟｲﾝﾌﾞﾘｯｼﾞ,北米債券-為替ヘッジ無し,債券,world,0.06,0.62,0.11,False,False,False,False,False,none,1.103,1.54,1.5,4,,,,3.25,12.67,,,,6.41,1.38,,,,8.45,,,,True,2026-05-08,low_risk|value_focused
JP90C000QD57,ﾙｰﾐｽ米国投資適格債券ﾌｧﾝﾄﾞ｢年2回決算型｣,,AMOne,北米債券-為替ヘッジ無し,債券,us,0.0,1.0,0.0,False,False,False,False,False,none,0.935,261.32,1.5,2,,,,3.53,11.7,,,,5.85,1.27,,,,8.52,,,,True,2026-05-08,low_risk|us_centric
JP90C000QBL5,ｲﾉﾍﾞｰｼｮﾝ･ｲﾝｻｲﾄ 世界株式戦略ﾌｧﾝﾄﾞ(予想分配金提示型･奇数月決算型),,三井住友TAM,先進国株式（広域）-為替ヘッジ無し,株式,world,0.06,0.62,0.11,False,False,False,False,False,none,1.848,21.31,1.5,3,,,,4.13,41.07,,,,19.44,1.82,,,,19.65,,,,True,2026-05-08,global_diversified|medium_risk
JP90C000Q796,米国製造業株式ファンド（年4回決算型）,ＵＳルネサンス（年４回決算型）,BNYﾒﾛﾝ,米国株式-為替ヘッジ無し,株式,us,0.0,1.0,0.0,False,False,False,False,False,none,1.87,60.89,1.5,5,,,,40.36,77.05,,,,31.53,2.56,,,,23.18,,,,True,2026-05-08,medium_risk|us_centric
JP90C000Q5K0,VTX生涯設計ﾌﾟﾗｽ30/70(年3%目標払出型),,ﾊﾞｰﾃｯｸｽ,バランス（固定配分・中リスク）-為替リスク低減,バランス,world,0.06,0.62,0.11,False,False,False,False,False,none,1.261,61.82,1.5,2,,,,1.68,7.34,,,,3.94,1.81,,,,3.61,,,,True,2026-05-08,medium_risk
JP90C000Q7V3,NWQﾌﾚｷｼﾌﾞﾙ･ｲﾝｶﾑﾌｧﾝﾄﾞ 為替ﾍｯｼﾞあり(奇数月決算型),,三井住友TAM,バランス（可変配分）-為替ヘッジ有り,バランス,world,0.06,0.62,0.11,False,False,False,False,False,none,1.6775,0.06,1.5,4,,,,6.72,9.61,,,,2.28,2.08,,,,4.15,,,,True,2026-05-08,medium_risk
JP90C000QXN5,ﾏｽﾀｰｽﾞ･ﾏﾙﾁｱｾｯﾄ･ﾌｧﾝﾄﾞ(安定型),みらいへの羅針盤（安定型）,AMOne,バランス（可変配分）-為替リスク低減,バランス,world,0.06,0.62,0.11,False,False,False,False,False,none,1.6379,11.38,1.5,2,,,,6.22,10.14,,,,3.14,1.67,,,,5.5,,,,True,2026-05-08,medium_risk
JP90C000QXP0,ﾏｽﾀｰｽﾞ･ﾏﾙﾁｱｾｯﾄ･ﾌｧﾝﾄﾞ(ﾊﾞﾗﾝｽ型),みらいへの羅針盤（バランス型）,AMOne,バランス（可変配分）-為替リスク低減,バランス,world,0.06,0.62,0.11,False,False,False,False,False,none,1.6379,37.36,1.5,4,,,,11.68,20.59,,,,10.25,2.86,,,,6.42,,,,True,2026-05-08,medium_risk
JP90C000QXQ8,ﾏｽﾀｰｽﾞ･ﾏﾙﾁｱｾｯﾄ･ﾌｧﾝﾄﾞ(積極型),みらいへの羅針盤（積極型）,AMOne,バランス（可変配分）-為替リスク低減,バランス,world,0.06,0.62,0.11,False,False,False,False,False,none,1.6379,13.34,1.5,4,,,,16.49,27.5,,,,15.06,2.91,,,,8.26,,,,True,2026-05-08,medium_risk
JP90C000QY37,iFreeNEXTベトナム株インデックス,,大和,新興国株式（その他単一国）-為替ヘッジ無し,株式,world,0.06,0.62,0.11,True,False,False,False,False,none,0.781,155.9,1.5,4,,,,15.91,61.8,,,,17.17,2.45,,,,20.26,,,,True,2026-05-08,medium_risk|passive_index
JP90C000SS25,ﾌｨﾃﾞﾘﾃｨ･ｸﾘﾌﾟﾄ･ﾃﾞｼﾞﾀﾙ決済関連株ﾌｧﾝﾄﾞ(資産成長型)(ｸﾘﾌﾟﾄ･ﾌﾛﾝﾃｨｱ,クリプト・フロンティア,ﾌｨﾃﾞﾘﾃｨ,先進国・新興国株式（広域）-為替ヘッジ無し,株式,world,0.06,0.62,0.11,False,False,False,False,False,none,1.4575,0.0,,,,,,,,,,,,,,,,,,,,True,2026-05-08,medium_risk
JP90C000SQ50,グローバルＡＺボンドファンド,,楽天,先進国債券（広域・高格付）-為替ヘッジ無し,債券,world,0.06,0.62,0.11,False,False,False,False,False,none,1.0125,0.11,,,,,,,,,,,,,,,,,,,,True,2026-05-08,global_diversified|low_risk
JP90C000RYT8,のむﾗｯﾌﾟ･ﾌｧﾝﾄﾞ(保守型)年3%目標分配金受取型,,野村,バランス（固定配分・低リスク）-為替ヘッジ無し,バランス,world,0.06,0.62,0.11,False,False,False,False,False,none,1.28,2.31,,,,,,-0.73,,,,,3.01,,,,,,,,,True,2026-05-08,medium_risk
JP90C000RYU6,のむﾗｯﾌﾟ･ﾌｧﾝﾄﾞ(積極型)年3%目標分配金受取型,,野村,バランス（固定配分・高リスク）-為替ヘッジ無し,バランス,world,0.06,0.62,0.11,False,False,False,False,False,none,1.6,14.07,,,,,,16.82,,,,,23.68,,,,,,,,,True,2026-05-08,medium_risk
JP90C000S4Z9,ﾆｭｰﾊﾞｰｶﾞｰ･ｲﾝﾄﾞ成長株ﾌｧﾝﾄﾞ(資産成長型),,朝日ﾗｲﾌ,インド株式-為替ヘッジ無し,株式,world,0.06,0.62,0.11,False,False,False,False,False,none,1.848,95.02,,,,,,-17.15,,,,,-2.77,,,,,,,,,True,2026-05-08,active_diversified|growth_focused|medium_risk
JP90C000S503,ﾆｭｰﾊﾞｰｶﾞｰ･ｲﾝﾄﾞ成長株ﾌｧﾝﾄﾞ(年4回決算型),,朝日ﾗｲﾌ,インド株式-為替ヘッジ無し,株式,world,0.06,0.62,0.11,False,False,False,False,False,none,1.848,43.45,,,,,,-17.26,,,,,-2.49,,,,,,,,,True,2026-05-08,active_diversified|growth_focused|medium_risk
JP90C000S420,ﾌｨﾃﾞﾘﾃｨ･ｱｸﾃｨﾌﾞ･ﾗｯﾌﾟﾌｧﾝﾄﾞ(ｽﾀﾝﾀﾞｰﾄﾞ),フィデラップ,ﾌｨﾃﾞﾘﾃｨ,バランス（固定配分・低リスク）-為替リスク低減,バランス,world,0.06,0.62,0.11,False,False,False,False,False,none,1.65,1.05,,,,,,2.37,,,,,3.46,,,,,,,,,True,2026-05-08,medium_risk
